ISO-10303-21;
HEADER;
FILE_DESCRIPTION (( 'STEP AP214' ),
    '1' );
FILE_NAME ('ControlAttachments.STEP',
    '2026-09-08T23:05:38',
    ( 'Windows User' ),
    ( '' ),
    'SwSTEP 2.0',
    'SolidWorks 2025',
    '' );
FILE_SCHEMA (( 'AUTOMOTIVE_DESIGN' ));
ENDSEC;

DATA;
#1 = DIRECTION ( 'NONE',  ( 0.000000000000000000, 0.000000000000000000, 1.000000000000000000 ) ) ;
#2 = ORIENTED_EDGE ( 'NONE', *, *, #813, .T. ) ;
#3 = VERTEX_POINT ( 'NONE', #1308 ) ;
#4 = DIRECTION ( 'NONE',  ( 2.428612866367529932E-16, -0.000000000000000000, -1.000000000000000000 ) ) ;
#5 = LINE ( 'NONE', #949, #1584 ) ;
#6 = DIRECTION ( 'NONE',  ( -1.000000000000000000, 0.000000000000000000, -6.938893903907228378E-17 ) ) ;
#7 = DIRECTION ( 'NONE',  ( -0.000000000000000000, -0.000000000000000000, -1.000000000000000000 ) ) ;
#8 = FACE_OUTER_BOUND ( 'NONE', #1363, .T. ) ;
#9 = CIRCLE ( 'NONE', #1685, 1.000000000000000000 ) ;
#10 = FACE_BOUND ( 'NONE', #561, .T. ) ;
#11 = EDGE_CURVE ( 'NONE', #1227, #1310, #124, .T. ) ;
#12 = ORIENTED_EDGE ( 'NONE', *, *, #1497, .F. ) ;
#13 = AXIS2_PLACEMENT_3D ( 'NONE', #1278, #1271, #1551 ) ;
#14 = ORIENTED_EDGE ( 'NONE', *, *, #85, .T. ) ;
#15 = FACE_BOUND ( 'NONE', #623, .T. ) ;
#16 = SHAPE_DEFINITION_REPRESENTATION ( #836, #77 ) ;
#17 = LINE ( 'NONE', #385, #1272 ) ;
#18 = ADVANCED_FACE ( 'NONE', ( #1027 ), #617, .T. ) ;
#19 = CARTESIAN_POINT ( 'NONE',  ( -25.00000000000000000, 2.000000000000000000, 4.999999999999998224 ) ) ;
#20 = VECTOR ( 'NONE', #191, 1000.000000000000000 ) ;
#21 = CYLINDRICAL_SURFACE ( 'NONE', #1219, 2.000000000000000000 ) ;
#22 = VERTEX_POINT ( 'NONE', #1037 ) ;
#23 = ADVANCED_FACE ( 'NONE', ( #260 ), #1555, .F. ) ;
#24 = ORIENTED_EDGE ( 'NONE', *, *, #680, .F. ) ;
#25 = AXIS2_PLACEMENT_3D ( 'NONE', #192, #457, #708 ) ;
#27 = CIRCLE ( 'NONE', #991, 1.000000000000000000 ) ;
#26 = CARTESIAN_POINT ( 'NONE',  ( 0.000000000000000000, 8.000000000000000000, 1.250000000000000000 ) ) ;
#28 = EDGE_CURVE ( 'NONE', #280, #87, #494, .T. ) ;
#29 = AXIS2_PLACEMENT_3D ( 'NONE', #659, #308, #825 ) ;
#30 = DIRECTION ( 'NONE',  ( -0.8660254037844387076, -0.4999999999999998335, -0.000000000000000000 ) ) ;
#31 = ORIENTED_EDGE ( 'NONE', *, *, #402, .F. ) ;
#32 = VERTEX_POINT ( 'NONE', #835 ) ;
#33 = FACE_BOUND ( 'NONE', #1525, .T. ) ;
#34 = ADVANCED_FACE ( 'NONE', ( #8 ), #310, .T. ) ;
#35 = CARTESIAN_POINT ( 'NONE',  ( -24.00000000000000000, 6.000000000000000000, 3.999999999999998224 ) ) ;
#36 = ORIENTED_EDGE ( 'NONE', *, *, #174, .T. ) ;
#37 = VECTOR ( 'NONE', #164, 1000.000000000000000 ) ;
#38 = AXIS2_PLACEMENT_3D ( 'NONE', #1277, #1293, #108 ) ;
#39 = EDGE_CURVE ( 'NONE', #57, #368, #816, .T. ) ;
#40 = EDGE_LOOP ( 'NONE', ( #1338, #824, #269, #1320 ) ) ;
#41 = CARTESIAN_POINT ( 'NONE',  ( -23.00000000000000000, 8.000000000000000000, 3.250000000000000444 ) ) ;
#42 = EDGE_CURVE ( 'NONE', #705, #57, #1590, .T. ) ;
#43 = FACE_OUTER_BOUND ( 'NONE', #974, .T. ) ;
#44 = FACE_OUTER_BOUND ( 'NONE', #375, .T. ) ;
#45 = ORIENTED_EDGE ( 'NONE', *, *, #570, .F. ) ;
#46 = VERTEX_POINT ( 'NONE', #677 ) ;
#47 = CARTESIAN_POINT ( 'NONE',  ( -22.12500000000000000, 2.773130677972048819, 3.000000000000000000 ) ) ;
#48 = CARTESIAN_POINT ( 'NONE',  ( 5.681219383824043234E-15, 4.000000000000000000, 1.099999999999983213 ) ) ;
#49 = AXIS2_PLACEMENT_3D ( 'NONE', #334, #873, #1396 ) ;
#50 = CARTESIAN_POINT ( 'NONE',  ( 1.561251128379126385E-15, 2.000000000000000000, -4.000000000000000000 ) ) ;
#51 = ORIENTED_EDGE ( 'NONE', *, *, #88, .F. ) ;
#52 = EDGE_LOOP ( 'NONE', ( #1495, #1661, #1005, #14, #156, #752 ) ) ;
#53 = LINE ( 'NONE', #1499, #1701 ) ;
#54 = CARTESIAN_POINT ( 'NONE',  ( 1.214306433183765163E-15, 8.000000000000000000, -5.000000000000000000 ) ) ;
#55 = EDGE_CURVE ( 'NONE', #1541, #1612, #1464, .T. ) ;
#56 = DIRECTION ( 'NONE',  ( -1.000000000000000000, 0.000000000000000000, -2.428612866367529932E-16 ) ) ;
#57 = VERTEX_POINT ( 'NONE', #728 ) ;
#58 = EDGE_CURVE ( 'NONE', #429, #1428, #1491, .T. ) ;
#59 = ORIENTED_EDGE ( 'NONE', *, *, #1670, .F. ) ;
#60 = AXIS2_PLACEMENT_3D ( 'NONE', #442, #303, #1256 ) ;
#61 = CIRCLE ( 'NONE', #1633, 1.100000000000000089 ) ;
#62 = DIRECTION ( 'NONE',  ( -0.000000000000000000, -0.000000000000000000, -1.000000000000000000 ) ) ;
#63 = CARTESIAN_POINT ( 'NONE',  ( -2.775557561562891351E-16, 1.000000000000000000, 4.000000000000000000 ) ) ;
#64 =( LENGTH_UNIT ( ) NAMED_UNIT ( * ) SI_UNIT ( .MILLI., .METRE. ) );
#65 = PLANE ( 'NONE',  #1309 ) ;
#66 = ORIENTED_EDGE ( 'NONE', *, *, #907, .T. ) ;
#67 = ORIENTED_EDGE ( 'NONE', *, *, #1234, .T. ) ;
#68 = CARTESIAN_POINT ( 'NONE',  ( -23.00000000000000000, 1.000000000000000000, -4.000000000000005329 ) ) ;
#69 = CARTESIAN_POINT ( 'NONE',  ( 0.000000000000000000, 0.000000000000000000, -3.000000000000000000 ) ) ;
#70 = CARTESIAN_POINT ( 'NONE',  ( -24.00000000000000000, 6.000000000000000000, 4.999999999999998224 ) ) ;
#71 = CARTESIAN_POINT ( 'NONE',  ( -20.00000000000000355, 6.453738644055909468, 5.000000000000000000 ) ) ;
#72 = EDGE_CURVE ( 'NONE', #22, #905, #168, .T. ) ;
#73 = ORIENTED_EDGE ( 'NONE', *, *, #373, .T. ) ;
#74 = CARTESIAN_POINT ( 'NONE',  ( -14.17157287525381193, 8.000000000000000000, 2.078427124746190735 ) ) ;
#75 = AXIS2_PLACEMENT_3D ( 'NONE', #54, #160, #565 ) ;
#76 = AXIS2_PLACEMENT_3D ( 'NONE', #412, #1060, #801 ) ;
#77 = ADVANCED_BREP_SHAPE_REPRESENTATION ( 'ControlAttachments', ( #1214, #1530 ), #1500 ) ;
#78 = ORIENTED_EDGE ( 'NONE', *, *, #528, .T. ) ;
#79 = VECTOR ( 'NONE', #803, 1000.000000000000000 ) ;
#80 = CARTESIAN_POINT ( 'NONE',  ( -21.00000000000000000, 4.000000000000000000, -1.249999999999999334 ) ) ;
#81 = PLANE ( 'NONE',  #1113 ) ;
#82 = DIRECTION ( 'NONE',  ( -0.000000000000000000, -1.000000000000000000, -0.000000000000000000 ) ) ;
#83 = FACE_OUTER_BOUND ( 'NONE', #313, .T. ) ;
#84 = ORIENTED_EDGE ( 'NONE', *, *, #1084, .F. ) ;
#85 = EDGE_CURVE ( 'NONE', #3, #459, #975, .T. ) ;
#86 = LINE ( 'NONE', #1028, #1376 ) ;
#87 = VERTEX_POINT ( 'NONE', #572 ) ;
#88 = EDGE_CURVE ( 'NONE', #1045, #819, #985, .T. ) ;
#89 = VECTOR ( 'NONE', #476, 1000.000000000000000 ) ;
#90 = DIRECTION ( 'NONE',  ( 0.4999999999999998335, -0.8660254037844388186, 0.000000000000000000 ) ) ;
#91 = PLANE ( 'NONE',  #1554 ) ;
#92 = EDGE_CURVE ( 'NONE', #459, #46, #53, .T. ) ;
#93 = CARTESIAN_POINT ( 'NONE',  ( -24.00000000000000000, 6.000000000000000000, -5.000000000000006217 ) ) ;
#94 = ORIENTED_EDGE ( 'NONE', *, *, #768, .F. ) ;
#95 = DIRECTION ( 'NONE',  ( -1.000000000000000000, 0.000000000000000000, 0.000000000000000000 ) ) ;
#96 = ORIENTED_EDGE ( 'NONE', *, *, #1089, .F. ) ;
#97 = CARTESIAN_POINT ( 'NONE',  ( -25.00000000000000000, 2.000000000000000000, 1.250000000000000000 ) ) ;
#98 = CARTESIAN_POINT ( 'NONE',  ( -2.000000000000000000, 8.000000000000000000, 4.000000000000000888 ) ) ;
#99 = CARTESIAN_POINT ( 'NONE',  ( -1.999999999999998224, 1.000000000000000000, -4.000000000000000888 ) ) ;
#100 = CARTESIAN_POINT ( 'NONE',  ( -22.12500000000000000, 2.773130677972048819, 5.000000000000000000 ) ) ;
#101 = ADVANCED_FACE ( 'NONE', ( #277 ), #1358, .T. ) ;
#102 = ORIENTED_EDGE ( 'NONE', *, *, #743, .F. ) ;
#103 = CARTESIAN_POINT ( 'NONE',  ( -25.00000000000000000, 8.000000000000000000, 0.000000000000000000 ) ) ;
#104 = ORIENTED_EDGE ( 'NONE', *, *, #900, .T. ) ;
#105 = VECTOR ( 'NONE', #931, 1000.000000000000000 ) ;
#106 = AXIS2_PLACEMENT_3D ( 'NONE', #1204, #1577, #516 ) ;
#107 = AXIS2_PLACEMENT_3D ( 'NONE', #950, #651, #529 ) ;
#108 = DIRECTION ( 'NONE',  ( 1.000000000000000000, 0.000000000000000000, 6.938893903907228378E-17 ) ) ;
#109 = CARTESIAN_POINT ( 'NONE',  ( -23.00000000000000000, 2.000000000000000000, -4.000000000000005329 ) ) ;
#110 = EDGE_CURVE ( 'NONE', #790, #1039, #183, .T. ) ;
#111 = LINE ( 'NONE', #518, #559 ) ;
#112 = VECTOR ( 'NONE', #1245, 1000.000000000000000 ) ;
#113 = EDGE_CURVE ( 'NONE', #254, #995, #843, .T. ) ;
#114 = CARTESIAN_POINT ( 'NONE',  ( -20.00000000000000355, 1.546261355944093863, -5.000000000000000000 ) ) ;
#115 = VERTEX_POINT ( 'NONE', #597 ) ;
#116 = DIRECTION ( 'NONE',  ( 1.000000000000000000, 0.000000000000000000, 0.000000000000000000 ) ) ;
#117 = ORIENTED_EDGE ( 'NONE', *, *, #354, .T. ) ;
#118 = EDGE_CURVE ( 'NONE', #172, #1449, #712, .T. ) ;
#119 = ORIENTED_EDGE ( 'NONE', *, *, #113, .F. ) ;
#120 = DIRECTION ( 'NONE',  ( 1.000000000000000000, 0.000000000000000000, 1.734723475976807094E-16 ) ) ;
#121 = DIRECTION ( 'NONE',  ( 1.000000000000000000, 0.000000000000000000, 0.000000000000000000 ) ) ;
#122 = VECTOR ( 'NONE', #30, 1000.000000000000000 ) ;
#123 = LINE ( 'NONE', #1454, #1327 ) ;
#124 = LINE ( 'NONE', #1178, #1301 ) ;
#125 = FACE_OUTER_BOUND ( 'NONE', #1594, .T. ) ;
#126 = ORIENTED_EDGE ( 'NONE', *, *, #1264, .T. ) ;
#127 = ORIENTED_EDGE ( 'NONE', *, *, #1630, .T. ) ;
#128 = DIRECTION ( 'NONE',  ( -1.000000000000000000, 0.000000000000000000, -2.428612866367529932E-16 ) ) ;
#129 = CARTESIAN_POINT ( 'NONE',  ( -15.00000000000000355, 2.000000000000000000, 1.250000000000000000 ) ) ;
#130 = CARTESIAN_POINT ( 'NONE',  ( -2.775557561562891351E-16, 7.000000000000000000, 4.000000000000000000 ) ) ;
#131 = ORIENTED_EDGE ( 'NONE', *, *, #982, .T. ) ;
#132 = CARTESIAN_POINT ( 'NONE',  ( 0.000000000000000000, 8.000000000000000000, 0.000000000000000000 ) ) ;
#133 = ORIENTED_EDGE ( 'NONE', *, *, #1542, .T. ) ;
#134 = ORIENTED_EDGE ( 'NONE', *, *, #1150, .F. ) ;
#135 = CARTESIAN_POINT ( 'NONE',  ( -1.999999999999997780, 6.000000000000000000, -5.000000000000000888 ) ) ;
#136 = VECTOR ( 'NONE', #264, 1000.000000000000000 ) ;
#137 = DIRECTION ( 'NONE',  ( 1.000000000000000000, 0.000000000000000000, 0.000000000000000000 ) ) ;
#138 = ADVANCED_FACE ( 'NONE', ( #970 ), #848, .F. ) ;
#139 = CYLINDRICAL_SURFACE ( 'NONE', #1125, 1.000000000000000000 ) ;
#140 = ORIENTED_EDGE ( 'NONE', *, *, #1163, .F. ) ;
#141 = AXIS2_PLACEMENT_3D ( 'NONE', #1316, #399, #1456 ) ;
#142 = DIRECTION ( 'NONE',  ( 0.000000000000000000, 1.000000000000000000, 0.000000000000000000 ) ) ;
#143 = ORIENTED_EDGE ( 'NONE', *, *, #1424, .T. ) ;
#144 = ORIENTED_EDGE ( 'NONE', *, *, #1573, .T. ) ;
#145 = CARTESIAN_POINT ( 'NONE',  ( -23.00000000000000000, 8.000000000000000000, -3.250000000000000000 ) ) ;
#146 = APPLICATION_PROTOCOL_DEFINITION ( 'draft international standard', 'automotive_design', 1998, #573 ) ;
#147 = CARTESIAN_POINT ( 'NONE',  ( -23.00000000000000000, 0.000000000000000000, -4.000000000000006217 ) ) ;
#148 = DIRECTION ( 'NONE',  ( -1.000000000000000000, 0.000000000000000000, 0.000000000000000000 ) ) ;
#149 = AXIS2_PLACEMENT_3D ( 'NONE', #622, #1678, #483 ) ;
#150 = FACE_OUTER_BOUND ( 'NONE', #960, .T. ) ;
#151 = ORIENTED_EDGE ( 'NONE', *, *, #690, .T. ) ;
#152 = ORIENTED_EDGE ( 'NONE', *, *, #357, .F. ) ;
#153 = LINE ( 'NONE', #19, #854 ) ;
#154 = CARTESIAN_POINT ( 'NONE',  ( -23.00000000000000000, 1.000000000000000000, 4.999999999999998224 ) ) ;
#155 = ORIENTED_EDGE ( 'NONE', *, *, #1667, .T. ) ;
#156 = ORIENTED_EDGE ( 'NONE', *, *, #92, .T. ) ;
#157 = EDGE_CURVE ( 'NONE', #505, #864, #315, .T. ) ;
#158 = AXIS2_PLACEMENT_3D ( 'NONE', #707, #1229, #1095 ) ;
#159 = AXIS2_PLACEMENT_3D ( 'NONE', #1213, #541, #148 ) ;
#161 = CIRCLE ( 'NONE', #1127, 1.000000000000000000 ) ;
#160 = DIRECTION ( 'NONE',  ( -2.428612866367529932E-16, 0.000000000000000000, 1.000000000000000000 ) ) ;
#162 = AXIS2_PLACEMENT_3D ( 'NONE', #226, #1415, #1578 ) ;
#163 = EDGE_CURVE ( 'NONE', #305, #1263, #1641, .T. ) ;
#164 = DIRECTION ( 'NONE',  ( -0.000000000000000000, 1.000000000000000000, -0.000000000000000000 ) ) ;
#165 = ORIENTED_EDGE ( 'NONE', *, *, #544, .T. ) ;
#166 = VERTEX_POINT ( 'NONE', #462 ) ;
#167 = ADVANCED_FACE ( 'NONE', ( #590 ), #1379, .T. ) ;
#168 = LINE ( 'NONE', #990, #325 ) ;
#169 = DIRECTION ( 'NONE',  ( 0.000000000000000000, 0.000000000000000000, 1.000000000000000000 ) ) ;
#170 = DIRECTION ( 'NONE',  ( 0.000000000000000000, 0.000000000000000000, -1.000000000000000000 ) ) ;
#171 = PLANE ( 'NONE',  #956 ) ;
#172 = VERTEX_POINT ( 'NONE', #1545 ) ;
#173 = ORIENTED_EDGE ( 'NONE', *, *, #433, .F. ) ;
#174 = EDGE_CURVE ( 'NONE', #280, #625, #420, .T. ) ;
#175 = DIRECTION ( 'NONE',  ( -0.000000000000000000, -0.000000000000000000, 1.000000000000000000 ) ) ;
#176 = DIRECTION ( 'NONE',  ( -0.000000000000000000, 0.000000000000000000, 1.000000000000000000 ) ) ;
#177 = LINE ( 'NONE', #1081, #1674 ) ;
#178 = DIRECTION ( 'NONE',  ( -1.000000000000000000, 0.000000000000000000, 0.000000000000000000 ) ) ;
#179 = VERTEX_POINT ( 'NONE', #1145 ) ;
#180 = ADVANCED_FACE ( 'NONE', ( #1015 ), #909, .T. ) ;
#181 = VERTEX_POINT ( 'NONE', #1412 ) ;
#182 = ADVANCED_FACE ( 'NONE', ( #1154 ), #234, .F. ) ;
#183 = LINE ( 'NONE', #1619, #1569 ) ;
#184 = CARTESIAN_POINT ( 'NONE',  ( -22.12500000000000000, 2.773130677972048819, -3.000000000000000000 ) ) ;
#185 = EDGE_CURVE ( 'NONE', #1441, #479, #1339, .T. ) ;
#186 = AXIS2_PLACEMENT_3D ( 'NONE', #478, #252, #230 ) ;
#187 = DIRECTION ( 'NONE',  ( -0.000000000000000000, 1.000000000000000000, -0.000000000000000000 ) ) ;
#188 = MECHANICAL_DESIGN_GEOMETRIC_PRESENTATION_REPRESENTATION (  '', ( #1017 ), #379 ) ;
#189 = VERTEX_POINT ( 'NONE', #898 ) ;
#190 = ORIENTED_EDGE ( 'NONE', *, *, #984, .F. ) ;
#191 = DIRECTION ( 'NONE',  ( 0.000000000000000000, 0.000000000000000000, -1.000000000000000000 ) ) ;
#192 = CARTESIAN_POINT ( 'NONE',  ( -15.00000000000000178, 8.000000000000000000, -1.040834085586084414E-14 ) ) ;
#193 = DIRECTION ( 'NONE',  ( 0.000000000000000000, 0.000000000000000000, 1.000000000000000000 ) ) ;
#194 = EDGE_CURVE ( 'NONE', #1612, #616, #1146, .T. ) ;
#195 = ORIENTED_EDGE ( 'NONE', *, *, #853, .T. ) ;
#196 = ORIENTED_EDGE ( 'NONE', *, *, #410, .F. ) ;
#197 = CIRCLE ( 'NONE', #1340, 1.000000000000000888 ) ;
#198 = AXIS2_PLACEMENT_3D ( 'NONE', #63, #1665, #598 ) ;
#199 = DIRECTION ( 'NONE',  ( 1.000000000000000000, 0.000000000000000000, 0.000000000000000000 ) ) ;
#200 = LINE ( 'NONE', #1128, #362 ) ;
#201 = CARTESIAN_POINT ( 'NONE',  ( -17.87500000000000355, 5.226869322027951625, -3.000000000000000000 ) ) ;
#202 = VERTEX_POINT ( 'NONE', #755 ) ;
#203 = UNCERTAINTY_MEASURE_WITH_UNIT (LENGTH_MEASURE( 1.000000000000000082E-05 ), #1061, 'distance_accuracy_value', 'NONE');
#204 = ORIENTED_EDGE ( 'NONE', *, *, #232, .F. ) ;
#205 = FACE_OUTER_BOUND ( 'NONE', #422, .T. ) ;
#206 = CARTESIAN_POINT ( 'NONE',  ( -22.12500000000000000, 5.226869322027958731, -5.000000000000000000 ) ) ;
#207 = PLANE ( 'NONE',  #946 ) ;
#208 = DIRECTION ( 'NONE',  ( 0.000000000000000000, 0.000000000000000000, -1.000000000000000000 ) ) ;
#209 = EDGE_LOOP ( 'NONE', ( #1604, #229, #1489, #555 ) ) ;
#210 = ADVANCED_FACE ( 'NONE', ( #1558 ), #1285, .T. ) ;
#211 = DIRECTION ( 'NONE',  ( -1.734723475976807094E-16, -0.000000000000000000, 1.000000000000000000 ) ) ;
#212 = ORIENTED_EDGE ( 'NONE', *, *, #286, .T. ) ;
#213 = CIRCLE ( 'NONE', #1356, 2.000000000000000000 ) ;
#214 = ADVANCED_FACE ( 'NONE', ( #628, #773 ), #636, .T. ) ;
#215 = DIRECTION ( 'NONE',  ( 4.336808689942015764E-16, 0.000000000000000000, 1.000000000000000000 ) ) ;
#216 = DIRECTION ( 'NONE',  ( 0.000000000000000000, 1.000000000000000000, -0.000000000000000000 ) ) ;
#217 = DIRECTION ( 'NONE',  ( 1.000000000000000000, 0.000000000000000000, 0.000000000000000000 ) ) ;
#218 = CARTESIAN_POINT ( 'NONE',  ( -2.000000000000000000, 6.000000000000000000, 5.000000000000000000 ) ) ;
#219 = ORIENTED_EDGE ( 'NONE', *, *, #72, .T. ) ;
#220 = CARTESIAN_POINT ( 'NONE',  ( -20.00000000000000355, 6.453738644055909468, 3.000000000000000000 ) ) ;
#221 = ORIENTED_EDGE ( 'NONE', *, *, #1323, .T. ) ;
#222 = CARTESIAN_POINT ( 'NONE',  ( -20.00000000000000000, 4.000000000000000000, -5.000000000000005329 ) ) ;
#223 = CARTESIAN_POINT ( 'NONE',  ( 0.000000000000000000, 0.000000000000000000, 3.000000000000000000 ) ) ;
#224 = EDGE_CURVE ( 'NONE', #602, #1377, #648, .T. ) ;
#225 = CIRCLE ( 'NONE', #1283, 1.000000000000000888 ) ;
#226 = CARTESIAN_POINT ( 'NONE',  ( -23.00000000000000000, 6.000000000000000000, 3.999999999999998224 ) ) ;
#227 = AXIS2_PLACEMENT_3D ( 'NONE', #223, #1260, #1137 ) ;
#228 = DIRECTION ( 'NONE',  ( 0.000000000000000000, 0.000000000000000000, 1.000000000000000000 ) ) ;
#229 = ORIENTED_EDGE ( 'NONE', *, *, #1630, .F. ) ;
#230 = DIRECTION ( 'NONE',  ( 1.000000000000000000, 0.000000000000000000, 4.336808689942013792E-16 ) ) ;
#231 = VERTEX_POINT ( 'NONE', #1664 ) ;
#232 = EDGE_CURVE ( 'NONE', #166, #253, #1092, .T. ) ;
#233 = EDGE_CURVE ( 'NONE', #1449, #189, #779, .T. ) ;
#234 = CYLINDRICAL_SURFACE ( 'NONE', #933, 1.000000000000000888 ) ;
#235 = ADVANCED_FACE ( 'NONE', ( #1526 ), #488, .T. ) ;
#236 = DIRECTION ( 'NONE',  ( -0.000000000000000000, -0.000000000000000000, 1.000000000000000000 ) ) ;
#237 = CARTESIAN_POINT ( 'NONE',  ( -22.12500000000000000, 5.226869322027958731, -3.000000000000000000 ) ) ;
#238 = CARTESIAN_POINT ( 'NONE',  ( -20.00000000000000000, 4.000000000000000000, -3.000000000000000000 ) ) ;
#239 = ADVANCED_FACE ( 'NONE', ( #205 ), #350, .F. ) ;
#240 = DIRECTION ( 'NONE',  ( 0.000000000000000000, -1.000000000000000000, 0.000000000000000000 ) ) ;
#241 = VERTEX_POINT ( 'NONE', #80 ) ;
#242 = VECTOR ( 'NONE', #804, 1000.000000000000000 ) ;
#243 = VECTOR ( 'NONE', #427, 1000.000000000000000 ) ;
#244 = EDGE_LOOP ( 'NONE', ( #1615, #926, #445, #1014 ) ) ;
#245 = CIRCLE ( 'NONE', #526, 1.000000000000000000 ) ;
#246 = CARTESIAN_POINT ( 'NONE',  ( -24.00000000000000000, 2.000000000000000000, -5.000000000000006217 ) ) ;
#247 =( NAMED_UNIT ( * ) PLANE_ANGLE_UNIT ( ) SI_UNIT ( $, .RADIAN. ) );
#248 = DIRECTION ( 'NONE',  ( -0.000000000000000000, 1.000000000000000000, -0.000000000000000000 ) ) ;
#249 = LINE ( 'NONE', #1208, #1244 ) ;
#250 = EDGE_LOOP ( 'NONE', ( #1153, #1107 ) ) ;
#251 = EDGE_CURVE ( 'NONE', #1451, #1003, #1435, .T. ) ;
#252 = DIRECTION ( 'NONE',  ( -2.428612866367529932E-16, 0.000000000000000000, 1.000000000000000000 ) ) ;
#253 = VERTEX_POINT ( 'NONE', #1007 ) ;
#254 = VERTEX_POINT ( 'NONE', #548 ) ;
#255 = CARTESIAN_POINT ( 'NONE',  ( -20.00000000000000355, 1.546261355944093863, 4.999999999999999112 ) ) ;
#256 = CARTESIAN_POINT ( 'NONE',  ( -23.00000000000000000, 7.000000000000000000, 4.999999999999998224 ) ) ;
#257 = DIRECTION ( 'NONE',  ( 1.000000000000000000, -0.000000000000000000, 0.000000000000000000 ) ) ;
#258 = CIRCLE ( 'NONE', #1610, 2.000000000000001776 ) ;
#259 = CARTESIAN_POINT ( 'NONE',  ( -2.000000000000000000, 1.000000000000000000, 5.000000000000000000 ) ) ;
#260 = FACE_OUTER_BOUND ( 'NONE', #734, .T. ) ;
#261 = DIRECTION ( 'NONE',  ( 4.336808689942017736E-17, 0.000000000000000000, -1.000000000000000000 ) ) ;
#262 = ORIENTED_EDGE ( 'NONE', *, *, #1209, .T. ) ;
#263 = ORIENTED_EDGE ( 'NONE', *, *, #1034, .T. ) ;
#264 = DIRECTION ( 'NONE',  ( -0.000000000000000000, -0.000000000000000000, 1.000000000000000000 ) ) ;
#265 = LINE ( 'NONE', #1560, #322 ) ;
#266 = CARTESIAN_POINT ( 'NONE',  ( -17.87500000000000355, 2.773130677972048819, 5.000000000000000000 ) ) ;
#267 = ORIENTED_EDGE ( 'NONE', *, *, #110, .F. ) ;
#268 = CARTESIAN_POINT ( 'NONE',  ( 5.421010862427516623E-17, 8.000000000000000000, -1.249999999999998668 ) ) ;
#269 = ORIENTED_EDGE ( 'NONE', *, *, #1517, .T. ) ;
#270 = EDGE_LOOP ( 'NONE', ( #1275, #699, #512, #1482 ) ) ;
#271 = CARTESIAN_POINT ( 'NONE',  ( -25.00000000000000000, 2.000000000000000000, 3.999999999999998224 ) ) ;
#272 = AXIS2_PLACEMENT_3D ( 'NONE', #644, #376, #654 ) ;
#273 = EDGE_CURVE ( 'NONE', #905, #633, #1617, .T. ) ;
#274 = LINE ( 'NONE', #1053, #1436 ) ;
#275 = CIRCLE ( 'NONE', #524, 1.000000000000000000 ) ;
#276 = DIRECTION ( 'NONE',  ( 6.938893903907229364E-16, -0.000000000000000000, -1.000000000000000000 ) ) ;
#277 = FACE_OUTER_BOUND ( 'NONE', #782, .T. ) ;
#278 = FACE_OUTER_BOUND ( 'NONE', #380, .T. ) ;
#279 = ORIENTED_EDGE ( 'NONE', *, *, #1355, .F. ) ;
#280 = VERTEX_POINT ( 'NONE', #1452 ) ;
#281 = CARTESIAN_POINT ( 'NONE',  ( -20.00000000000000355, 1.546261355944093863, -3.000000000000000000 ) ) ;
#282 = CARTESIAN_POINT ( 'NONE',  ( -15.00000000000000178, 6.000000000000000000, -1.249999999999999334 ) ) ;
#283 = AXIS2_PLACEMENT_3D ( 'NONE', #1696, #1056, #1082 ) ;
#284 = CARTESIAN_POINT ( 'NONE',  ( 1.409462824231155271E-16, 2.000000000000000000, -3.249999999999998668 ) ) ;
#285 = VERTEX_POINT ( 'NONE', #255 ) ;
#286 = EDGE_CURVE ( 'NONE', #635, #1233, #811, .T. ) ;
#287 = ORIENTED_EDGE ( 'NONE', *, *, #768, .T. ) ;
#288 = ADVANCED_FACE ( 'NONE', ( #15, #1331 ), #683, .F. ) ;
#289 = LINE ( 'NONE', #1620, #883 ) ;
#290 = LINE ( 'NONE', #1494, #425 ) ;
#291 = ADVANCED_FACE ( 'NONE', ( #538 ), #391, .T. ) ;
#292 = ORIENTED_EDGE ( 'NONE', *, *, #1209, .F. ) ;
#293 = ORIENTED_EDGE ( 'NONE', *, *, #309, .F. ) ;
#294 = CARTESIAN_POINT ( 'NONE',  ( -20.00000000000000355, 1.546261355944093863, 3.000000000000000000 ) ) ;
#295 = VECTOR ( 'NONE', #1074, 1000.000000000000000 ) ;
#297 = AXIS2_PLACEMENT_3D ( 'NONE', #1259, #880, #215 ) ;
#296 = CARTESIAN_POINT ( 'NONE',  ( -17.87500000000000355, 2.773130677972048819, -3.000000000000000000 ) ) ;
#298 = AXIS2_PLACEMENT_3D ( 'NONE', #1702, #539, #1586 ) ;
#299 = CYLINDRICAL_SURFACE ( 'NONE', #566, 2.000000000000001776 ) ;
#300 = ORIENTED_EDGE ( 'NONE', *, *, #552, .T. ) ;
#301 = EDGE_LOOP ( 'NONE', ( #2, #1487, #1221, #1695 ) ) ;
#302 = CARTESIAN_POINT ( 'NONE',  ( 1.734723475976806601E-16, 2.000000000000000000, 4.000000000000000000 ) ) ;
#303 = DIRECTION ( 'NONE',  ( 1.000000000000000000, 0.000000000000000000, 2.428612866367529932E-16 ) ) ;
#304 = CIRCLE ( 'NONE', #761, 1.000000000000000000 ) ;
#305 = VERTEX_POINT ( 'NONE', #1596 ) ;
#306 = VECTOR ( 'NONE', #729, 1000.000000000000000 ) ;
#307 = ORIENTED_EDGE ( 'NONE', *, *, #39, .T. ) ;
#308 = DIRECTION ( 'NONE',  ( -6.938893903907228378E-17, 0.000000000000000000, 1.000000000000000000 ) ) ;
#309 = EDGE_CURVE ( 'NONE', #770, #792, #794, .T. ) ;
#310 = CYLINDRICAL_SURFACE ( 'NONE', #649, 2.000000000000001776 ) ;
#311 = DIRECTION ( 'NONE',  ( 1.000000000000000000, 0.000000000000000000, 4.336808689942017736E-17 ) ) ;
#312 = CARTESIAN_POINT ( 'NONE',  ( -25.00000000000000000, 2.000000000000000000, -1.249999999999999778 ) ) ;
#313 = EDGE_LOOP ( 'NONE', ( #679, #661, #1276, #840 ) ) ;
#314 = ORIENTED_EDGE ( 'NONE', *, *, #710, .F. ) ;
#315 = LINE ( 'NONE', #47, #460 ) ;
#316 = CARTESIAN_POINT ( 'NONE',  ( -20.00000000000000000, 4.000000000000000000, -5.000000000000005329 ) ) ;
#317 = ADVANCED_FACE ( 'NONE', ( #784 ), #1041, .T. ) ;
#318 = CYLINDRICAL_SURFACE ( 'NONE', #1434, 2.000000000000000000 ) ;
#319 = VECTOR ( 'NONE', #796, 1000.000000000000000 ) ;
#320 = CIRCLE ( 'NONE', #582, 1.000000000000000000 ) ;
#321 = CARTESIAN_POINT ( 'NONE',  ( -14.17157287525381193, -2.152144457471159282E-16, 2.078427124746190735 ) ) ;
#322 = VECTOR ( 'NONE', #667, 1000.000000000000000 ) ;
#323 = VERTEX_POINT ( 'NONE', #271 ) ;
#324 = ORIENTED_EDGE ( 'NONE', *, *, #174, .F. ) ;
#325 = VECTOR ( 'NONE', #176, 1000.000000000000000 ) ;
#326 = CARTESIAN_POINT ( 'NONE',  ( -23.00000000000000000, 2.000000000000000000, 0.000000000000000000 ) ) ;
#327 = DIRECTION ( 'NONE',  ( 0.000000000000000000, 0.000000000000000000, -1.000000000000000000 ) ) ;
#328 = AXIS2_PLACEMENT_3D ( 'NONE', #1550, #342, #1033 ) ;
#329 = LINE ( 'NONE', #867, #1516 ) ;
#330 = DIRECTION ( 'NONE',  ( 0.000000000000000000, -0.000000000000000000, -1.000000000000000000 ) ) ;
#331 = ORIENTED_EDGE ( 'NONE', *, *, #842, .F. ) ;
#332 = VERTEX_POINT ( 'NONE', #246 ) ;
#333 = VECTOR ( 'NONE', #467, 1000.000000000000000 ) ;
#334 = CARTESIAN_POINT ( 'NONE',  ( -13.00000000000000178, 2.000000000000000000, -9.020562075079398469E-15 ) ) ;
#335 = CARTESIAN_POINT ( 'NONE',  ( -17.87500000000000355, 2.773130677972048819, 3.000000000000000000 ) ) ;
#336 = SURFACE_STYLE_FILL_AREA ( #882 ) ;
#337 = CARTESIAN_POINT ( 'NONE',  ( -13.00000000000000000, 0.000000000000000000, -3.249999999999999112 ) ) ;
#338 = ORIENTED_EDGE ( 'NONE', *, *, #232, .T. ) ;
#339 = EDGE_CURVE ( 'NONE', #955, #1173, #1270, .T. ) ;
#340 = CARTESIAN_POINT ( 'NONE',  ( -17.87500000000000355, 5.226869322027951625, -3.000000000000000000 ) ) ;
#341 = EDGE_LOOP ( 'NONE', ( #346, #913, #847, #143 ) ) ;
#342 = DIRECTION ( 'NONE',  ( -2.428612866367529932E-16, 0.000000000000000000, 1.000000000000000000 ) ) ;
#343 = DIRECTION ( 'NONE',  ( -1.000000000000000000, 0.000000000000000000, 0.000000000000000000 ) ) ;
#344 = DIRECTION ( 'NONE',  ( -0.8660254037844388186, -0.4999999999999996669, 0.000000000000000000 ) ) ;
#345 = CARTESIAN_POINT ( 'NONE',  ( -23.00000000000000000, 7.000000000000000000, 3.999999999999998224 ) ) ;
#346 = ORIENTED_EDGE ( 'NONE', *, *, #410, .T. ) ;
#347 = CIRCLE ( 'NONE', #643, 1.000000000000000000 ) ;
#348 = CARTESIAN_POINT ( 'NONE',  ( -1.999999999999998224, 7.000000000000000000, -4.000000000000000888 ) ) ;
#349 = ORIENTED_EDGE ( 'NONE', *, *, #1587, .T. ) ;
#350 = PLANE ( 'NONE',  #1078 ) ;
#351 = DIRECTION ( 'NONE',  ( 0.000000000000000000, 0.000000000000000000, -1.000000000000000000 ) ) ;
#352 = CARTESIAN_POINT ( 'NONE',  ( -20.00000000000000000, 4.000000000000000000, 3.000000000000000000 ) ) ;
#353 = LINE ( 'NONE', #1262, #1228 ) ;
#354 = EDGE_CURVE ( 'NONE', #1039, #305, #347, .T. ) ;
#355 = VERTEX_POINT ( 'NONE', #658 ) ;
#356 = FACE_OUTER_BOUND ( 'NONE', #244, .T. ) ;
#357 = EDGE_CURVE ( 'NONE', #332, #1346, #320, .T. ) ;
#358 = ORIENTED_EDGE ( 'NONE', *, *, #309, .T. ) ;
#359 = CIRCLE ( 'NONE', #593, 1.000000000000000000 ) ;
#360 = CARTESIAN_POINT ( 'NONE',  ( -24.17157287525380838, 2.184664232470858947E-16, 2.078427124746191179 ) ) ;
#361 = LINE ( 'NONE', #1413, #452 ) ;
#362 = VECTOR ( 'NONE', #629, 1000.000000000000000 ) ;
#363 = ADVANCED_FACE ( 'NONE', ( #665 ), #1699, .F. ) ;
#364 = PRESENTATION_STYLE_ASSIGNMENT (( #1025 ) ) ;
#365 = DIRECTION ( 'NONE',  ( 1.000000000000000000, 0.000000000000000000, 0.000000000000000000 ) ) ;
#366 = CARTESIAN_POINT ( 'NONE',  ( -23.00000000000000000, 6.000000000000000000, -4.000000000000005329 ) ) ;
#367 = DIRECTION ( 'NONE',  ( -1.000000000000000000, 0.000000000000000000, 0.000000000000000000 ) ) ;
#368 = VERTEX_POINT ( 'NONE', #920 ) ;
#369 = VERTEX_POINT ( 'NONE', #1443 ) ;
#370 = DIRECTION ( 'NONE',  ( 0.8660254037844387076, 0.4999999999999997780, 0.000000000000000000 ) ) ;
#371 = DIRECTION ( 'NONE',  ( 0.000000000000000000, 0.000000000000000000, -1.000000000000000000 ) ) ;
#372 = DIRECTION ( 'NONE',  ( 0.000000000000000000, 0.000000000000000000, 1.000000000000000000 ) ) ;
#373 = EDGE_CURVE ( 'NONE', #32, #241, #1052, .T. ) ;
#374 = CARTESIAN_POINT ( 'NONE',  ( -1.000000000000000000, 2.000000000000000000, 5.000000000000000000 ) ) ;
#375 = EDGE_LOOP ( 'NONE', ( #1564, #1353, #718, #267 ) ) ;
#376 = DIRECTION ( 'NONE',  ( 1.000000000000000000, -0.000000000000000000, 0.000000000000000000 ) ) ;
#377 = ORIENTED_EDGE ( 'NONE', *, *, #273, .T. ) ;
#378 = VECTOR ( 'NONE', #62, 1000.000000000000000 ) ;
#379 =( GEOMETRIC_REPRESENTATION_CONTEXT ( 3 ) GLOBAL_UNCERTAINTY_ASSIGNED_CONTEXT ( ( #1524 ) ) GLOBAL_UNIT_ASSIGNED_CONTEXT ( ( #64, #1406, #1423 ) ) REPRESENTATION_CONTEXT ( 'NONE', 'WORKASPACE' ) );
#380 = EDGE_LOOP ( 'NONE', ( #165, #1011, #1258, #1362 ) ) ;
#381 = ADVANCED_FACE ( 'NONE', ( #1020 ), #1004, .T. ) ;
#382 = VECTOR ( 'NONE', #6, 1000.000000000000000 ) ;
#383 = CARTESIAN_POINT ( 'NONE',  ( 5.204170427930421283E-15, 4.000000000000000000, -1.691355389077387548E-14 ) ) ;
#384 = CARTESIAN_POINT ( 'NONE',  ( -25.00000000000000000, 2.000000000000000000, -1.249999999999999778 ) ) ;
#385 = CARTESIAN_POINT ( 'NONE',  ( -3.469446951953614189E-16, 7.000000000000000000, 5.000000000000000000 ) ) ;
#386 = CARTESIAN_POINT ( 'NONE',  ( -17.87500000000000355, 5.226869322027951625, -5.000000000000000000 ) ) ;
#387 = EDGE_LOOP ( 'NONE', ( #507, #604, #1470, #1576 ) ) ;
#388 = LINE ( 'NONE', #418, #915 ) ;
#389 = ORIENTED_EDGE ( 'NONE', *, *, #1264, .F. ) ;
#390 = ORIENTED_EDGE ( 'NONE', *, *, #1587, .F. ) ;
#391 = CYLINDRICAL_SURFACE ( 'NONE', #611, 2.000000000000000000 ) ;
#392 = DIRECTION ( 'NONE',  ( -1.000000000000000000, 0.000000000000000000, 4.336808689942017736E-16 ) ) ;
#393 = ADVANCED_FACE ( 'NONE', ( #1291 ), #1563, .F. ) ;
#394 = CARTESIAN_POINT ( 'NONE',  ( -2.000000000000000000, 6.000000000000000000, 4.000000000000000000 ) ) ;
#395 = ADVANCED_FACE ( 'NONE', ( #1161 ), #1152, .F. ) ;
#396 = CARTESIAN_POINT ( 'NONE',  ( -20.00000000000000355, 6.453738644055909468, -3.000000000000000000 ) ) ;
#397 = VECTOR ( 'NONE', #1397, 1000.000000000000000 ) ;
#398 = LINE ( 'NONE', #1455, #1189 ) ;
#399 = DIRECTION ( 'NONE',  ( -1.000000000000000000, -0.000000000000000000, 4.336808689942018229E-16 ) ) ;
#400 = DIRECTION ( 'NONE',  ( 0.8660254037844388186, 0.4999999999999997224, 0.000000000000000000 ) ) ;
#401 = ORIENTED_EDGE ( 'NONE', *, *, #853, .F. ) ;
#402 = EDGE_CURVE ( 'NONE', #115, #981, #627, .T. ) ;
#403 = VERTEX_POINT ( 'NONE', #1410 ) ;
#404 = CARTESIAN_POINT ( 'NONE',  ( -21.00000000000000000, 4.000000000000000000, -5.000000000000005329 ) ) ;
#405 = CARTESIAN_POINT ( 'NONE',  ( -1.999999999999998224, 8.000000000000000000, -5.000000000000000000 ) ) ;
#406 = PLANE ( 'NONE',  #1076 ) ;
#407 = DIRECTION ( 'NONE',  ( -0.8660254037844381525, 0.5000000000000007772, 0.000000000000000000 ) ) ;
#408 = CARTESIAN_POINT ( 'NONE',  ( -19.00000000000000000, 4.000000000000000000, -5.000000000000005329 ) ) ;
#409 = EDGE_LOOP ( 'NONE', ( #896, #797, #1565, #324 ) ) ;
#410 = EDGE_CURVE ( 'NONE', #1451, #1100, #495, .T. ) ;
#411 = ORIENTED_EDGE ( 'NONE', *, *, #157, .T. ) ;
#412 = CARTESIAN_POINT ( 'NONE',  ( -1.999999999999999112, 2.000000000000000000, -3.469446951953612710E-16 ) ) ;
#413 = DIRECTION ( 'NONE',  ( 4.336808689942015764E-16, 0.000000000000000000, 1.000000000000000000 ) ) ;
#414 = VECTOR ( 'NONE', #1540, 1000.000000000000000 ) ;
#415 = CYLINDRICAL_SURFACE ( 'NONE', #441, 2.000000000000000000 ) ;
#416 = CIRCLE ( 'NONE', #968, 1.000000000000000888 ) ;
#417 = CARTESIAN_POINT ( 'NONE',  ( -1.999999999999997780, 2.000000000000000000, -5.000000000000000888 ) ) ;
#418 = CARTESIAN_POINT ( 'NONE',  ( -17.87500000000000355, 5.226869322027951625, 5.000000000000000000 ) ) ;
#419 = ORIENTED_EDGE ( 'NONE', *, *, #1667, .F. ) ;
#420 = CIRCLE ( 'NONE', #328, 2.000000000000000000 ) ;
#421 = ADVANCED_FACE ( 'NONE', ( #356 ), #916, .F. ) ;
#422 = EDGE_LOOP ( 'NONE', ( #1583, #589, #477, #411 ) ) ;
#423 = EDGE_CURVE ( 'NONE', #705, #602, #536, .T. ) ;
#424 = CARTESIAN_POINT ( 'NONE',  ( -19.00000000000000000, 4.000000000000000000, -1.249999999999999334 ) ) ;
#425 = VECTOR ( 'NONE', #1121, 1000.000000000000000 ) ;
#426 = AXIS2_PLACEMENT_3D ( 'NONE', #1527, #866, #1650 ) ;
#427 = DIRECTION ( 'NONE',  ( 0.8660254037844388186, 0.4999999999999997224, 0.000000000000000000 ) ) ;
#428 = VERTEX_POINT ( 'NONE', #1038 ) ;
#429 = VERTEX_POINT ( 'NONE', #1300 ) ;
#430 = LINE ( 'NONE', #294, #969 ) ;
#431 = CARTESIAN_POINT ( 'NONE',  ( -15.00000000000000178, 4.000000000000000000, -1.040834085586084572E-14 ) ) ;
#432 = LINE ( 'NONE', #963, #465 ) ;
#433 = EDGE_CURVE ( 'NONE', #22, #754, #945, .T. ) ;
#434 = FACE_OUTER_BOUND ( 'NONE', #515, .T. ) ;
#435 = EDGE_LOOP ( 'NONE', ( #293, #596, #262, #1426 ) ) ;
#436 = ORIENTED_EDGE ( 'NONE', *, *, #1450, .F. ) ;
#437 = EDGE_CURVE ( 'NONE', #862, #202, #771, .T. ) ;
#438 = DIRECTION ( 'NONE',  ( 1.000000000000000000, -0.000000000000000000, 2.428612866367529932E-16 ) ) ;
#439 = VECTOR ( 'NONE', #519, 1000.000000000000000 ) ;
#440 = DIRECTION ( 'NONE',  ( -1.000000000000000000, 0.000000000000000000, 0.000000000000000000 ) ) ;
#441 = AXIS2_PLACEMENT_3D ( 'NONE', #675, #1073, #372 ) ;
#442 = CARTESIAN_POINT ( 'NONE',  ( 9.714451465470119729E-16, 7.000000000000000000, -4.000000000000000000 ) ) ;
#443 = EDGE_LOOP ( 'NONE', ( #1241, #1243, #919, #1203 ) ) ;
#444 = EDGE_CURVE ( 'NONE', #944, #996, #504, .T. ) ;
#445 = ORIENTED_EDGE ( 'NONE', *, *, #85, .F. ) ;
#446 = DIRECTION ( 'NONE',  ( -1.000000000000000000, -0.000000000000000000, -0.000000000000000000 ) ) ;
#447 = PLANE ( 'NONE',  #75 ) ;
#448 = EDGE_CURVE ( 'NONE', #368, #602, #86, .T. ) ;
#449 = CARTESIAN_POINT ( 'NONE',  ( -23.00000000000000000, 2.000000000000000000, -4.000000000000005329 ) ) ;
#450 = VECTOR ( 'NONE', #1130, 1000.000000000000000 ) ;
#451 = ORIENTED_EDGE ( 'NONE', *, *, #937, .F. ) ;
#452 = VECTOR ( 'NONE', #1147, 1000.000000000000000 ) ;
#453 = ORIENTED_EDGE ( 'NONE', *, *, #471, .F. ) ;
#454 = ADVANCED_FACE ( 'NONE', ( #1133 ), #1400, .T. ) ;
#455 = CARTESIAN_POINT ( 'NONE',  ( -22.12500000000000000, 5.226869322027958731, -3.000000000000000000 ) ) ;
#456 = AXIS2_PLACEMENT_3D ( 'NONE', #890, #1403, #1683 ) ;
#457 = DIRECTION ( 'NONE',  ( 1.000000000000000000, -0.000000000000000000, 6.938893903907229364E-16 ) ) ;
#458 = CARTESIAN_POINT ( 'NONE',  ( -25.00000000000000000, 8.000000000000000000, 0.000000000000000000 ) ) ;
#459 = VERTEX_POINT ( 'NONE', #220 ) ;
#460 = VECTOR ( 'NONE', #855, 1000.000000000000000 ) ;
#461 = ORIENTED_EDGE ( 'NONE', *, *, #962, .T. ) ;
#462 = CARTESIAN_POINT ( 'NONE',  ( 5.681219383824043234E-15, 4.000000000000000000, 1.099999999999983213 ) ) ;
#463 = CARTESIAN_POINT ( 'NONE',  ( -20.00000000000000000, 4.000000000000000000, -3.000000000000000000 ) ) ;
#464 = LINE ( 'NONE', #767, #701 ) ;
#465 = VECTOR ( 'NONE', #584, 1000.000000000000000 ) ;
#466 = VECTOR ( 'NONE', #211, 1000.000000000000000 ) ;
#467 = DIRECTION ( 'NONE',  ( 1.734723475976807094E-16, 0.000000000000000000, -1.000000000000000000 ) ) ;
#468 = VECTOR ( 'NONE', #257, 1000.000000000000000 ) ;
#469 = ORIENTED_EDGE ( 'NONE', *, *, #1408, .F. ) ;
#470 = ORIENTED_EDGE ( 'NONE', *, *, #1466, .T. ) ;
#471 = EDGE_CURVE ( 'NONE', #647, #1541, #1047, .T. ) ;
#472 = DIRECTION ( 'NONE',  ( 0.000000000000000000, 0.000000000000000000, -1.000000000000000000 ) ) ;
#473 = LINE ( 'NONE', #874, #397 ) ;
#474 = CARTESIAN_POINT ( 'NONE',  ( -19.00000000000000000, 4.000000000000000000, 3.000000000000000000 ) ) ;
#475 = ADVANCED_FACE ( 'NONE', ( #624 ), #558, .T. ) ;
#476 = DIRECTION ( 'NONE',  ( 0.000000000000000000, -1.000000000000000000, 0.000000000000000000 ) ) ;
#477 = ORIENTED_EDGE ( 'NONE', *, *, #1603, .F. ) ;
#478 = CARTESIAN_POINT ( 'NONE',  ( -23.00000000000000000, 6.000000000000000000, -4.000000000000004441 ) ) ;
#479 = VERTEX_POINT ( 'NONE', #1143 ) ;
#480 = DIRECTION ( 'NONE',  ( -0.5000000000000009992, -0.8660254037844380415, 0.000000000000000000 ) ) ;
#481 = FACE_OUTER_BOUND ( 'NONE', #1401, .T. ) ;
#482 = CARTESIAN_POINT ( 'NONE',  ( -1.999999999999998224, 6.000000000000000000, -4.000000000000000888 ) ) ;
#483 = DIRECTION ( 'NONE',  ( -0.000000000000000000, 0.000000000000000000, 1.000000000000000000 ) ) ;
#484 = ORIENTED_EDGE ( 'NONE', *, *, #965, .T. ) ;
#485 = DIRECTION ( 'NONE',  ( -6.938893903907228378E-17, 0.000000000000000000, 1.000000000000000000 ) ) ;
#486 = ORIENTED_EDGE ( 'NONE', *, *, #586, .F. ) ;
#487 = CYLINDRICAL_SURFACE ( 'NONE', #1405, 1.000000000000000000 ) ;
#488 = CYLINDRICAL_SURFACE ( 'NONE', #49, 2.000000000000000000 ) ;
#489 = FACE_OUTER_BOUND ( 'NONE', #1672, .T. ) ;
#490 = EDGE_CURVE ( 'NONE', #1039, #1003, #27, .T. ) ;
#491 = FACE_OUTER_BOUND ( 'NONE', #741, .T. ) ;
#492 = ADVANCED_FACE ( 'NONE', ( #1317 ), #21, .T. ) ;
#493 = CARTESIAN_POINT ( 'NONE',  ( -20.00000000000000355, 1.546261355944093863, 3.000000000000000000 ) ) ;
#494 = LINE ( 'NONE', #1019, #588 ) ;
#495 = LINE ( 'NONE', #634, #466 ) ;
#496 = AXIS2_PLACEMENT_3D ( 'NONE', #688, #1437, #694 ) ;
#497 = EDGE_LOOP ( 'NONE', ( #45, #1115, #484, #127 ) ) ;
#498 = ADVANCED_FACE ( 'NONE', ( #125 ), #1480, .T. ) ;
#499 = CARTESIAN_POINT ( 'NONE',  ( -25.00000000000000000, 0.8284271247461902909, 1.250000000000000888 ) ) ;
#500 = LINE ( 'NONE', #335, #1255 ) ;
#501 = CARTESIAN_POINT ( 'NONE',  ( -0.9999999999999981126, 2.000000000000000000, -5.000000000000000000 ) ) ;
#502 = CARTESIAN_POINT ( 'NONE',  ( -22.12500000000000000, 5.226869322027958731, 5.000000000000000000 ) ) ;
#503 = ORIENTED_EDGE ( 'NONE', *, *, #444, .F. ) ;
#504 = LINE ( 'NONE', #1427, #414 ) ;
#505 = VERTEX_POINT ( 'NONE', #822 ) ;
#506 = EDGE_CURVE ( 'NONE', #1068, #87, #161, .T. ) ;
#507 = ORIENTED_EDGE ( 'NONE', *, *, #813, .F. ) ;
#508 = CIRCLE ( 'NONE', #1058, 1.000000000000000888 ) ;
#509 = DIRECTION ( 'NONE',  ( -0.000000000000000000, -1.000000000000000000, -0.000000000000000000 ) ) ;
#510 = CARTESIAN_POINT ( 'NONE',  ( -22.12500000000000000, 2.773130677972048819, -3.000000000000000000 ) ) ;
#511 = CARTESIAN_POINT ( 'NONE',  ( -23.00000000000000000, 6.000000000000000000, 0.000000000000000000 ) ) ;
#512 = ORIENTED_EDGE ( 'NONE', *, *, #1222, .F. ) ;
#513 = CARTESIAN_POINT ( 'NONE',  ( -15.00000000000000178, 7.171572875253809265, -1.249999999999999334 ) ) ;
#514 = ORIENTED_EDGE ( 'NONE', *, *, #42, .F. ) ;
#515 = EDGE_LOOP ( 'NONE', ( #1303, #1266, #1395, #1562 ) ) ;
#516 = DIRECTION ( 'NONE',  ( -1.734723475976807094E-16, 0.000000000000000000, 1.000000000000000000 ) ) ;
#517 = CARTESIAN_POINT ( 'NONE',  ( 0.000000000000000000, 0.000000000000000000, 0.000000000000000000 ) ) ;
#518 = CARTESIAN_POINT ( 'NONE',  ( -20.00000000000000355, 6.453738644055909468, 3.000000000000000000 ) ) ;
#519 = DIRECTION ( 'NONE',  ( -0.000000000000000000, 0.000000000000000000, 1.000000000000000000 ) ) ;
#520 = CARTESIAN_POINT ( 'NONE',  ( -0.9999999999999985567, 8.000000000000000000, -4.000000000000000000 ) ) ;
#521 = EDGE_LOOP ( 'NONE', ( #1370, #594, #936, #514 ) ) ;
#522 = CARTESIAN_POINT ( 'NONE',  ( 5.421010862427516623E-17, 2.000000000000000000, -1.249999999999998668 ) ) ;
#523 = ORIENTED_EDGE ( 'NONE', *, *, #826, .F. ) ;
#524 = AXIS2_PLACEMENT_3D ( 'NONE', #99, #739, #1261 ) ;
#525 = VERTEX_POINT ( 'NONE', #154 ) ;
#526 = AXIS2_PLACEMENT_3D ( 'NONE', #1273, #1138, #757 ) ;
#527 = DIRECTION ( 'NONE',  ( 4.336808689942015764E-16, 0.000000000000000000, 1.000000000000000000 ) ) ;
#528 = EDGE_CURVE ( 'NONE', #1160, #254, #1328, .T. ) ;
#529 = DIRECTION ( 'NONE',  ( 0.000000000000000000, 0.000000000000000000, 1.000000000000000000 ) ) ;
#530 = LINE ( 'NONE', #1105, #1513 ) ;
#531 = CARTESIAN_POINT ( 'NONE',  ( -21.00000000000000000, 4.000000000000000000, 1.250000000000000222 ) ) ;
#532 = EDGE_CURVE ( 'NONE', #996, #428, #388, .T. ) ;
#533 = ORIENTED_EDGE ( 'NONE', *, *, #626, .T. ) ;
#534 = LINE ( 'NONE', #1216, #122 ) ;
#535 = ORIENTED_EDGE ( 'NONE', *, *, #906, .T. ) ;
#536 =( BOUNDED_CURVE ( )  B_SPLINE_CURVE ( 3, ( #1419, #74, #760, #1680 ),
 .UNSPECIFIED., .F., .T. ) 
 B_SPLINE_CURVE_WITH_KNOTS ( ( 4, 4 ),
 ( 4.712388980384689674, 6.283185307179586232 ),
 .UNSPECIFIED. ) 
 CURVE ( )  GEOMETRIC_REPRESENTATION_ITEM ( )  RATIONAL_B_SPLINE_CURVE ( ( 1.000000000000000000, 0.8047378541243649375, 0.8047378541243649375, 1.000000000000000000 ) ) 
 REPRESENTATION_ITEM ( '' )  );
#537 = EDGE_LOOP ( 'NONE', ( #1477, #1616, #1637, #872 ) ) ;
#538 = FACE_OUTER_BOUND ( 'NONE', #1645, .T. ) ;
#539 = DIRECTION ( 'NONE',  ( 0.000000000000000000, 0.000000000000000000, -1.000000000000000000 ) ) ;
#540 = AXIS2_PLACEMENT_3D ( 'NONE', #662, #678, #1574 ) ;
#541 = DIRECTION ( 'NONE',  ( 0.000000000000000000, 0.000000000000000000, -1.000000000000000000 ) ) ;
#542 = VECTOR ( 'NONE', #745, 1000.000000000000114 ) ;
#543 = DIRECTION ( 'NONE',  ( 0.000000000000000000, 0.000000000000000000, 1.000000000000000000 ) ) ;
#544 = EDGE_CURVE ( 'NONE', #231, #1100, #9, .T. ) ;
#545 = PLANE ( 'NONE',  #733 ) ;
#546 = ORIENTED_EDGE ( 'NONE', *, *, #1158, .T. ) ;
#547 = ORIENTED_EDGE ( 'NONE', *, *, #1150, .T. ) ;
#548 = CARTESIAN_POINT ( 'NONE',  ( -17.87500000000000355, 2.773130677972048819, -3.000000000000000000 ) ) ;
#549 = DIRECTION ( 'NONE',  ( 0.000000000000000000, -1.000000000000000000, 0.000000000000000000 ) ) ;
#550 = LINE ( 'NONE', #795, #468 ) ;
#551 = CARTESIAN_POINT ( 'NONE',  ( -22.12500000000000000, 5.226869322027958731, 3.000000000000000000 ) ) ;
#552 = EDGE_CURVE ( 'NONE', #1310, #525, #197, .T. ) ;
#553 = PLANE ( 'NONE',  #1170 ) ;
#554 = EDGE_LOOP ( 'NONE', ( #1385, #1409, #1134, #1511 ) ) ;
#555 = ORIENTED_EDGE ( 'NONE', *, *, #1135, .T. ) ;
#556 = EDGE_CURVE ( 'NONE', #810, #851, #789, .T. ) ;
#557 = CIRCLE ( 'NONE', #1046, 1.000000000000000888 ) ;
#558 = TOROIDAL_SURFACE ( 'NONE', #1514, 1.000000000000000000, 1.000000000000000000 ) ;
#559 = VECTOR ( 'NONE', #812, 1000.000000000000000 ) ;
#560 = FACE_OUTER_BOUND ( 'NONE', #1211, .T. ) ;
#561 = EDGE_LOOP ( 'NONE', ( #533, #1656 ) ) ;
#562 = ORIENTED_EDGE ( 'NONE', *, *, #1360, .F. ) ;
#563 = ADVANCED_FACE ( 'NONE', ( #695 ), #1280, .T. ) ;
#564 = CARTESIAN_POINT ( 'NONE',  ( -25.00000000000000000, 6.000000000000000000, 0.000000000000000000 ) ) ;
#565 = DIRECTION ( 'NONE',  ( 1.000000000000000000, 0.000000000000000000, 2.428612866367529932E-16 ) ) ;
#566 = AXIS2_PLACEMENT_3D ( 'NONE', #1097, #972, #1398 ) ;
#567 = VECTOR ( 'NONE', #1380, 1000.000000000000000 ) ;
#568 = DIRECTION ( 'NONE',  ( -2.428612866367529932E-16, 0.000000000000000000, 1.000000000000000000 ) ) ;
#569 = ORIENTED_EDGE ( 'NONE', *, *, #55, .F. ) ;
#570 = EDGE_CURVE ( 'NONE', #819, #1575, #534, .T. ) ;
#571 = ORIENTED_EDGE ( 'NONE', *, *, #786, .F. ) ;
#572 = CARTESIAN_POINT ( 'NONE',  ( -2.000000000000000000, 0.000000000000000000, 4.000000000000000000 ) ) ;
#573 = APPLICATION_CONTEXT ( 'automotive_design' ) ;
#574 = LINE ( 'NONE', #1350, #1486 ) ;
#575 = CYLINDRICAL_SURFACE ( 'NONE', #60, 1.000000000000000000 ) ;
#576 = EDGE_LOOP ( 'NONE', ( #777, #1083, #1191, #144 ) ) ;
#577 = ADVANCED_FACE ( 'NONE', ( #278 ), #1029, .T. ) ;
#578 = ORIENTED_EDGE ( 'NONE', *, *, #1289, .T. ) ;
#579 = FACE_OUTER_BOUND ( 'NONE', #805, .T. ) ;
#580 = EDGE_CURVE ( 'NONE', #647, #368, #1592, .T. ) ;
#581 = CARTESIAN_POINT ( 'NONE',  ( -0.9999999999999983347, 8.000000000000000000, -5.000000000000000000 ) ) ;
#582 = AXIS2_PLACEMENT_3D ( 'NONE', #1174, #1691, #1566 ) ;
#583 = CIRCLE ( 'NONE', #496, 2.000000000000001776 ) ;
#584 = DIRECTION ( 'NONE',  ( 0.000000000000000000, 1.000000000000000000, 0.000000000000000000 ) ) ;
#585 = DIRECTION ( 'NONE',  ( 4.336808689942017736E-17, 0.000000000000000000, -1.000000000000000000 ) ) ;
#586 = EDGE_CURVE ( 'NONE', #1144, #179, #1467, .T. ) ;
#587 = ORIENTED_EDGE ( 'NONE', *, *, #731, .T. ) ;
#588 = VECTOR ( 'NONE', #1547, 1000.000000000000000 ) ;
#589 = ORIENTED_EDGE ( 'NONE', *, *, #1473, .F. ) ;
#590 = FACE_OUTER_BOUND ( 'NONE', #497, .T. ) ;
#591 = FACE_OUTER_BOUND ( 'NONE', #521, .T. ) ;
#592 = CARTESIAN_POINT ( 'NONE',  ( -23.00000000000000000, 6.000000000000000000, 4.999999999999998224 ) ) ;
#593 = AXIS2_PLACEMENT_3D ( 'NONE', #218, #1026, #1281 ) ;
#594 = ORIENTED_EDGE ( 'NONE', *, *, #448, .F. ) ;
#595 = PRODUCT_DEFINITION_CONTEXT ( 'detailed design', #606, 'design' ) ;
#596 = ORIENTED_EDGE ( 'NONE', *, *, #1135, .F. ) ;
#597 = CARTESIAN_POINT ( 'NONE',  ( -13.00000000000000000, 8.000000000000000000, -3.249999999999999556 ) ) ;
#598 = DIRECTION ( 'NONE',  ( 6.938893903907229610E-17, 0.000000000000000000, -1.000000000000000000 ) ) ;
#599 = ADVANCED_FACE ( 'NONE', ( #10, #934 ), #545, .F. ) ;
#600 = EDGE_CURVE ( 'NONE', #1326, #1094, #1067, .T. ) ;
#601 = DIRECTION ( 'NONE',  ( -6.938893903907228378E-17, 0.000000000000000000, 1.000000000000000000 ) ) ;
#602 = VERTEX_POINT ( 'NONE', #1337 ) ;
#603 = ADVANCED_FACE ( 'NONE', ( #150 ), #553, .T. ) ;
#604 = ORIENTED_EDGE ( 'NONE', *, *, #962, .F. ) ;
#605 = EDGE_CURVE ( 'NONE', #323, #647, #1367, .T. ) ;
#606 = APPLICATION_CONTEXT ( 'automotive_design' ) ;
#607 = DIRECTION ( 'NONE',  ( 1.000000000000000000, 0.000000000000000000, 0.000000000000000000 ) ) ;
#608 = DIRECTION ( 'NONE',  ( 1.000000000000000000, 0.000000000000000000, 0.000000000000000000 ) ) ;
#609 = DIRECTION ( 'NONE',  ( 0.8660254037844380415, -0.5000000000000009992, 0.000000000000000000 ) ) ;
#610 = CIRCLE ( 'NONE', #1571, 1.000000000000000888 ) ;
#611 = AXIS2_PLACEMENT_3D ( 'NONE', #1460, #1071, #120 ) ;
#612 = DIRECTION ( 'NONE',  ( 0.000000000000000000, 1.000000000000000000, -0.000000000000000000 ) ) ;
#613 = AXIS2_PLACEMENT_3D ( 'NONE', #352, #1597, #137 ) ;
#614 = ORIENTED_EDGE ( 'NONE', *, *, #1372, .F. ) ;
#615 = DIRECTION ( 'NONE',  ( 0.000000000000000000, 0.000000000000000000, 1.000000000000000000 ) ) ;
#616 = VERTEX_POINT ( 'NONE', #1502 ) ;
#617 = TOROIDAL_SURFACE ( 'NONE', #1132, 1.000000000000000000, 1.000000000000000000 ) ;
#618 = CARTESIAN_POINT ( 'NONE',  ( -1.999999999999998224, 6.000000000000000000, -4.000000000000000888 ) ) ;
#619 = CARTESIAN_POINT ( 'NONE',  ( -23.00000000000000000, 8.000000000000000000, 3.999999999999998224 ) ) ;
#620 = PRODUCT_RELATED_PRODUCT_CATEGORY ( 'part', '', ( #702 ) ) ;
#621 = LINE ( 'NONE', #1120, #721 ) ;
#622 = CARTESIAN_POINT ( 'NONE',  ( -22.12500000000000000, 5.226869322027958731, 3.000000000000000000 ) ) ;
#623 = EDGE_LOOP ( 'NONE', ( #338, #1057 ) ) ;
#624 = FACE_OUTER_BOUND ( 'NONE', #554, .T. ) ;
#625 = VERTEX_POINT ( 'NONE', #50 ) ;
#626 = EDGE_CURVE ( 'NONE', #1094, #241, #1086, .T. ) ;
#627 =( BOUNDED_CURVE ( )  B_SPLINE_CURVE ( 3, ( #780, #1548, #513, #1534 ),
 .UNSPECIFIED., .F., .T. ) 
 B_SPLINE_CURVE_WITH_KNOTS ( ( 4, 4 ),
 ( 1.570796326794896780, 3.141592653589793116 ),
 .UNSPECIFIED. ) 
 CURVE ( )  GEOMETRIC_REPRESENTATION_ITEM ( )  RATIONAL_B_SPLINE_CURVE ( ( 1.000000000000000000, 0.8047378541243650485, 0.8047378541243650485, 1.000000000000000000 ) ) 
 REPRESENTATION_ITEM ( '' )  );
#628 = FACE_OUTER_BOUND ( 'NONE', #1181, .T. ) ;
#629 = DIRECTION ( 'NONE',  ( -0.000000000000000000, -0.000000000000000000, 1.000000000000000000 ) ) ;
#630 = DIRECTION ( 'NONE',  ( -1.000000000000000000, -0.000000000000000000, 4.336808689942018229E-16 ) ) ;
#631 = CARTESIAN_POINT ( 'NONE',  ( -15.00000000000000178, 0.8284271247461899579, -1.249999999999998890 ) ) ;
#632 = EDGE_CURVE ( 'NONE', #172, #1144, #1490, .T. ) ;
#633 = VERTEX_POINT ( 'NONE', #861 ) ;
#634 = CARTESIAN_POINT ( 'NONE',  ( 0.000000000000000000, 6.000000000000000000, 5.000000000000000000 ) ) ;
#635 = VERTEX_POINT ( 'NONE', #987 ) ;
#636 = PLANE ( 'NONE',  #38 ) ;
#637 = CYLINDRICAL_SURFACE ( 'NONE', #198, 1.000000000000000000 ) ;
#638 = DIRECTION ( 'NONE',  ( 2.428612866367529932E-16, -0.000000000000000000, -1.000000000000000000 ) ) ;
#639 = ADVANCED_FACE ( 'NONE', ( #44 ), #575, .T. ) ;
#640 = DIRECTION ( 'NONE',  ( -1.000000000000000000, 0.000000000000000000, 0.000000000000000000 ) ) ;
#641 = ORIENTED_EDGE ( 'NONE', *, *, #194, .F. ) ;
#642 = COLOUR_RGB ( '',0.7921568627450980005, 0.8196078431372548767, 0.9333333333333333481 ) ;
#643 = AXIS2_PLACEMENT_3D ( 'NONE', #135, #4, #1304 ) ;
#644 = CARTESIAN_POINT ( 'NONE',  ( -17.87500000000000355, 2.773130677972048819, 3.000000000000000000 ) ) ;
#645 = AXIS2_PLACEMENT_3D ( 'NONE', #184, #1231, #1224 ) ;
#646 = ORIENTED_EDGE ( 'NONE', *, *, #11, .T. ) ;
#647 = VERTEX_POINT ( 'NONE', #1114 ) ;
#648 = LINE ( 'NONE', #1165, #698 ) ;
#649 = AXIS2_PLACEMENT_3D ( 'NONE', #326, #543, #1626 ) ;
#650 = LINE ( 'NONE', #384, #844 ) ;
#651 = DIRECTION ( 'NONE',  ( 0.000000000000000000, 1.000000000000000000, 0.000000000000000000 ) ) ;
#652 = CARTESIAN_POINT ( 'NONE',  ( -20.00000000000000355, 1.546261355944093863, 5.000000000000000000 ) ) ;
#653 = EDGE_LOOP ( 'NONE', ( #419, #656, #696, #1348 ) ) ;
#654 = DIRECTION ( 'NONE',  ( 0.000000000000000000, 0.000000000000000000, -1.000000000000000000 ) ) ;
#655 = ORIENTED_EDGE ( 'NONE', *, *, #1323, .F. ) ;
#656 = ORIENTED_EDGE ( 'NONE', *, *, #743, .T. ) ;
#657 = VECTOR ( 'NONE', #400, 1000.000000000000000 ) ;
#658 = CARTESIAN_POINT ( 'NONE',  ( -23.00000000000000000, 0.000000000000000000, 3.999999999999998224 ) ) ;
#659 = CARTESIAN_POINT ( 'NONE',  ( -2.000000000000000000, 2.000000000000000000, 5.000000000000000000 ) ) ;
#660 = LINE ( 'NONE', #1599, #1187 ) ;
#661 = ORIENTED_EDGE ( 'NONE', *, *, #157, .F. ) ;
#662 = CARTESIAN_POINT ( 'NONE',  ( -23.00000000000000000, 2.000000000000000000, 3.999999999999998224 ) ) ;
#663 = ORIENTED_EDGE ( 'NONE', *, *, #339, .T. ) ;
#664 = ORIENTED_EDGE ( 'NONE', *, *, #1215, .F. ) ;
#665 = FACE_OUTER_BOUND ( 'NONE', #40, .T. ) ;
#666 = ADVANCED_FACE ( 'NONE', ( #1621 ), #171, .T. ) ;
#667 = DIRECTION ( 'NONE',  ( -0.000000000000000000, -0.000000000000000000, 1.000000000000000000 ) ) ;
#668 = DIRECTION ( 'NONE',  ( -1.000000000000000000, 0.000000000000000000, -2.428612866367529932E-16 ) ) ;
#669 = ORIENTED_EDGE ( 'NONE', *, *, #838, .T. ) ;
#670 = CARTESIAN_POINT ( 'NONE',  ( -0.9999999999999997780, 6.000000000000000000, 4.000000000000000000 ) ) ;
#671 = EDGE_LOOP ( 'NONE', ( #195, #486, #673, #1682 ) ) ;
#672 = VECTOR ( 'NONE', #1478, 1000.000000000000000 ) ;
#673 = ORIENTED_EDGE ( 'NONE', *, *, #632, .F. ) ;
#674 = CARTESIAN_POINT ( 'NONE',  ( -25.00000000000000000, 7.171572875253810153, -1.249999999999999778 ) ) ;
#675 = CARTESIAN_POINT ( 'NONE',  ( 0.000000000000000000, 2.000000000000000000, 3.250000000000000444 ) ) ;
#676 = LINE ( 'NONE', #396, #105 ) ;
#677 = CARTESIAN_POINT ( 'NONE',  ( -22.12500000000000000, 5.226869322027958731, 3.000000000000000000 ) ) ;
#678 = DIRECTION ( 'NONE',  ( -6.938893903907228378E-17, 0.000000000000000000, 1.000000000000000000 ) ) ;
#679 = ORIENTED_EDGE ( 'NONE', *, *, #791, .T. ) ;
#680 = EDGE_CURVE ( 'NONE', #1173, #625, #1361, .T. ) ;
#681 = ORIENTED_EDGE ( 'NONE', *, *, #1012, .F. ) ;
#682 = EDGE_CURVE ( 'NONE', #955, #231, #1614, .T. ) ;
#683 = PLANE ( 'NONE',  #106 ) ;
#684 = CARTESIAN_POINT ( 'NONE',  ( 9.714451465470119729E-16, 1.000000000000000000, -4.000000000000000000 ) ) ;
#685 = CARTESIAN_POINT ( 'NONE',  ( 1.561251128379126582E-15, 6.000000000000000000, -4.000000000000000888 ) ) ;
#686 = AXIS2_PLACEMENT_3D ( 'NONE', #1167, #1417, #228 ) ;
#687 = VECTOR ( 'NONE', #371, 1000.000000000000000 ) ;
#688 = CARTESIAN_POINT ( 'NONE',  ( -23.00000000000000000, 2.000000000000000000, 3.999999999999998224 ) ) ;
#689 = DIRECTION ( 'NONE',  ( 0.000000000000000000, 0.000000000000000000, -1.000000000000000000 ) ) ;
#690 = EDGE_CURVE ( 'NONE', #369, #1377, #1196, .T. ) ;
#691 = EDGE_LOOP ( 'NONE', ( #292, #1669, #1535, #1330, #84, #932 ) ) ;
#692 = ORIENTED_EDGE ( 'NONE', *, *, #286, .F. ) ;
#693 = VECTOR ( 'NONE', #1103, 1000.000000000000000 ) ;
#694 = DIRECTION ( 'NONE',  ( 1.000000000000000000, 0.000000000000000000, 0.000000000000000000 ) ) ;
#695 = FACE_OUTER_BOUND ( 'NONE', #387, .T. ) ;
#696 = ORIENTED_EDGE ( 'NONE', *, *, #118, .F. ) ;
#697 = PRODUCT_DEFINITION ( 'UNKNOWN', '', #1031, #595 ) ;
#698 = VECTOR ( 'NONE', #509, 1000.000000000000000 ) ;
#699 = ORIENTED_EDGE ( 'NONE', *, *, #731, .F. ) ;
#700 = VECTOR ( 'NONE', #407, 1000.000000000000114 ) ;
#701 = VECTOR ( 'NONE', #609, 1000.000000000000114 ) ;
#702 = PRODUCT ( 'ControlAttachments', 'ControlAttachments', '', ( #1305 ) ) ;
#703 = CARTESIAN_POINT ( 'NONE',  ( -25.00000000000000000, 2.000000000000000000, -1.249999999999999778 ) ) ;
#704 = CARTESIAN_POINT ( 'NONE',  ( -13.00000000000000533, 8.000000000000000000, 3.250000000000000444 ) ) ;
#705 = VERTEX_POINT ( 'NONE', #704 ) ;
#706 = EDGE_LOOP ( 'NONE', ( #1124, #1420, #918, #614 ) ) ;
#707 = CARTESIAN_POINT ( 'NONE',  ( -24.00000000000000000, 8.000000000000000000, -4.000000000000006217 ) ) ;
#708 = DIRECTION ( 'NONE',  ( 6.938893903907229364E-16, 0.000000000000000000, -1.000000000000000000 ) ) ;
#709 = EDGE_LOOP ( 'NONE', ( #1190, #73, #1141, #818 ) ) ;
#710 = EDGE_CURVE ( 'NONE', #253, #1458, #290, .T. ) ;
#711 = ORIENTED_EDGE ( 'NONE', *, *, #900, .F. ) ;
#712 = LINE ( 'NONE', #1507, #20 ) ;
#713 = DIRECTION ( 'NONE',  ( -0.000000000000000000, -0.000000000000000000, 1.000000000000000000 ) ) ;
#714 = EDGE_CURVE ( 'NONE', #647, #1227, #1528, .T. ) ;
#715 = DIRECTION ( 'NONE',  ( 0.000000000000000000, 0.000000000000000000, -1.000000000000000000 ) ) ;
#716 = CARTESIAN_POINT ( 'NONE',  ( -13.00000000000000533, 0.000000000000000000, 3.250000000000000444 ) ) ;
#717 = ORIENTED_EDGE ( 'NONE', *, *, #1618, .F. ) ;
#718 = ORIENTED_EDGE ( 'NONE', *, *, #490, .F. ) ;
#719 = DIRECTION ( 'NONE',  ( -0.8660254037844387076, -0.4999999999999997780, 0.000000000000000000 ) ) ;
#720 = AXIS2_PLACEMENT_3D ( 'NONE', #895, #1671, #1439 ) ;
#721 = VECTOR ( 'NONE', #1677, 1000.000000000000000 ) ;
#722 = DIRECTION ( 'NONE',  ( 0.000000000000000000, 0.000000000000000000, 1.000000000000000000 ) ) ;
#723 = ADVANCED_FACE ( 'NONE', ( #434 ), #65, .F. ) ;
#724 = CARTESIAN_POINT ( 'NONE',  ( 8.673617379884035472E-16, 2.000000000000000000, 1.504632769052528010E-31 ) ) ;
#725 =( BOUNDED_CURVE ( )  B_SPLINE_CURVE ( 3, ( #876, #749, #631, #1407 ),
 .UNSPECIFIED., .F., .T. ) 
 B_SPLINE_CURVE_WITH_KNOTS ( ( 4, 4 ),
 ( 4.712388980384689674, 6.283185307179586232 ),
 .UNSPECIFIED. ) 
 CURVE ( )  GEOMETRIC_REPRESENTATION_ITEM ( )  RATIONAL_B_SPLINE_CURVE ( ( 1.000000000000000000, 0.8047378541243649375, 0.8047378541243649375, 1.000000000000000000 ) ) 
 REPRESENTATION_ITEM ( '' )  );
#726 = EDGE_LOOP ( 'NONE', ( #1438, #102, #152, #664 ) ) ;
#727 = ORIENTED_EDGE ( 'NONE', *, *, #1267, .F. ) ;
#728 = CARTESIAN_POINT ( 'NONE',  ( -23.00000000000000000, 8.000000000000000000, 3.250000000000000444 ) ) ;
#729 = DIRECTION ( 'NONE',  ( 0.000000000000000000, 1.000000000000000000, 0.000000000000000000 ) ) ;
#730 = FACE_OUTER_BOUND ( 'NONE', #435, .T. ) ;
#731 = EDGE_CURVE ( 'NONE', #1654, #189, #1485, .T. ) ;
#732 = CARTESIAN_POINT ( 'NONE',  ( -0.9999999999999997780, 6.000000000000000000, 5.000000000000000000 ) ) ;
#733 = AXIS2_PLACEMENT_3D ( 'NONE', #268, #806, #1199 ) ;
#734 = EDGE_LOOP ( 'NONE', ( #314, #204, #1302, #983 ) ) ;
#735 = EDGE_CURVE ( 'NONE', #1689, #1227, #508, .T. ) ;
#736 = ORIENTED_EDGE ( 'NONE', *, *, #1163, .T. ) ;
#737 = CARTESIAN_POINT ( 'NONE',  ( -24.00000000000000000, 8.000000000000000000, 3.999999999999998224 ) ) ;
#738 = CARTESIAN_POINT ( 'NONE',  ( -23.00000000000000000, 1.000000000000000000, 3.999999999999998224 ) ) ;
#739 = DIRECTION ( 'NONE',  ( 1.000000000000000000, 0.000000000000000000, 4.336808689942017736E-16 ) ) ;
#740 = CARTESIAN_POINT ( 'NONE',  ( -17.87500000000000355, 2.773130677972048819, 3.000000000000000000 ) ) ;
#741 = EDGE_LOOP ( 'NONE', ( #800, #1218, #1357, #453 ) ) ;
#742 = ORIENTED_EDGE ( 'NONE', *, *, #1506, .T. ) ;
#743 = EDGE_CURVE ( 'NONE', #1346, #1449, #258, .T. ) ;
#744 = CARTESIAN_POINT ( 'NONE',  ( -22.12500000000000000, 2.773130677972048819, 3.000000000000000000 ) ) ;
#745 = DIRECTION ( 'NONE',  ( 0.8660254037844380415, -0.5000000000000009992, 0.000000000000000000 ) ) ;
#746 = FACE_OUTER_BOUND ( 'NONE', #209, .T. ) ;
#747 = VECTOR ( 'NONE', #1371, 1000.000000000000114 ) ;
#748 = VECTOR ( 'NONE', #276, 1000.000000000000000 ) ;
#749 = CARTESIAN_POINT ( 'NONE',  ( -14.17157287525380660, -2.152144457471159282E-16, -2.078427124746189403 ) ) ;
#750 = ADVANCED_FACE ( 'NONE', ( #964 ), #299, .T. ) ;
#751 = CIRCLE ( 'NONE', #29, 1.000000000000000000 ) ;
#752 = ORIENTED_EDGE ( 'NONE', *, *, #1069, .T. ) ;
#753 = DIRECTION ( 'NONE',  ( 1.000000000000000000, 0.000000000000000000, 0.000000000000000000 ) ) ;
#754 = VERTEX_POINT ( 'NONE', #1298 ) ;
#755 = CARTESIAN_POINT ( 'NONE',  ( -20.00000000000000355, 6.453738644055909468, -3.000000000000000000 ) ) ;
#756 = FACE_BOUND ( 'NONE', #1663, .T. ) ;
#757 = DIRECTION ( 'NONE',  ( 0.000000000000000000, 0.000000000000000000, 1.000000000000000000 ) ) ;
#758 = DIRECTION ( 'NONE',  ( -0.8660254037844387076, -0.4999999999999998335, 0.000000000000000000 ) ) ;
#759 = ORIENTED_EDGE ( 'NONE', *, *, #1372, .T. ) ;
#760 = CARTESIAN_POINT ( 'NONE',  ( -15.00000000000000178, 7.171572875253810153, 1.250000000000000222 ) ) ;
#761 = AXIS2_PLACEMENT_3D ( 'NONE', #776, #612, #893 ) ;
#762 = ORIENTED_EDGE ( 'NONE', *, *, #1334, .F. ) ;
#763 = EDGE_CURVE ( 'NONE', #1541, #1689, #870, .T. ) ;
#764 = VECTOR ( 'NONE', #1104, 1000.000000000000000 ) ;
#765 = DIRECTION ( 'NONE',  ( -0.000000000000000000, -0.000000000000000000, 1.000000000000000000 ) ) ;
#766 = DIRECTION ( 'NONE',  ( 1.000000000000000000, -0.000000000000000000, 2.428612866367529932E-16 ) ) ;
#767 = CARTESIAN_POINT ( 'NONE',  ( -22.12500000000000000, 2.773130677972048819, -3.000000000000000000 ) ) ;
#768 = EDGE_CURVE ( 'NONE', #428, #403, #884, .T. ) ;
#769 = DIRECTION ( 'NONE',  ( 0.8660254037844388186, 0.4999999999999997224, 0.000000000000000000 ) ) ;
#770 = VERTEX_POINT ( 'NONE', #1653 ) ;
#771 = LINE ( 'NONE', #340, #1157 ) ;
#772 = ORIENTED_EDGE ( 'NONE', *, *, #1355, .T. ) ;
#773 = FACE_BOUND ( 'NONE', #894, .T. ) ;
#774 =( NAMED_UNIT ( * ) SI_UNIT ( $, .STERADIAN. ) SOLID_ANGLE_UNIT ( ) );
#775 = CARTESIAN_POINT ( 'NONE',  ( -24.00000000000000000, 6.000000000000000000, -4.000000000000006217 ) ) ;
#776 = CARTESIAN_POINT ( 'NONE',  ( -24.00000000000000000, 2.000000000000000000, 3.999999999999998224 ) ) ;
#777 = ORIENTED_EDGE ( 'NONE', *, *, #937, .T. ) ;
#778 = AXIS2_PLACEMENT_3D ( 'NONE', #1382, #1635, #170 ) ;
#779 = CIRCLE ( 'NONE', #1016, 1.000000000000000000 ) ;
#780 = CARTESIAN_POINT ( 'NONE',  ( -13.00000000000000000, 8.000000000000000000, -3.249999999999999556 ) ) ;
#781 = VECTOR ( 'NONE', #248, 1000.000000000000000 ) ;
#782 = EDGE_LOOP ( 'NONE', ( #1290, #390, #389, #1093 ) ) ;
#783 = VERTEX_POINT ( 'NONE', #337 ) ;
#784 = FACE_OUTER_BOUND ( 'NONE', #1186, .T. ) ;
#785 = DIRECTION ( 'NONE',  ( -1.000000000000000000, -0.000000000000000000, -4.336808689942017736E-17 ) ) ;
#786 = EDGE_CURVE ( 'NONE', #369, #783, #353, .T. ) ;
#787 = DIRECTION ( 'NONE',  ( 1.000000000000000000, 0.000000000000000000, 0.000000000000000000 ) ) ;
#788 = ORIENTED_EDGE ( 'NONE', *, *, #1573, .F. ) ;
#789 = LINE ( 'NONE', #953, #657 ) ;
#790 = VERTEX_POINT ( 'NONE', #1531 ) ;
#791 = EDGE_CURVE ( 'NONE', #403, #864, #1425, .T. ) ;
#792 = VERTEX_POINT ( 'NONE', #114 ) ;
#793 = AXIS2_PLACEMENT_3D ( 'NONE', #345, #868, #208 ) ;
#794 = LINE ( 'NONE', #927, #1099 ) ;
#795 = CARTESIAN_POINT ( 'NONE',  ( -15.00000000000000355, 0.000000000000000000, 3.250000000000000444 ) ) ;
#796 = DIRECTION ( 'NONE',  ( 1.000000000000000000, -0.000000000000000000, 6.938893903907228378E-17 ) ) ;
#797 = ORIENTED_EDGE ( 'NONE', *, *, #943, .F. ) ;
#798 = DIRECTION ( 'NONE',  ( 1.000000000000000000, 0.000000000000000000, 0.000000000000000000 ) ) ;
#799 = ORIENTED_EDGE ( 'NONE', *, *, #1063, .T. ) ;
#800 = ORIENTED_EDGE ( 'NONE', *, *, #714, .T. ) ;
#801 = DIRECTION ( 'NONE',  ( -1.000000000000000000, 0.000000000000000000, -1.734723475976806848E-16 ) ) ;
#802 = CARTESIAN_POINT ( 'NONE',  ( 5.204170427930421283E-15, 4.000000000000000000, -1.691355389077387548E-14 ) ) ;
#803 = DIRECTION ( 'NONE',  ( 1.734723475976807094E-16, -0.000000000000000000, -1.000000000000000000 ) ) ;
#804 = DIRECTION ( 'NONE',  ( -1.000000000000000000, -0.000000000000000000, -0.000000000000000000 ) ) ;
#805 = EDGE_LOOP ( 'NONE', ( #578, #1557, #1533, #1505 ) ) ;
#806 = DIRECTION ( 'NONE',  ( 4.336808689942017736E-17, 0.000000000000000000, -1.000000000000000000 ) ) ;
#807 = ORIENTED_EDGE ( 'NONE', *, *, #506, .F. ) ;
#808 = AXIS2_PLACEMENT_3D ( 'NONE', #103, #95, #615 ) ;
#809 = CIRCLE ( 'NONE', #1217, 2.000000000000000000 ) ;
#810 = VERTEX_POINT ( 'NONE', #493 ) ;
#811 = LINE ( 'NONE', #1431, #136 ) ;
#812 = DIRECTION ( 'NONE',  ( -0.000000000000000000, -0.000000000000000000, 1.000000000000000000 ) ) ;
#813 = EDGE_CURVE ( 'NONE', #323, #1310, #304, .T. ) ;
#814 = LINE ( 'NONE', #1036, #439 ) ;
#815 = DIRECTION ( 'NONE',  ( 0.000000000000000000, -1.000000000000000000, 0.000000000000000000 ) ) ;
#816 =( BOUNDED_CURVE ( )  B_SPLINE_CURVE ( 3, ( #41, #1066, #865, #1386 ),
 .UNSPECIFIED., .F., .T. ) 
 B_SPLINE_CURVE_WITH_KNOTS ( ( 4, 4 ),
 ( 1.570796326794896780, 3.141592653589793116 ),
 .UNSPECIFIED. ) 
 CURVE ( )  GEOMETRIC_REPRESENTATION_ITEM ( )  RATIONAL_B_SPLINE_CURVE ( ( 1.000000000000000000, 0.8047378541243650485, 0.8047378541243650485, 1.000000000000000000 ) ) 
 REPRESENTATION_ITEM ( '' )  );
#817 = DIRECTION ( 'NONE',  ( -0.000000000000000000, -0.000000000000000000, 1.000000000000000000 ) ) ;
#818 = ORIENTED_EDGE ( 'NONE', *, *, #600, .F. ) ;
#819 = VERTEX_POINT ( 'NONE', #1140 ) ;
#820 = VECTOR ( 'NONE', #817, 1000.000000000000000 ) ;
#821 = DIRECTION ( 'NONE',  ( -1.000000000000000000, 0.000000000000000000, -0.000000000000000000 ) ) ;
#822 = CARTESIAN_POINT ( 'NONE',  ( -22.12500000000000000, 2.773130677972048819, 3.000000000000000000 ) ) ;
#823 = VERTEX_POINT ( 'NONE', #1660 ) ;
#824 = ORIENTED_EDGE ( 'NONE', *, *, #710, .T. ) ;
#825 = DIRECTION ( 'NONE',  ( 1.000000000000000000, 0.000000000000000000, 0.000000000000000000 ) ) ;
#826 = EDGE_CURVE ( 'NONE', #285, #944, #1010, .T. ) ;
#827 = LINE ( 'NONE', #564, #567 ) ;
#828 = CARTESIAN_POINT ( 'NONE',  ( 1.409462824231155025E-16, 6.000000000000000000, -3.249999999999998668 ) ) ;
#829 = CARTESIAN_POINT ( 'NONE',  ( -20.00000000000000355, 1.546261355944093863, 3.000000000000000000 ) ) ;
#830 = ORIENTED_EDGE ( 'NONE', *, *, #1063, .F. ) ;
#831 = ORIENTED_EDGE ( 'NONE', *, *, #444, .T. ) ;
#832 = TOROIDAL_SURFACE ( 'NONE', #1646, 1.000000000000000000, 1.000000000000000000 ) ;
#833 = AXIS2_PLACEMENT_3D ( 'NONE', #132, #1457, #959 ) ;
#834 = CIRCLE ( 'NONE', #1220, 1.000000000000000888 ) ;
#835 = CARTESIAN_POINT ( 'NONE',  ( -21.00000000000000000, 4.000000000000000000, -3.000000000000000000 ) ) ;
#836 = PRODUCT_DEFINITION_SHAPE ( 'NONE', 'NONE',  #697 ) ;
#837 = CYLINDRICAL_SURFACE ( 'NONE', #1268, 2.000000000000000000 ) ;
#838 = EDGE_CURVE ( 'NONE', #1451, #305, #1416, .T. ) ;
#839 = DIRECTION ( 'NONE',  ( -1.000000000000000000, 0.000000000000000000, 0.000000000000000000 ) ) ;
#840 = ORIENTED_EDGE ( 'NONE', *, *, #984, .T. ) ;
#841 = ORIENTED_EDGE ( 'NONE', *, *, #1267, .T. ) ;
#842 = EDGE_CURVE ( 'NONE', #792, #995, #1001, .T. ) ;
#843 = LINE ( 'NONE', #1236, #378 ) ;
#844 = VECTOR ( 'NONE', #236, 1000.000000000000000 ) ;
#845 = CARTESIAN_POINT ( 'NONE',  ( -25.00000000000000000, 8.000000000000000000, 3.999999999999998224 ) ) ;
#846 = ORIENTED_EDGE ( 'NONE', *, *, #1430, .F. ) ;
#847 = ORIENTED_EDGE ( 'NONE', *, *, #680, .T. ) ;
#848 = PLANE ( 'NONE',  #1347 ) ;
#849 = DIRECTION ( 'NONE',  ( -0.000000000000000000, -0.000000000000000000, -1.000000000000000000 ) ) ;
#850 = DIRECTION ( 'NONE',  ( -0.5000000000000008882, -0.8660254037844382635, 0.000000000000000000 ) ) ;
#851 = VERTEX_POINT ( 'NONE', #740 ) ;
#852 = ORIENTED_EDGE ( 'NONE', *, *, #42, .T. ) ;
#853 = EDGE_CURVE ( 'NONE', #783, #179, #725, .T. ) ;
#854 = VECTOR ( 'NONE', #1463, 1000.000000000000000 ) ;
#855 = DIRECTION ( 'NONE',  ( -0.000000000000000000, -0.000000000000000000, 1.000000000000000000 ) ) ;
#856 = AXIS2_PLACEMENT_3D ( 'NONE', #1556, #904, #367 ) ;
#857 = DIRECTION ( 'NONE',  ( 1.000000000000000000, 0.000000000000000000, 0.000000000000000000 ) ) ;
#858 = CIRCLE ( 'NONE', #993, 1.000000000000000888 ) ;
#859 = CARTESIAN_POINT ( 'NONE',  ( -22.12500000000000000, 2.773130677972048819, -3.000000000000000000 ) ) ;
#860 = ADVANCED_FACE ( 'NONE', ( #1288 ), #1538, .T. ) ;
#861 = CARTESIAN_POINT ( 'NONE',  ( -25.00000000000000000, 6.000000000000000000, -1.249999999999999778 ) ) ;
#862 = VERTEX_POINT ( 'NONE', #201 ) ;
#863 = VECTOR ( 'NONE', #1198, 1000.000000000000000 ) ;
#864 = VERTEX_POINT ( 'NONE', #100 ) ;
#865 = CARTESIAN_POINT ( 'NONE',  ( -24.99999999999999645, 7.171572875253809265, 1.250000000000000888 ) ) ;
#866 = DIRECTION ( 'NONE',  ( -0.000000000000000000, -0.000000000000000000, 1.000000000000000000 ) ) ;
#867 = CARTESIAN_POINT ( 'NONE',  ( -25.00000000000000000, 8.000000000000000000, -1.249999999999999778 ) ) ;
#868 = DIRECTION ( 'NONE',  ( 1.000000000000000000, 0.000000000000000000, 0.000000000000000000 ) ) ;
#869 = ADVANCED_FACE ( 'NONE', ( #83 ), #1159, .F. ) ;
#870 = CIRCLE ( 'NONE', #793, 1.000000000000000000 ) ;
#871 = ORIENTED_EDGE ( 'NONE', *, *, #1483, .T. ) ;
#872 = ORIENTED_EDGE ( 'NONE', *, *, #1390, .F. ) ;
#873 = DIRECTION ( 'NONE',  ( -6.938893903907229364E-16, 0.000000000000000000, 1.000000000000000000 ) ) ;
#874 = CARTESIAN_POINT ( 'NONE',  ( -22.12500000000000000, 5.226869322027958731, -3.000000000000000000 ) ) ;
#875 = SURFACE_SIDE_STYLE ('',( #336 ) ) ;
#876 = CARTESIAN_POINT ( 'NONE',  ( -13.00000000000000000, 0.000000000000000000, -3.249999999999999112 ) ) ;
#877 = ORIENTED_EDGE ( 'NONE', *, *, #682, .F. ) ;
#878 = DIRECTION ( 'NONE',  ( -0.000000000000000000, -0.000000000000000000, 1.000000000000000000 ) ) ;
#879 = ORIENTED_EDGE ( 'NONE', *, *, #1512, .T. ) ;
#880 = DIRECTION ( 'NONE',  ( -1.000000000000000000, 0.000000000000000000, 4.336808689942017736E-16 ) ) ;
#881 = CARTESIAN_POINT ( 'NONE',  ( 9.714451465470119729E-16, 0.000000000000000000, -4.000000000000000000 ) ) ;
#882 = FILL_AREA_STYLE ('',( #901 ) ) ;
#883 = VECTOR ( 'NONE', #849, 1000.000000000000000 ) ;
#884 = LINE ( 'NONE', #71, #1002 ) ;
#885 = EDGE_LOOP ( 'NONE', ( #1080, #66, #788, #908 ) ) ;
#886 = EDGE_CURVE ( 'NONE', #231, #616, #359, .T. ) ;
#887 = CARTESIAN_POINT ( 'NONE',  ( -20.00000000000000000, 4.000000000000000000, -5.000000000000005329 ) ) ;
#888 = VERTEX_POINT ( 'NONE', #93 ) ;
#889 = EDGE_CURVE ( 'NONE', #32, #1326, #557, .T. ) ;
#890 = CARTESIAN_POINT ( 'NONE',  ( -13.00000000000000178, 6.000000000000000000, -9.020562075079398469E-15 ) ) ;
#891 = PLANE ( 'NONE',  #227 ) ;
#892 = DIRECTION ( 'NONE',  ( -2.428612866367529932E-16, 0.000000000000000000, 1.000000000000000000 ) ) ;
#893 = DIRECTION ( 'NONE',  ( 0.000000000000000000, 0.000000000000000000, 1.000000000000000000 ) ) ;
#894 = EDGE_LOOP ( 'NONE', ( #681, #1631, #94, #1411, #503, #523 ) ) ;
#895 = CARTESIAN_POINT ( 'NONE',  ( -17.87500000000000355, 5.226869322027951625, 3.000000000000000000 ) ) ;
#896 = ORIENTED_EDGE ( 'NONE', *, *, #1222, .T. ) ;
#897 = TOROIDAL_SURFACE ( 'NONE', #13, 1.000000000000000000, 1.000000000000000000 ) ;
#898 = CARTESIAN_POINT ( 'NONE',  ( -23.00000000000000000, 1.000000000000000000, -5.000000000000005329 ) ) ;
#899 = LINE ( 'NONE', #1119, #1206 ) ;
#900 = EDGE_CURVE ( 'NONE', #1233, #823, #416, .T. ) ;
#901 = FILL_AREA_STYLE_COLOUR ( '', #642 ) ;
#902 = DIRECTION ( 'NONE',  ( 6.938893903907229364E-16, -0.000000000000000000, -1.000000000000000000 ) ) ;
#903 = ORIENTED_EDGE ( 'NONE', *, *, #471, .T. ) ;
#904 = DIRECTION ( 'NONE',  ( 0.000000000000000000, 0.000000000000000000, -1.000000000000000000 ) ) ;
#905 = VERTEX_POINT ( 'NONE', #1668 ) ;
#906 = EDGE_CURVE ( 'NONE', #202, #819, #1392, .T. ) ;
#907 = EDGE_CURVE ( 'NONE', #1377, #479, #1054, .T. ) ;
#908 = ORIENTED_EDGE ( 'NONE', *, *, #448, .T. ) ;
#909 = CYLINDRICAL_SURFACE ( 'NONE', #456, 2.000000000000000000 ) ;
#910 = CARTESIAN_POINT ( 'NONE',  ( -25.00000000000000000, 2.000000000000000000, -4.000000000000006217 ) ) ;
#911 = DIRECTION ( 'NONE',  ( 1.000000000000000000, 0.000000000000000000, 0.000000000000000000 ) ) ;
#912 = ADVANCED_FACE ( 'NONE', ( #1579 ), #139, .T. ) ;
#913 = ORIENTED_EDGE ( 'NONE', *, *, #1657, .T. ) ;
#914 = AXIS2_PLACEMENT_3D ( 'NONE', #775, #1520, #1666 ) ;
#915 = VECTOR ( 'NONE', #942, 1000.000000000000114 ) ;
#916 = PLANE ( 'NONE',  #720 ) ;
#917 = VECTOR ( 'NONE', #785, 1000.000000000000000 ) ;
#918 = ORIENTED_EDGE ( 'NONE', *, *, #690, .F. ) ;
#919 = ORIENTED_EDGE ( 'NONE', *, *, #600, .T. ) ;
#920 = CARTESIAN_POINT ( 'NONE',  ( -25.00000000000000000, 6.000000000000000000, 1.250000000000000000 ) ) ;
#921 = CARTESIAN_POINT ( 'NONE',  ( -23.00000000000000000, 0.000000000000000000, 3.999999999999998224 ) ) ;
#922 = LINE ( 'NONE', #259, #319 ) ;
#923 = ORIENTED_EDGE ( 'NONE', *, *, #1334, .T. ) ;
#924 = DIRECTION ( 'NONE',  ( -6.938893903907228378E-17, 0.000000000000000000, 1.000000000000000000 ) ) ;
#925 = ORIENTED_EDGE ( 'NONE', *, *, #1394, .F. ) ;
#926 = ORIENTED_EDGE ( 'NONE', *, *, #1445, .F. ) ;
#927 = CARTESIAN_POINT ( 'NONE',  ( -22.12500000000000000, 2.773130677972048819, -5.000000000000000000 ) ) ;
#928 = TOROIDAL_SURFACE ( 'NONE', #1611, 1.000000000000000000, 1.000000000000000000 ) ;
#929 = FACE_OUTER_BOUND ( 'NONE', #967, .T. ) ;
#930 = EDGE_CURVE ( 'NONE', #1003, #22, #249, .T. ) ;
#931 = DIRECTION ( 'NONE',  ( -0.8660254037844387076, -0.4999999999999998335, -0.000000000000000000 ) ) ;
#932 = ORIENTED_EDGE ( 'NONE', *, *, #528, .F. ) ;
#933 = AXIS2_PLACEMENT_3D ( 'NONE', #222, #765, #199 ) ;
#934 = FACE_OUTER_BOUND ( 'NONE', #1021, .T. ) ;
#935 = ORIENTED_EDGE ( 'NONE', *, *, #28, .F. ) ;
#936 = ORIENTED_EDGE ( 'NONE', *, *, #39, .F. ) ;
#937 = EDGE_CURVE ( 'NONE', #479, #323, #153, .T. ) ;
#938 = DIRECTION ( 'NONE',  ( -0.000000000000000000, -0.000000000000000000, 1.000000000000000000 ) ) ;
#939 = DIRECTION ( 'NONE',  ( -1.000000000000000000, 0.000000000000000000, 0.000000000000000000 ) ) ;
#940 = DIRECTION ( 'NONE',  ( 0.8660254037844380415, -0.5000000000000009992, 0.000000000000000000 ) ) ;
#941 = DIRECTION ( 'NONE',  ( -0.8660254037844387076, -0.4999999999999998335, 0.000000000000000000 ) ) ;
#942 = DIRECTION ( 'NONE',  ( -0.8660254037844381525, 0.5000000000000007772, 0.000000000000000000 ) ) ;
#943 = EDGE_CURVE ( 'NONE', #1263, #1654, #1378, .T. ) ;
#944 = VERTEX_POINT ( 'NONE', #266 ) ;
#945 = CIRCLE ( 'NONE', #186, 2.000000000000001776 ) ;
#946 = AXIS2_PLACEMENT_3D ( 'NONE', #237, #1148, #1643 ) ;
#947 = EDGE_LOOP ( 'NONE', ( #126, #173, #96, #562 ) ) ;
#948 = DIRECTION ( 'NONE',  ( 0.8660254037844380415, -0.5000000000000009992, 0.000000000000000000 ) ) ;
#949 = CARTESIAN_POINT ( 'NONE',  ( 1.734723475976806601E-16, 2.000000000000000000, 4.000000000000000000 ) ) ;
#950 = CARTESIAN_POINT ( 'NONE',  ( -0.9999999999999997780, 8.000000000000000000, 4.000000000000000000 ) ) ;
#951 = DIRECTION ( 'NONE',  ( 0.000000000000000000, 0.000000000000000000, -1.000000000000000000 ) ) ;
#952 = DIRECTION ( 'NONE',  ( 0.000000000000000000, -1.000000000000000000, 0.000000000000000000 ) ) ;
#953 = CARTESIAN_POINT ( 'NONE',  ( -20.00000000000000355, 1.546261355944093863, 3.000000000000000000 ) ) ;
#954 = ORIENTED_EDGE ( 'NONE', *, *, #1084, .T. ) ;
#955 = VERTEX_POINT ( 'NONE', #374 ) ;
#956 = AXIS2_PLACEMENT_3D ( 'NONE', #458, #839, #193 ) ;
#957 = VECTOR ( 'NONE', #1230, 1000.000000000000000 ) ;
#958 = CARTESIAN_POINT ( 'NONE',  ( 1.734723475976807094E-16, 6.000000000000000000, 4.000000000000000000 ) ) ;
#959 = DIRECTION ( 'NONE',  ( 0.000000000000000000, 0.000000000000000000, 1.000000000000000000 ) ) ;
#960 = EDGE_LOOP ( 'NONE', ( #51, #1647, #1032, #535 ) ) ;
#961 = ORIENTED_EDGE ( 'NONE', *, *, #930, .T. ) ;
#962 = EDGE_CURVE ( 'NONE', #355, #323, #583, .T. ) ;
#963 = CARTESIAN_POINT ( 'NONE',  ( -17.87500000000000355, 2.773130677972048819, -5.000000000000000000 ) ) ;
#964 = FACE_OUTER_BOUND ( 'NONE', #653, .T. ) ;
#965 = EDGE_CURVE ( 'NONE', #202, #429, #676, .T. ) ;
#966 = ORIENTED_EDGE ( 'NONE', *, *, #978, .T. ) ;
#967 = EDGE_LOOP ( 'NONE', ( #663, #1171, #1515, #877 ) ) ;
#968 = AXIS2_PLACEMENT_3D ( 'NONE', #1149, #330, #365 ) ;
#969 = VECTOR ( 'NONE', #175, 1000.000000000000000 ) ;
#970 = FACE_OUTER_BOUND ( 'NONE', #1496, .T. ) ;
#971 = CARTESIAN_POINT ( 'NONE',  ( 0.000000000000000000, 6.000000000000000000, 3.250000000000000444 ) ) ;
#972 = DIRECTION ( 'NONE',  ( 0.000000000000000000, 0.000000000000000000, 1.000000000000000000 ) ) ;
#973 = EDGE_LOOP ( 'NONE', ( #1705, #436 ) ) ;
#974 = EDGE_LOOP ( 'NONE', ( #117, #1697, #1282, #587, #1151, #742, #1393, #1077 ) ) ;
#975 = LINE ( 'NONE', #1118, #747 ) ;
#976 = VECTOR ( 'NONE', #187, 1000.000000000000000 ) ;
#977 = PLANE ( 'NONE',  #645 ) ;
#978 = EDGE_CURVE ( 'NONE', #179, #1377, #123, .T. ) ;
#979 = AXIS2_PLACEMENT_3D ( 'NONE', #316, #713, #857 ) ;
#980 = CARTESIAN_POINT ( 'NONE',  ( -23.00000000000000000, 0.000000000000000000, -3.249999999999999556 ) ) ;
#981 = VERTEX_POINT ( 'NONE', #282 ) ;
#982 = EDGE_CURVE ( 'NONE', #635, #1481, #1296, .T. ) ;
#983 = ORIENTED_EDGE ( 'NONE', *, *, #1117, .T. ) ;
#984 = EDGE_CURVE ( 'NONE', #46, #403, #1064, .T. ) ;
#985 = LINE ( 'NONE', #1251, #700 ) ;
#986 = DIRECTION ( 'NONE',  ( -1.000000000000000000, 0.000000000000000000, 4.336808689942017736E-16 ) ) ;
#987 = CARTESIAN_POINT ( 'NONE',  ( -19.00000000000000000, 4.000000000000000000, 1.250000000000000222 ) ) ;
#988 = ORIENTED_EDGE ( 'NONE', *, *, #978, .F. ) ;
#989 = ORIENTED_EDGE ( 'NONE', *, *, #1234, .F. ) ;
#990 = CARTESIAN_POINT ( 'NONE',  ( -23.00000000000000000, 8.000000000000000000, 0.000000000000000000 ) ) ;
#991 = AXIS2_PLACEMENT_3D ( 'NONE', #348, #1210, #1602 ) ;
#992 = LINE ( 'NONE', #1422, #306 ) ;
#993 = AXIS2_PLACEMENT_3D ( 'NONE', #1444, #1333, #939 ) ;
#994 = CARTESIAN_POINT ( 'NONE',  ( -15.00000000000000178, 0.8284271247461899579, 1.250000000000000222 ) ) ;
#995 = VERTEX_POINT ( 'NONE', #1446 ) ;
#996 = VERTEX_POINT ( 'NONE', #1307 ) ;
#997 = AXIS2_PLACEMENT_3D ( 'NONE', #737, #1421, #472 ) ;
#998 = DIRECTION ( 'NONE',  ( 1.000000000000000000, 0.000000000000000000, 0.000000000000000000 ) ) ;
#999 = DIRECTION ( 'NONE',  ( 1.000000000000000000, 0.000000000000000000, -0.000000000000000000 ) ) ;
#1000 = PLANE ( 'NONE',  #1079 ) ;
#1001 = LINE ( 'NONE', #1686, #1632 ) ;
#1002 = VECTOR ( 'NONE', #758, 1000.000000000000000 ) ;
#1003 = VERTEX_POINT ( 'NONE', #1589 ) ;
#1004 = PLANE ( 'NONE',  #808 ) ;
#1005 = ORIENTED_EDGE ( 'NONE', *, *, #1595, .T. ) ;
#1006 = ADVANCED_FACE ( 'NONE', ( #1474, #1704 ), #406, .T. ) ;
#1007 = CARTESIAN_POINT ( 'NONE',  ( 4.727121472036799332E-15, 4.000000000000000000, -1.100000000000016964 ) ) ;
#1008 = CARTESIAN_POINT ( 'NONE',  ( 0.000000000000000000, 0.000000000000000000, 0.000000000000000000 ) ) ;
#1009 = DIRECTION ( 'NONE',  ( 1.000000000000000000, 0.000000000000000000, 2.428612866367529932E-16 ) ) ;
#1010 = LINE ( 'NONE', #652, #450 ) ;
#1011 = ORIENTED_EDGE ( 'NONE', *, *, #1342, .F. ) ;
#1012 = EDGE_CURVE ( 'NONE', #864, #285, #660, .T. ) ;
#1013 = DIRECTION ( 'NONE',  ( 1.000000000000000000, 0.000000000000000000, 6.938893903907228378E-17 ) ) ;
#1014 = ORIENTED_EDGE ( 'NONE', *, *, #1618, .T. ) ;
#1015 = FACE_OUTER_BOUND ( 'NONE', #537, .T. ) ;
#1016 = AXIS2_PLACEMENT_3D ( 'NONE', #68, #607, #1126 ) ;
#1017 = STYLED_ITEM ( 'NONE', ( #364 ), #1214 ) ;
#1018 = CARTESIAN_POINT ( 'NONE',  ( -20.00000000000000355, 6.453738644055909468, -3.000000000000000000 ) ) ;
#1019 = CARTESIAN_POINT ( 'NONE',  ( -1.999999999999999112, 0.000000000000000000, -3.469446951953612710E-16 ) ) ;
#1020 = FACE_OUTER_BOUND ( 'NONE', #576, .T. ) ;
#1021 = EDGE_LOOP ( 'NONE', ( #841, #1235, #989, #923 ) ) ;
#1022 = EDGE_CURVE ( 'NONE', #602, #981, #1177, .T. ) ;
#1023 = CARTESIAN_POINT ( 'NONE',  ( -20.00000000000000355, 6.453738644055909468, -3.000000000000000000 ) ) ;
#1024 = FACE_OUTER_BOUND ( 'NONE', #409, .T. ) ;
#1025 = SURFACE_STYLE_USAGE ( .BOTH. , #875 ) ;
#1026 = DIRECTION ( 'NONE',  ( -6.938893903907228378E-17, 0.000000000000000000, 1.000000000000000000 ) ) ;
#1027 = FACE_OUTER_BOUND ( 'NONE', #947, .T. ) ;
#1028 = CARTESIAN_POINT ( 'NONE',  ( 0.000000000000000000, 6.000000000000000000, 1.250000000000000000 ) ) ;
#1029 = TOROIDAL_SURFACE ( 'NONE', #283, 1.000000000000000000, 1.000000000000000000 ) ;
#1030 = ORIENTED_EDGE ( 'NONE', *, *, #1445, .T. ) ;
#1031 = PRODUCT_DEFINITION_FORMATION_WITH_SPECIFIED_SOURCE ( 'ANY', '', #702, .NOT_KNOWN. ) ;
#1032 = ORIENTED_EDGE ( 'NONE', *, *, #437, .T. ) ;
#1033 = DIRECTION ( 'NONE',  ( 1.000000000000000000, 0.000000000000000000, 4.336808689942017736E-16 ) ) ;
#1034 = EDGE_CURVE ( 'NONE', #57, #1541, #814, .T. ) ;
#1035 = CARTESIAN_POINT ( 'NONE',  ( -15.00000000000000178, 4.000000000000000000, -1.100000000000010525 ) ) ;
#1036 = CARTESIAN_POINT ( 'NONE',  ( -23.00000000000000000, 8.000000000000000000, 0.000000000000000000 ) ) ;
#1037 = CARTESIAN_POINT ( 'NONE',  ( -23.00000000000000000, 8.000000000000000000, -4.000000000000005329 ) ) ;
#1038 = CARTESIAN_POINT ( 'NONE',  ( -20.00000000000000355, 6.453738644055909468, 5.000000000000000000 ) ) ;
#1039 = VERTEX_POINT ( 'NONE', #1335 ) ;
#1040 = EDGE_LOOP ( 'NONE', ( #1375, #903, #1593, #307 ) ) ;
#1041 = CYLINDRICAL_SURFACE ( 'NONE', #76, 2.000000000000000000 ) ;
#1042 = DIRECTION ( 'NONE',  ( 6.938893903907228378E-17, -0.000000000000000000, -1.000000000000000000 ) ) ;
#1043 = EDGE_CURVE ( 'NONE', #1173, #87, #809, .T. ) ;
#1044 = CARTESIAN_POINT ( 'NONE',  ( -25.00000000000000000, 2.000000000000000000, 1.250000000000000000 ) ) ;
#1045 = VERTEX_POINT ( 'NONE', #386 ) ;
#1046 = AXIS2_PLACEMENT_3D ( 'NONE', #238, #1553, #1522 ) ;
#1047 = CIRCLE ( 'NONE', #1297, 2.000000000000001776 ) ;
#1048 = CARTESIAN_POINT ( 'NONE',  ( -20.00000000000000355, 1.546261355944093863, -3.000000000000000000 ) ) ;
#1049 = VECTOR ( 'NONE', #1166, 1000.000000000000000 ) ;
#1050 = EDGE_LOOP ( 'NONE', ( #1523, #1442, #669, #1123 ) ) ;
#1051 = ORIENTED_EDGE ( 'NONE', *, *, #1497, .T. ) ;
#1052 = LINE ( 'NONE', #404, #1543 ) ;
#1053 = CARTESIAN_POINT ( 'NONE',  ( -13.00000000000000355, 8.000000000000000000, 1.250000000000001332 ) ) ;
#1054 = LINE ( 'NONE', #1044, #242 ) ;
#1055 = ORIENTED_EDGE ( 'NONE', *, *, #88, .T. ) ;
#1056 = DIRECTION ( 'NONE',  ( -6.938893903907228378E-17, 0.000000000000000000, 1.000000000000000000 ) ) ;
#1057 = ORIENTED_EDGE ( 'NONE', *, *, #1651, .T. ) ;
#1058 = AXIS2_PLACEMENT_3D ( 'NONE', #592, #601, #1225 ) ;
#1059 = ORIENTED_EDGE ( 'NONE', *, *, #433, .T. ) ;
#1060 = DIRECTION ( 'NONE',  ( 1.734723475976807094E-16, -0.000000000000000000, -1.000000000000000000 ) ) ;
#1061 =( LENGTH_UNIT ( ) NAMED_UNIT ( * ) SI_UNIT ( .MILLI., .METRE. ) );
#1062 = DIRECTION ( 'NONE',  ( 2.428612866367529932E-16, -0.000000000000000000, -1.000000000000000000 ) ) ;
#1063 = EDGE_CURVE ( 'NONE', #525, #1068, #922, .T. ) ;
#1064 = LINE ( 'NONE', #551, #295 ) ;
#1065 = DIRECTION ( 'NONE',  ( 0.000000000000000000, 0.000000000000000000, -1.000000000000000000 ) ) ;
#1066 = CARTESIAN_POINT ( 'NONE',  ( -24.17157287525380482, 7.999999999999998224, 2.078427124746190291 ) ) ;
#1067 = LINE ( 'NONE', #408, #820 ) ;
#1068 = VERTEX_POINT ( 'NONE', #1315 ) ;
#1069 = EDGE_CURVE ( 'NONE', #46, #505, #530, .T. ) ;
#1070 = ORIENTED_EDGE ( 'NONE', *, *, #1022, .T. ) ;
#1071 = DIRECTION ( 'NONE',  ( -1.734723475976807094E-16, 0.000000000000000000, 1.000000000000000000 ) ) ;
#1072 = DIRECTION ( 'NONE',  ( 1.000000000000000000, 0.000000000000000000, 2.428612866367529932E-16 ) ) ;
#1073 = DIRECTION ( 'NONE',  ( -1.000000000000000000, 0.000000000000000000, 0.000000000000000000 ) ) ;
#1074 = DIRECTION ( 'NONE',  ( -0.000000000000000000, -0.000000000000000000, 1.000000000000000000 ) ) ;
#1075 = CARTESIAN_POINT ( 'NONE',  ( -17.87500000000000355, 5.226869322027951625, -3.000000000000000000 ) ) ;
#1076 = AXIS2_PLACEMENT_3D ( 'NONE', #26, #951, #821 ) ;
#1077 = ORIENTED_EDGE ( 'NONE', *, *, #110, .T. ) ;
#1078 = AXIS2_PLACEMENT_3D ( 'NONE', #744, #480, #1269 ) ;
#1079 = AXIS2_PLACEMENT_3D ( 'NONE', #1529, #1537, #344 ) ;
#1080 = ORIENTED_EDGE ( 'NONE', *, *, #224, .T. ) ;
#1081 = CARTESIAN_POINT ( 'NONE',  ( -17.87500000000000355, 2.773130677972048819, -3.000000000000000000 ) ) ;
#1082 = DIRECTION ( 'NONE',  ( 1.000000000000000000, 0.000000000000000000, 6.938893903907228378E-17 ) ) ;
#1083 = ORIENTED_EDGE ( 'NONE', *, *, #605, .T. ) ;
#1084 = EDGE_CURVE ( 'NONE', #254, #862, #177, .T. ) ;
#1085 = ORIENTED_EDGE ( 'NONE', *, *, #682, .T. ) ;
#1086 = CIRCLE ( 'NONE', #1388, 1.000000000000000888 ) ;
#1087 = CIRCLE ( 'NONE', #1365, 1.000000000000000000 ) ;
#1088 = CARTESIAN_POINT ( 'NONE',  ( 1.409462824231155025E-16, 0.000000000000000000, -3.249999999999998668 ) ) ;
#1089 = EDGE_CURVE ( 'NONE', #790, #22, #1623, .T. ) ;
#1090 = FACE_OUTER_BOUND ( 'NONE', #1539, .T. ) ;
#1091 = DIRECTION ( 'NONE',  ( 1.000000000000000000, 0.000000000000000000, 4.336808689942013792E-16 ) ) ;
#1092 = CIRCLE ( 'NONE', #297, 1.100000000000000089 ) ;
#1093 = ORIENTED_EDGE ( 'NONE', *, *, #1506, .F. ) ;
#1094 = VERTEX_POINT ( 'NONE', #424 ) ;
#1095 = DIRECTION ( 'NONE',  ( 0.000000000000000000, 0.000000000000000000, 1.000000000000000000 ) ) ;
#1096 = DIRECTION ( 'NONE',  ( 0.000000000000000000, -1.000000000000000000, 0.000000000000000000 ) ) ;
#1097 = CARTESIAN_POINT ( 'NONE',  ( -23.00000000000000000, 2.000000000000000000, 0.000000000000000000 ) ) ;
#1098 = ORIENTED_EDGE ( 'NONE', *, *, #842, .T. ) ;
#1099 = VECTOR ( 'NONE', #948, 1000.000000000000114 ) ;
#1100 = VERTEX_POINT ( 'NONE', #958 ) ;
#1101 = PRESENTATION_LAYER_ASSIGNMENT (  '', '', ( #1017 ) ) ;
#1102 = ADVANCED_FACE ( 'NONE', ( #1501, #560 ), #1627, .F. ) ;
#1103 = DIRECTION ( 'NONE',  ( 0.000000000000000000, -1.000000000000000000, 0.000000000000000000 ) ) ;
#1104 = DIRECTION ( 'NONE',  ( -1.000000000000000000, -0.000000000000000000, -4.336808689942017736E-17 ) ) ;
#1105 = CARTESIAN_POINT ( 'NONE',  ( -22.12500000000000000, 5.226869322027958731, 3.000000000000000000 ) ) ;
#1106 = CARTESIAN_POINT ( 'NONE',  ( -15.00000000000000355, 2.000000000000000000, 1.250000000000000000 ) ) ;
#1107 = ORIENTED_EDGE ( 'NONE', *, *, #889, .T. ) ;
#1108 = ADVANCED_FACE ( 'NONE', ( #730 ), #977, .T. ) ;
#1109 = ORIENTED_EDGE ( 'NONE', *, *, #886, .T. ) ;
#1110 = CARTESIAN_POINT ( 'NONE',  ( 0.000000000000000000, 8.000000000000000000, 3.250000000000000444 ) ) ;
#1111 = AXIS2_PLACEMENT_3D ( 'NONE', #511, #1274, #640 ) ;
#1112 = CARTESIAN_POINT ( 'NONE',  ( -15.00000000000000178, 4.000000000000000000, -1.040834085586084572E-14 ) ) ;
#1113 = AXIS2_PLACEMENT_3D ( 'NONE', #1008, #216, #1294 ) ;
#1114 = CARTESIAN_POINT ( 'NONE',  ( -25.00000000000000000, 6.000000000000000000, 3.999999999999998224 ) ) ;
#1115 = ORIENTED_EDGE ( 'NONE', *, *, #906, .F. ) ;
#1116 = EDGE_LOOP ( 'NONE', ( #131, #1162, #711, #692 ) ) ;
#1117 = EDGE_CURVE ( 'NONE', #181, #1458, #1402, .T. ) ;
#1118 = CARTESIAN_POINT ( 'NONE',  ( -17.87500000000000355, 5.226869322027951625, 3.000000000000000000 ) ) ;
#1119 = CARTESIAN_POINT ( 'NONE',  ( -25.00000000000000000, 2.000000000000000000, -4.000000000000006217 ) ) ;
#1120 = CARTESIAN_POINT ( 'NONE',  ( -15.00000000000000178, 8.000000000000000000, -1.249999999999999334 ) ) ;
#1121 = DIRECTION ( 'NONE',  ( -1.000000000000000000, -0.000000000000000000, 4.336808689942018229E-16 ) ) ;
#1122 = ADVANCED_FACE ( 'NONE', ( #43, #33 ), #447, .F. ) ;
#1123 = ORIENTED_EDGE ( 'NONE', *, *, #354, .F. ) ;
#1124 = ORIENTED_EDGE ( 'NONE', *, *, #185, .T. ) ;
#1125 = AXIS2_PLACEMENT_3D ( 'NONE', #130, #1343, #1325 ) ;
#1126 = DIRECTION ( 'NONE',  ( 0.000000000000000000, 0.000000000000000000, -1.000000000000000000 ) ) ;
#1127 = AXIS2_PLACEMENT_3D ( 'NONE', #1344, #1608, #689 ) ;
#1128 = CARTESIAN_POINT ( 'NONE',  ( -17.87500000000000355, 5.226869322027951625, 3.000000000000000000 ) ) ;
#1129 = CIRCLE ( 'NONE', #613, 1.000000000000000888 ) ;
#1130 = DIRECTION ( 'NONE',  ( 0.8660254037844388186, 0.4999999999999997224, 0.000000000000000000 ) ) ;
#1131 = ORIENTED_EDGE ( 'NONE', *, *, #1595, .F. ) ;
#1132 = AXIS2_PLACEMENT_3D ( 'NONE', #366, #1447, #1168 ) ;
#1133 = FACE_OUTER_BOUND ( 'NONE', #1040, .T. ) ;
#1134 = ORIENTED_EDGE ( 'NONE', *, *, #339, .F. ) ;
#1135 = EDGE_CURVE ( 'NONE', #1428, #770, #1509, .T. ) ;
#1136 = DIRECTION ( 'NONE',  ( -2.428612866367529932E-16, 0.000000000000000000, 1.000000000000000000 ) ) ;
#1137 = DIRECTION ( 'NONE',  ( 1.000000000000000000, 0.000000000000000000, 0.000000000000000000 ) ) ;
#1138 = DIRECTION ( 'NONE',  ( -0.000000000000000000, 1.000000000000000000, 0.000000000000000000 ) ) ;
#1139 = ADVANCED_FACE ( 'NONE', ( #1090 ), #318, .T. ) ;
#1140 = CARTESIAN_POINT ( 'NONE',  ( -20.00000000000000355, 6.453738644055909468, -5.000000000000000000 ) ) ;
#1141 = ORIENTED_EDGE ( 'NONE', *, *, #626, .F. ) ;
#1142 = AXIS2_PLACEMENT_3D ( 'NONE', #802, #392, #413 ) ;
#1143 = CARTESIAN_POINT ( 'NONE',  ( -25.00000000000000000, 2.000000000000000000, 1.250000000000000000 ) ) ;
#1144 = VERTEX_POINT ( 'NONE', #703 ) ;
#1145 = CARTESIAN_POINT ( 'NONE',  ( -15.00000000000000178, 2.000000000000000000, -1.249999999999999334 ) ) ;
#1146 = CIRCLE ( 'NONE', #1504, 1.000000000000000000 ) ;
#1147 = DIRECTION ( 'NONE',  ( -0.000000000000000000, -1.000000000000000000, -0.000000000000000000 ) ) ;
#1148 = DIRECTION ( 'NONE',  ( 1.000000000000000000, 0.000000000000000000, -0.000000000000000000 ) ) ;
#1149 = CARTESIAN_POINT ( 'NONE',  ( -20.00000000000000000, 4.000000000000000000, 3.000000000000000000 ) ) ;
#1150 = EDGE_CURVE ( 'NONE', #905, #115, #574, .T. ) ;
#1151 = ORIENTED_EDGE ( 'NONE', *, *, #1215, .T. ) ;
#1152 = CYLINDRICAL_SURFACE ( 'NONE', #1673, 1.000000000000000888 ) ;
#1153 = ORIENTED_EDGE ( 'NONE', *, *, #1591, .T. ) ;
#1154 = FACE_OUTER_BOUND ( 'NONE', #1624, .T. ) ;
#1155 = FACE_OUTER_BOUND ( 'NONE', #709, .T. ) ;
#1156 = FACE_OUTER_BOUND ( 'NONE', #1050, .T. ) ;
#1157 = VECTOR ( 'NONE', #1265, 1000.000000000000114 ) ;
#1158 = EDGE_CURVE ( 'NONE', #862, #1045, #289, .T. ) ;
#1159 = PLANE ( 'NONE',  #149 ) ;
#1160 = VERTEX_POINT ( 'NONE', #1613 ) ;
#1161 = FACE_OUTER_BOUND ( 'NONE', #1116, .T. ) ;
#1162 = ORIENTED_EDGE ( 'NONE', *, *, #1394, .T. ) ;
#1163 = EDGE_CURVE ( 'NONE', #995, #1045, #432, .T. ) ;
#1164 = ORIENTED_EDGE ( 'NONE', *, *, #1670, .T. ) ;
#1165 = CARTESIAN_POINT ( 'NONE',  ( -15.00000000000000355, 8.000000000000000000, 1.250000000000000000 ) ) ;
#1166 = DIRECTION ( 'NONE',  ( -0.000000000000000000, -0.000000000000000000, -1.000000000000000000 ) ) ;
#1167 = CARTESIAN_POINT ( 'NONE',  ( -0.9999999999999985567, 6.000000000000000000, -4.000000000000000000 ) ) ;
#1168 = DIRECTION ( 'NONE',  ( 1.000000000000000000, 0.000000000000000000, 2.428612866367529932E-16 ) ) ;
#1169 = DIRECTION ( 'NONE',  ( 1.000000000000000000, 0.000000000000000000, 0.000000000000000000 ) ) ;
#1170 = AXIS2_PLACEMENT_3D ( 'NONE', #1075, #850, #1374 ) ;
#1171 = ORIENTED_EDGE ( 'NONE', *, *, #1657, .F. ) ;
#1172 = ADVANCED_FACE ( 'NONE', ( #1484 ), #1373, .T. ) ;
#1173 = VERTEX_POINT ( 'NONE', #302 ) ;
#1174 = CARTESIAN_POINT ( 'NONE',  ( -24.00000000000000000, 2.000000000000000000, -4.000000000000006217 ) ) ;
#1175 = CYLINDRICAL_SURFACE ( 'NONE', #1391, 1.000000000000000000 ) ;
#1176 = LINE ( 'NONE', #405, #79 ) ;
#1177 = LINE ( 'NONE', #1694, #748 ) ;
#1178 = CARTESIAN_POINT ( 'NONE',  ( -24.00000000000000000, 8.000000000000000000, 4.999999999999998224 ) ) ;
#1179 = CARTESIAN_POINT ( 'NONE',  ( -25.00000000000000000, 6.000000000000000000, 0.000000000000000000 ) ) ;
#1180 = ORIENTED_EDGE ( 'NONE', *, *, #570, .T. ) ;
#1181 = EDGE_LOOP ( 'NONE', ( #1580, #1085, #1109, #470, #1257, #646, #300, #799 ) ) ;
#1182 = DIRECTION ( 'NONE',  ( 0.000000000000000000, 0.000000000000000000, 1.000000000000000000 ) ) ;
#1183 = CARTESIAN_POINT ( 'NONE',  ( -1.999999999999997780, 1.000000000000000000, -5.000000000000000888 ) ) ;
#1184 = CARTESIAN_POINT ( 'NONE',  ( -23.00000000000000000, 0.000000000000000000, 3.250000000000000444 ) ) ;
#1185 = DIRECTION ( 'NONE',  ( 2.428612866367529932E-16, -0.000000000000000000, -1.000000000000000000 ) ) ;
#1186 = EDGE_LOOP ( 'NONE', ( #24, #1687, #935, #36 ) ) ;
#1187 = VECTOR ( 'NONE', #940, 1000.000000000000114 ) ;
#1188 = DIRECTION ( 'NONE',  ( 0.000000000000000000, 0.000000000000000000, -1.000000000000000000 ) ) ;
#1189 = VECTOR ( 'NONE', #815, 1000.000000000000000 ) ;
#1190 = ORIENTED_EDGE ( 'NONE', *, *, #889, .F. ) ;
#1191 = ORIENTED_EDGE ( 'NONE', *, *, #580, .T. ) ;
#1192 = CARTESIAN_POINT ( 'NONE',  ( -24.17157287525380838, 8.000000000000000000, -2.078427124746190291 ) ) ;
#1193 = ADVANCED_FACE ( 'NONE', ( #591 ), #837, .T. ) ;
#1194 = CARTESIAN_POINT ( 'NONE',  ( 1.561251128379126385E-15, 8.000000000000000000, -4.000000000000000000 ) ) ;
#1195 = DIRECTION ( 'NONE',  ( -6.938893903907229364E-16, 0.000000000000000000, 1.000000000000000000 ) ) ;
#1196 =( BOUNDED_CURVE ( )  B_SPLINE_CURVE ( 3, ( #716, #321, #994, #1106 ),
 .UNSPECIFIED., .F., .T. ) 
 B_SPLINE_CURVE_WITH_KNOTS ( ( 4, 4 ),
 ( 4.712388980384689674, 6.283185307179586232 ),
 .UNSPECIFIED. ) 
 CURVE ( )  GEOMETRIC_REPRESENTATION_ITEM ( )  RATIONAL_B_SPLINE_CURVE ( ( 1.000000000000000000, 0.8047378541243649375, 0.8047378541243649375, 1.000000000000000000 ) ) 
 REPRESENTATION_ITEM ( '' )  );
#1197 = EDGE_CURVE ( 'NONE', #166, #181, #1238, .T. ) ;
#1198 = DIRECTION ( 'NONE',  ( 1.000000000000000000, -0.000000000000000000, 6.938893903907228378E-17 ) ) ;
#1199 = DIRECTION ( 'NONE',  ( -1.000000000000000000, 0.000000000000000000, -4.336808689942017736E-17 ) ) ;
#1200 = EDGE_LOOP ( 'NONE', ( #140, #119, #954, #546 ) ) ;
#1201 = VECTOR ( 'NONE', #56, 1000.000000000000000 ) ;
#1202 = VECTOR ( 'NONE', #766, 1000.000000000000000 ) ;
#1203 = ORIENTED_EDGE ( 'NONE', *, *, #1345, .F. ) ;
#1204 = CARTESIAN_POINT ( 'NONE',  ( 8.673617379884035472E-16, 8.000000000000000000, 1.504632769052528010E-31 ) ) ;
#1205 = DIRECTION ( 'NONE',  ( 0.000000000000000000, 0.000000000000000000, 1.000000000000000000 ) ) ;
#1206 = VECTOR ( 'NONE', #1676, 1000.000000000000000 ) ;
#1207 = LINE ( 'NONE', #921, #382 ) ;
#1208 = CARTESIAN_POINT ( 'NONE',  ( -23.00000000000000000, 8.000000000000000000, -4.000000000000005329 ) ) ;
#1209 = EDGE_CURVE ( 'NONE', #1428, #1160, #464, .T. ) ;
#1210 = DIRECTION ( 'NONE',  ( 1.000000000000000000, -3.761581922631320025E-31, 4.336808689942017736E-16 ) ) ;
#1211 = EDGE_LOOP ( 'NONE', ( #67, #966, #1212, #1070 ) ) ;
#1212 = ORIENTED_EDGE ( 'NONE', *, *, #224, .F. ) ;
#1213 = CARTESIAN_POINT ( 'NONE',  ( -20.00000000000000000, 4.000000000000000000, 1.250000000000000222 ) ) ;
#1214 = MANIFOLD_SOLID_BREP ( 'Fillet2', #1440 ) ;
#1215 = EDGE_CURVE ( 'NONE', #189, #332, #610, .T. ) ;
#1216 = CARTESIAN_POINT ( 'NONE',  ( -20.00000000000000355, 6.453738644055909468, -5.000000000000000000 ) ) ;
#1217 = AXIS2_PLACEMENT_3D ( 'NONE', #1561, #1572, #911 ) ;
#1218 = ORIENTED_EDGE ( 'NONE', *, *, #735, .F. ) ;
#1219 = AXIS2_PLACEMENT_3D ( 'NONE', #284, #1448, #261 ) ;
#1220 = AXIS2_PLACEMENT_3D ( 'NONE', #1684, #1062, #121 ) ;
#1221 = ORIENTED_EDGE ( 'NONE', *, *, #714, .F. ) ;
#1222 = EDGE_CURVE ( 'NONE', #280, #1654, #275, .T. ) ;
#1223 = LINE ( 'NONE', #1088, #764 ) ;
#1224 = DIRECTION ( 'NONE',  ( -0.8660254037844380415, 0.5000000000000009992, 0.000000000000000000 ) ) ;
#1225 = DIRECTION ( 'NONE',  ( 1.000000000000000000, 0.000000000000000000, 0.000000000000000000 ) ) ;
#1226 = ORIENTED_EDGE ( 'NONE', *, *, #1606, .T. ) ;
#1227 = VERTEX_POINT ( 'NONE', #70 ) ;
#1228 = VECTOR ( 'NONE', #902, 1000.000000000000000 ) ;
#1229 = DIRECTION ( 'NONE',  ( 0.000000000000000000, 1.000000000000000000, 0.000000000000000000 ) ) ;
#1230 = DIRECTION ( 'NONE',  ( -0.000000000000000000, 1.000000000000000000, -0.000000000000000000 ) ) ;
#1231 = DIRECTION ( 'NONE',  ( 0.5000000000000009992, 0.8660254037844380415, -0.000000000000000000 ) ) ;
#1232 = CARTESIAN_POINT ( 'NONE',  ( 1.214306433183765163E-15, 1.000000000000000000, -5.000000000000000000 ) ) ;
#1233 = VERTEX_POINT ( 'NONE', #474 ) ;
#1234 = EDGE_CURVE ( 'NONE', #981, #179, #621, .T. ) ;
#1235 = ORIENTED_EDGE ( 'NONE', *, *, #586, .T. ) ;
#1236 = CARTESIAN_POINT ( 'NONE',  ( -17.87500000000000355, 2.773130677972048819, -3.000000000000000000 ) ) ;
#1237 = CARTESIAN_POINT ( 'NONE',  ( -24.00000000000000000, 6.000000000000000000, -5.000000000000006217 ) ) ;
#1238 = LINE ( 'NONE', #48, #1601 ) ;
#1239 = ADVANCED_FACE ( 'NONE', ( #746 ), #207, .T. ) ;
#1240 = DIRECTION ( 'NONE',  ( 0.000000000000000000, 0.000000000000000000, 1.000000000000000000 ) ) ;
#1241 = ORIENTED_EDGE ( 'NONE', *, *, #373, .F. ) ;
#1242 = AXIS2_PLACEMENT_3D ( 'NONE', #383, #1585, #527 ) ;
#1243 = ORIENTED_EDGE ( 'NONE', *, *, #1591, .F. ) ;
#1244 = VECTOR ( 'NONE', #668, 1000.000000000000000 ) ;
#1245 = DIRECTION ( 'NONE',  ( 0.000000000000000000, -1.000000000000000000, 0.000000000000000000 ) ) ;
#1246 = DIRECTION ( 'NONE',  ( 0.000000000000000000, 0.000000000000000000, 1.000000000000000000 ) ) ;
#1247 = DIRECTION ( 'NONE',  ( 0.000000000000000000, 1.000000000000000000, -0.000000000000000000 ) ) ;
#1248 = ADVANCED_FACE ( 'NONE', ( #1156 ), #832, .T. ) ;
#1249 = ORIENTED_EDGE ( 'NONE', *, *, #1466, .F. ) ;
#1250 = ORIENTED_EDGE ( 'NONE', *, *, #786, .T. ) ;
#1251 = CARTESIAN_POINT ( 'NONE',  ( -17.87500000000000355, 5.226869322027951625, -5.000000000000000000 ) ) ;
#1252 = LINE ( 'NONE', #1546, #542 ) ;
#1253 = VECTOR ( 'NONE', #1582, 1000.000000000000000 ) ;
#1254 = DIRECTION ( 'NONE',  ( -1.000000000000000000, 0.000000000000000000, -4.336808689942017736E-17 ) ) ;
#1255 = VECTOR ( 'NONE', #1536, 1000.000000000000000 ) ;
#1256 = DIRECTION ( 'NONE',  ( 2.428612866367529932E-16, 0.000000000000000000, -1.000000000000000000 ) ) ;
#1257 = ORIENTED_EDGE ( 'NONE', *, *, #735, .T. ) ;
#1258 = ORIENTED_EDGE ( 'NONE', *, *, #194, .T. ) ;
#1259 = CARTESIAN_POINT ( 'NONE',  ( 5.204170427930421283E-15, 4.000000000000000000, -1.691355389077387548E-14 ) ) ;
#1260 = DIRECTION ( 'NONE',  ( -0.000000000000000000, 0.000000000000000000, 1.000000000000000000 ) ) ;
#1261 = DIRECTION ( 'NONE',  ( 4.336808689942017736E-16, 0.000000000000000000, -1.000000000000000000 ) ) ;
#1262 = CARTESIAN_POINT ( 'NONE',  ( -13.00000000000000178, 0.000000000000000000, -9.020562075079398469E-15 ) ) ;
#1263 = VERTEX_POINT ( 'NONE', #501 ) ;
#1264 = EDGE_CURVE ( 'NONE', #888, #754, #1598, .T. ) ;
#1265 = DIRECTION ( 'NONE',  ( -0.8660254037844381525, 0.5000000000000007772, 0.000000000000000000 ) ) ;
#1266 = ORIENTED_EDGE ( 'NONE', *, *, #1532, .F. ) ;
#1267 = EDGE_CURVE ( 'NONE', #633, #1144, #329, .T. ) ;
#1268 = AXIS2_PLACEMENT_3D ( 'NONE', #971, #1492, #715 ) ;
#1269 = DIRECTION ( 'NONE',  ( 0.8660254037844380415, -0.5000000000000009992, 0.000000000000000000 ) ) ;
#1270 = CIRCLE ( 'NONE', #1354, 1.000000000000000000 ) ;
#1271 = DIRECTION ( 'NONE',  ( -2.428612866367529932E-16, 0.000000000000000000, 1.000000000000000000 ) ) ;
#1272 = VECTOR ( 'NONE', #1306, 1000.000000000000000 ) ;
#1273 = CARTESIAN_POINT ( 'NONE',  ( -0.9999999999999985567, 2.000000000000000000, -4.000000000000000000 ) ) ;
#1274 = DIRECTION ( 'NONE',  ( 0.000000000000000000, 0.000000000000000000, -1.000000000000000000 ) ) ;
#1275 = ORIENTED_EDGE ( 'NONE', *, *, #233, .T. ) ;
#1276 = ORIENTED_EDGE ( 'NONE', *, *, #1069, .F. ) ;
#1277 = CARTESIAN_POINT ( 'NONE',  ( -3.469446951953614189E-16, 8.000000000000000000, 5.000000000000000000 ) ) ;
#1278 = CARTESIAN_POINT ( 'NONE',  ( -1.999999999999998224, 2.000000000000000000, -4.000000000000000888 ) ) ;
#1279 = CARTESIAN_POINT ( 'NONE',  ( -24.00000000000000000, 2.000000000000000000, 4.999999999999998224 ) ) ;
#1280 = TOROIDAL_SURFACE ( 'NONE', #540, 1.000000000000000000, 1.000000000000000000 ) ;
#1281 = DIRECTION ( 'NONE',  ( 1.000000000000000000, 0.000000000000000000, 0.000000000000000000 ) ) ;
#1282 = ORIENTED_EDGE ( 'NONE', *, *, #943, .T. ) ;
#1283 = AXIS2_PLACEMENT_3D ( 'NONE', #463, #1659, #343 ) ;
#1284 = ORIENTED_EDGE ( 'NONE', *, *, #1342, .T. ) ;
#1285 = CYLINDRICAL_SURFACE ( 'NONE', #997, 1.000000000000000000 ) ;
#1286 = ADVANCED_FACE ( 'NONE', ( #1652 ), #1000, .T. ) ;
#1287 = LINE ( 'NONE', #881, #1202 ) ;
#1288 = FACE_OUTER_BOUND ( 'NONE', #1681, .T. ) ;
#1289 = EDGE_CURVE ( 'NONE', #625, #1263, #245, .T. ) ;
#1290 = ORIENTED_EDGE ( 'NONE', *, *, #357, .T. ) ;
#1291 = FACE_OUTER_BOUND ( 'NONE', #1384, .T. ) ;
#1292 = EDGE_LOOP ( 'NONE', ( #1329, #1468 ) ) ;
#1293 = DIRECTION ( 'NONE',  ( -6.938893903907228378E-17, 0.000000000000000000, 1.000000000000000000 ) ) ;
#1294 = DIRECTION ( 'NONE',  ( 0.000000000000000000, 0.000000000000000000, 1.000000000000000000 ) ) ;
#1295 = DIRECTION ( 'NONE',  ( -6.938893903907229364E-16, 0.000000000000000000, 1.000000000000000000 ) ) ;
#1296 = CIRCLE ( 'NONE', #159, 1.000000000000000888 ) ;
#1297 = AXIS2_PLACEMENT_3D ( 'NONE', #1688, #1655, #753 ) ;
#1298 = CARTESIAN_POINT ( 'NONE',  ( -25.00000000000000000, 6.000000000000000000, -4.000000000000005329 ) ) ;
#1299 = ORIENTED_EDGE ( 'NONE', *, *, #28, .T. ) ;
#1300 = CARTESIAN_POINT ( 'NONE',  ( -22.12500000000000000, 5.226869322027958731, -3.000000000000000000 ) ) ;
#1301 = VECTOR ( 'NONE', #240, 1000.000000000000000 ) ;
#1302 = ORIENTED_EDGE ( 'NONE', *, *, #1197, .T. ) ;
#1303 = ORIENTED_EDGE ( 'NONE', *, *, #826, .T. ) ;
#1304 = DIRECTION ( 'NONE',  ( 1.000000000000000000, 0.000000000000000000, 0.000000000000000000 ) ) ;
#1305 = PRODUCT_CONTEXT ( 'NONE', #573, 'mechanical' ) ;
#1306 = DIRECTION ( 'NONE',  ( -1.000000000000000000, 0.000000000000000000, -6.938893903907228378E-17 ) ) ;
#1307 = CARTESIAN_POINT ( 'NONE',  ( -17.87500000000000355, 5.226869322027951625, 5.000000000000000000 ) ) ;
#1308 = CARTESIAN_POINT ( 'NONE',  ( -17.87500000000000355, 5.226869322027951625, 3.000000000000000000 ) ) ;
#1309 = AXIS2_PLACEMENT_3D ( 'NONE', #829, #1510, #1628 ) ;
#1310 = VERTEX_POINT ( 'NONE', #1279 ) ;
#1311 = ORIENTED_EDGE ( 'NONE', *, *, #1532, .T. ) ;
#1312 = DIRECTION ( 'NONE',  ( 0.000000000000000000, 1.000000000000000000, 0.000000000000000000 ) ) ;
#1313 = APPLICATION_PROTOCOL_DEFINITION ( 'draft international standard', 'automotive_design', 1998, #606 ) ;
#1314 = CARTESIAN_POINT ( 'NONE',  ( -25.00000000000000000, 6.000000000000000000, -1.249999999999999778 ) ) ;
#1315 = CARTESIAN_POINT ( 'NONE',  ( -2.000000000000000000, 1.000000000000000000, 5.000000000000000000 ) ) ;
#1316 = CARTESIAN_POINT ( 'NONE',  ( 5.204170427930421283E-15, 4.000000000000000000, -1.691355389077387548E-14 ) ) ;
#1317 = FACE_OUTER_BOUND ( 'NONE', #671, .T. ) ;
#1318 = ADVANCED_FACE ( 'NONE', ( #491 ), #1488, .T. ) ;
#1319 = ORIENTED_EDGE ( 'NONE', *, *, #1450, .T. ) ;
#1320 = ORIENTED_EDGE ( 'NONE', *, *, #1197, .F. ) ;
#1321 = CARTESIAN_POINT ( 'NONE',  ( -1.000000000000000000, 2.000000000000000000, 4.000000000000000000 ) ) ;
#1322 = LINE ( 'NONE', #1432, #687 ) ;
#1323 = EDGE_CURVE ( 'NONE', #823, #1233, #1129, .T. ) ;
#1324 = FACE_OUTER_BOUND ( 'NONE', #706, .T. ) ;
#1325 = DIRECTION ( 'NONE',  ( -6.938893903907229610E-17, 0.000000000000000000, 1.000000000000000000 ) ) ;
#1326 = VERTEX_POINT ( 'NONE', #1570 ) ;
#1327 = VECTOR ( 'NONE', #1195, 1000.000000000000000 ) ;
#1328 = LINE ( 'NONE', #1048, #243 ) ;
#1329 = ORIENTED_EDGE ( 'NONE', *, *, #1117, .F. ) ;
#1330 = ORIENTED_EDGE ( 'NONE', *, *, #437, .F. ) ;
#1331 = FACE_OUTER_BOUND ( 'NONE', #341, .T. ) ;
#1332 = DIRECTION ( 'NONE',  ( -2.428612866367529932E-16, 0.000000000000000000, 1.000000000000000000 ) ) ;
#1333 = DIRECTION ( 'NONE',  ( 4.336808689942017736E-17, 0.000000000000000000, -1.000000000000000000 ) ) ;
#1334 = EDGE_CURVE ( 'NONE', #981, #633, #1433, .T. ) ;
#1335 = CARTESIAN_POINT ( 'NONE',  ( -1.999999999999997780, 7.000000000000000000, -5.000000000000000888 ) ) ;
#1336 = FACE_OUTER_BOUND ( 'NONE', #443, .T. ) ;
#1337 = CARTESIAN_POINT ( 'NONE',  ( -15.00000000000000355, 6.000000000000000000, 1.250000000000000000 ) ) ;
#1338 = ORIENTED_EDGE ( 'NONE', *, *, #1651, .F. ) ;
#1339 =( BOUNDED_CURVE ( )  B_SPLINE_CURVE ( 3, ( #1649, #360, #499, #97 ),
 .UNSPECIFIED., .F., .T. ) 
 B_SPLINE_CURVE_WITH_KNOTS ( ( 4, 4 ),
 ( 4.712388980384689674, 6.283185307179586232 ),
 .UNSPECIFIED. ) 
 CURVE ( )  GEOMETRIC_REPRESENTATION_ITEM ( )  RATIONAL_B_SPLINE_CURVE ( ( 1.000000000000000000, 0.8047378541243649375, 0.8047378541243649375, 1.000000000000000000 ) ) 
 REPRESENTATION_ITEM ( '' )  );
#1340 = AXIS2_PLACEMENT_3D ( 'NONE', #1475, #924, #798 ) ;
#1341 = CIRCLE ( 'NONE', #1142, 1.100000000000000089 ) ;
#1342 = EDGE_CURVE ( 'NONE', #1612, #1100, #213, .T. ) ;
#1343 = DIRECTION ( 'NONE',  ( -1.000000000000000000, 0.000000000000000000, -6.938893903907228378E-17 ) ) ;
#1344 = CARTESIAN_POINT ( 'NONE',  ( -2.000000000000000000, 1.000000000000000000, 4.000000000000000000 ) ) ;
#1345 = EDGE_CURVE ( 'NONE', #241, #1094, #858, .T. ) ;
#1346 = VERTEX_POINT ( 'NONE', #910 ) ;
#1347 = AXIS2_PLACEMENT_3D ( 'NONE', #1364, #1518, #719 ) ;
#1348 = ORIENTED_EDGE ( 'NONE', *, *, #632, .T. ) ;
#1349 = LINE ( 'NONE', #1237, #957 ) ;
#1350 = CARTESIAN_POINT ( 'NONE',  ( -15.00000000000000178, 8.000000000000000000, -3.249999999999999556 ) ) ;
#1351 = CARTESIAN_POINT ( 'NONE',  ( -24.17157287525380482, 6.220841566384448564E-16, -2.078427124746189847 ) ) ;
#1352 = VECTOR ( 'NONE', #7, 1000.000000000000000 ) ;
#1353 = ORIENTED_EDGE ( 'NONE', *, *, #930, .F. ) ;
#1354 = AXIS2_PLACEMENT_3D ( 'NONE', #1321, #1312, #1182 ) ;
#1355 = EDGE_CURVE ( 'NONE', #87, #355, #1207, .T. ) ;
#1356 = AXIS2_PLACEMENT_3D ( 'NONE', #394, #1042, #1693 ) ;
#1357 = ORIENTED_EDGE ( 'NONE', *, *, #763, .F. ) ;
#1358 = CYLINDRICAL_SURFACE ( 'NONE', #158, 1.000000000000000000 ) ;
#1359 = DIRECTION ( 'NONE',  ( -1.000000000000000000, 0.000000000000000000, 4.336808689942017736E-16 ) ) ;
#1360 = EDGE_CURVE ( 'NONE', #888, #790, #834, .T. ) ;
#1361 = LINE ( 'NONE', #724, #333 ) ;
#1362 = ORIENTED_EDGE ( 'NONE', *, *, #886, .F. ) ;
#1363 = EDGE_LOOP ( 'NONE', ( #59, #461, #451, #1459 ) ) ;
#1364 = CARTESIAN_POINT ( 'NONE',  ( -20.00000000000000355, 6.453738644055909468, 3.000000000000000000 ) ) ;
#1365 = AXIS2_PLACEMENT_3D ( 'NONE', #738, #999, #351 ) ;
#1366 = DIRECTION ( 'NONE',  ( -4.336808689942017736E-17, 0.000000000000000000, 1.000000000000000000 ) ) ;
#1367 = LINE ( 'NONE', #845, #976 ) ;
#1368 = ORIENTED_EDGE ( 'NONE', *, *, #1408, .T. ) ;
#1369 = ADVANCED_FACE ( 'NONE', ( #929 ), #1453, .T. ) ;
#1370 = ORIENTED_EDGE ( 'NONE', *, *, #423, .T. ) ;
#1371 = DIRECTION ( 'NONE',  ( -0.8660254037844381525, 0.5000000000000007772, 0.000000000000000000 ) ) ;
#1372 = EDGE_CURVE ( 'NONE', #1441, #369, #550, .T. ) ;
#1373 = PLANE ( 'NONE',  #1465 ) ;
#1374 = DIRECTION ( 'NONE',  ( 0.8660254037844381525, -0.5000000000000007772, 0.000000000000000000 ) ) ;
#1375 = ORIENTED_EDGE ( 'NONE', *, *, #580, .F. ) ;
#1376 = VECTOR ( 'NONE', #1169, 1000.000000000000000 ) ;
#1377 = VERTEX_POINT ( 'NONE', #129 ) ;
#1378 = CIRCLE ( 'NONE', #1544, 1.000000000000000000 ) ;
#1379 = PLANE ( 'NONE',  #1639 ) ;
#1380 = DIRECTION ( 'NONE',  ( 0.000000000000000000, 0.000000000000000000, -1.000000000000000000 ) ) ;
#1381 = VECTOR ( 'NONE', #446, 1000.000000000000000 ) ;
#1382 = CARTESIAN_POINT ( 'NONE',  ( -23.00000000000000000, 7.000000000000000000, -4.000000000000005329 ) ) ;
#1383 = CARTESIAN_POINT ( 'NONE',  ( -24.99999999999999645, 0.8284271247461900689, -1.250000000000000444 ) ) ;
#1384 = EDGE_LOOP ( 'NONE', ( #831, #717, #1131, #1311 ) ) ;
#1385 = ORIENTED_EDGE ( 'NONE', *, *, #506, .T. ) ;
#1386 = CARTESIAN_POINT ( 'NONE',  ( -25.00000000000000000, 6.000000000000000000, 1.250000000000000000 ) ) ;
#1387 = FACE_OUTER_BOUND ( 'NONE', #52, .T. ) ;
#1388 = AXIS2_PLACEMENT_3D ( 'NONE', #1644, #585, #178 ) ;
#1389 = CARTESIAN_POINT ( 'NONE',  ( -23.00000000000000000, 2.000000000000000000, -5.000000000000006217 ) ) ;
#1390 = EDGE_CURVE ( 'NONE', #115, #705, #274, .T. ) ;
#1391 = AXIS2_PLACEMENT_3D ( 'NONE', #684, #128, #1568 ) ;
#1392 = LINE ( 'NONE', #1018, #1352 ) ;
#1393 = ORIENTED_EDGE ( 'NONE', *, *, #1360, .T. ) ;
#1394 = EDGE_CURVE ( 'NONE', #1481, #823, #265, .T. ) ;
#1395 = ORIENTED_EDGE ( 'NONE', *, *, #556, .F. ) ;
#1396 = DIRECTION ( 'NONE',  ( 1.000000000000000000, 0.000000000000000000, 6.938893903907226405E-16 ) ) ;
#1397 = DIRECTION ( 'NONE',  ( -0.000000000000000000, -0.000000000000000000, -1.000000000000000000 ) ) ;
#1398 = DIRECTION ( 'NONE',  ( 1.000000000000000000, 0.000000000000000000, 0.000000000000000000 ) ) ;
#1399 = ORIENTED_EDGE ( 'NONE', *, *, #92, .F. ) ;
#1400 = CYLINDRICAL_SURFACE ( 'NONE', #856, 2.000000000000001776 ) ;
#1401 = EDGE_LOOP ( 'NONE', ( #1299, #772, #1164, #759, #1250, #879, #1625, #1226 ) ) ;
#1402 = CIRCLE ( 'NONE', #1703, 1.100000000000000089 ) ;
#1403 = DIRECTION ( 'NONE',  ( 6.938893903907229364E-16, 0.000000000000000000, -1.000000000000000000 ) ) ;
#1404 = FACE_BOUND ( 'NONE', #250, .T. ) ;
#1405 = AXIS2_PLACEMENT_3D ( 'NONE', #520, #952, #1065 ) ;
#1406 =( NAMED_UNIT ( * ) PLANE_ANGLE_UNIT ( ) SI_UNIT ( $, .RADIAN. ) );
#1407 = CARTESIAN_POINT ( 'NONE',  ( -15.00000000000000178, 2.000000000000000000, -1.249999999999999334 ) ) ;
#1408 = EDGE_CURVE ( 'NONE', #1612, #1003, #1176, .T. ) ;
#1409 = ORIENTED_EDGE ( 'NONE', *, *, #1043, .F. ) ;
#1410 = CARTESIAN_POINT ( 'NONE',  ( -22.12500000000000000, 5.226869322027958731, 5.000000000000000000 ) ) ;
#1411 = ORIENTED_EDGE ( 'NONE', *, *, #532, .F. ) ;
#1412 = CARTESIAN_POINT ( 'NONE',  ( -15.00000000000000178, 4.000000000000000000, 1.099999999999989653 ) ) ;
#1413 = CARTESIAN_POINT ( 'NONE',  ( -25.00000000000000000, 8.000000000000000000, 1.250000000000000000 ) ) ;
#1414 = ADVANCED_FACE ( 'NONE', ( #1324 ), #415, .T. ) ;
#1415 = DIRECTION ( 'NONE',  ( -6.938893903907228378E-17, 0.000000000000000000, 1.000000000000000000 ) ) ;
#1416 = CIRCLE ( 'NONE', #686, 1.000000000000000000 ) ;
#1417 = DIRECTION ( 'NONE',  ( -0.000000000000000000, 1.000000000000000000, 0.000000000000000000 ) ) ;
#1418 = ORIENTED_EDGE ( 'NONE', *, *, #72, .F. ) ;
#1419 = CARTESIAN_POINT ( 'NONE',  ( -13.00000000000000533, 8.000000000000000000, 3.250000000000000444 ) ) ;
#1420 = ORIENTED_EDGE ( 'NONE', *, *, #907, .F. ) ;
#1421 = DIRECTION ( 'NONE',  ( 0.000000000000000000, -1.000000000000000000, 0.000000000000000000 ) ) ;
#1422 = CARTESIAN_POINT ( 'NONE',  ( -17.87500000000000355, 2.773130677972048819, 3.000000000000000000 ) ) ;
#1423 =( NAMED_UNIT ( * ) SI_UNIT ( $, .STERADIAN. ) SOLID_ANGLE_UNIT ( ) );
#1424 = EDGE_CURVE ( 'NONE', #625, #1451, #1462, .T. ) ;
#1425 = LINE ( 'NONE', #502, #89 ) ;
#1426 = ORIENTED_EDGE ( 'NONE', *, *, #1430, .T. ) ;
#1427 = CARTESIAN_POINT ( 'NONE',  ( -17.87500000000000355, 2.773130677972048819, 5.000000000000000000 ) ) ;
#1428 = VERTEX_POINT ( 'NONE', #510 ) ;
#1429 = EDGE_LOOP ( 'NONE', ( #151, #988, #401, #571 ) ) ;
#1430 = EDGE_CURVE ( 'NONE', #1160, #792, #1472, .T. ) ;
#1431 = CARTESIAN_POINT ( 'NONE',  ( -19.00000000000000000, 4.000000000000000000, -5.000000000000005329 ) ) ;
#1432 = CARTESIAN_POINT ( 'NONE',  ( -23.00000000000000000, 0.000000000000000000, 1.250000000000000000 ) ) ;
#1433 = LINE ( 'NONE', #1314, #917 ) ;
#1434 = AXIS2_PLACEMENT_3D ( 'NONE', #828, #1254, #1366 ) ;
#1435 = CIRCLE ( 'NONE', #1600, 2.000000000000000000 ) ;
#1436 = VECTOR ( 'NONE', #1295, 1000.000000000000000 ) ;
#1437 = DIRECTION ( 'NONE',  ( 6.938893903907228378E-17, -0.000000000000000000, -1.000000000000000000 ) ) ;
#1438 = ORIENTED_EDGE ( 'NONE', *, *, #233, .F. ) ;
#1439 = DIRECTION ( 'NONE',  ( -0.8660254037844381525, 0.5000000000000007772, 0.000000000000000000 ) ) ;
#1440 = CLOSED_SHELL ( 'NONE', ( #363, #395, #1622, #1122, #1493, #182, #599, #1102, #1006, #381, #214, #288, #666, #498, #1636, #23, #1567, #239, #869, #138, #421, #393, #723, #1588, #1108, #1286, #1172, #603, #167, #1239, #860, #1139, #180, #1193, #454, #317, #34, #1414, #235, #492, #750, #291, #563, #1581, #210, #475, #1318, #1369, #912, #577, #1692, #101, #1640, #18, #1521, #639, #1479, #1248 ) ) ;
#1441 = VERTEX_POINT ( 'NONE', #1184 ) ;
#1442 = ORIENTED_EDGE ( 'NONE', *, *, #251, .F. ) ;
#1443 = CARTESIAN_POINT ( 'NONE',  ( -13.00000000000000533, 0.000000000000000000, 3.250000000000000444 ) ) ;
#1444 = CARTESIAN_POINT ( 'NONE',  ( -20.00000000000000000, 4.000000000000000000, -1.249999999999999334 ) ) ;
#1445 = EDGE_CURVE ( 'NONE', #459, #428, #111, .T. ) ;
#1446 = CARTESIAN_POINT ( 'NONE',  ( -17.87500000000000355, 2.773130677972048819, -5.000000000000000000 ) ) ;
#1447 = DIRECTION ( 'NONE',  ( -2.428612866367529932E-16, 0.000000000000000000, 1.000000000000000000 ) ) ;
#1448 = DIRECTION ( 'NONE',  ( 1.000000000000000000, 0.000000000000000000, 4.336808689942017736E-17 ) ) ;
#1449 = VERTEX_POINT ( 'NONE', #147 ) ;
#1450 = EDGE_CURVE ( 'NONE', #1481, #635, #1648, .T. ) ;
#1451 = VERTEX_POINT ( 'NONE', #685 ) ;
#1452 = CARTESIAN_POINT ( 'NONE',  ( -1.999999999999998224, 0.000000000000000000, -4.000000000000000888 ) ) ;
#1453 = CYLINDRICAL_SURFACE ( 'NONE', #107, 1.000000000000000000 ) ;
#1454 = CARTESIAN_POINT ( 'NONE',  ( -15.00000000000000178, 2.000000000000000000, -1.040834085586084414E-14 ) ) ;
#1455 = CARTESIAN_POINT ( 'NONE',  ( -22.12500000000000000, 5.226869322027958731, -5.000000000000000000 ) ) ;
#1456 = DIRECTION ( 'NONE',  ( 4.336808689942015764E-16, 0.000000000000000000, 1.000000000000000000 ) ) ;
#1457 = DIRECTION ( 'NONE',  ( 0.000000000000000000, 1.000000000000000000, -0.000000000000000000 ) ) ;
#1458 = VERTEX_POINT ( 'NONE', #1035 ) ;
#1459 = ORIENTED_EDGE ( 'NONE', *, *, #185, .F. ) ;
#1460 = CARTESIAN_POINT ( 'NONE',  ( -1.999999999999999112, 6.000000000000000000, -3.469446951953612710E-16 ) ) ;
#1461 = DIRECTION ( 'NONE',  ( 1.000000000000000000, 0.000000000000000000, 0.000000000000000000 ) ) ;
#1462 = LINE ( 'NONE', #1194, #781 ) ;
#1463 = DIRECTION ( 'NONE',  ( -0.000000000000000000, -0.000000000000000000, 1.000000000000000000 ) ) ;
#1464 = LINE ( 'NONE', #1634, #863 ) ;
#1465 = AXIS2_PLACEMENT_3D ( 'NONE', #296, #440, #722 ) ;
#1466 = EDGE_CURVE ( 'NONE', #616, #1689, #17, .T. ) ;
#1467 = LINE ( 'NONE', #522, #1253 ) ;
#1468 = ORIENTED_EDGE ( 'NONE', *, *, #1517, .F. ) ;
#1469 = EDGE_CURVE ( 'NONE', #1068, #955, #751, .T. ) ;
#1470 = ORIENTED_EDGE ( 'NONE', *, *, #1542, .F. ) ;
#1471 = CARTESIAN_POINT ( 'NONE',  ( -25.00000000000000000, 6.000000000000000000, -1.249999999999999778 ) ) ;
#1472 = LINE ( 'NONE', #281, #1049 ) ;
#1473 = EDGE_CURVE ( 'NONE', #810, #285, #430, .T. ) ;
#1474 = FACE_BOUND ( 'NONE', #973, .T. ) ;
#1475 = CARTESIAN_POINT ( 'NONE',  ( -23.00000000000000000, 2.000000000000000000, 4.999999999999998224 ) ) ;
#1476 = EDGE_LOOP ( 'NONE', ( #1690, #1249, #641, #569 ) ) ;
#1477 = ORIENTED_EDGE ( 'NONE', *, *, #402, .T. ) ;
#1478 = DIRECTION ( 'NONE',  ( -0.000000000000000000, -0.000000000000000000, -1.000000000000000000 ) ) ;
#1479 = ADVANCED_FACE ( 'NONE', ( #579 ), #487, .T. ) ;
#1480 = PLANE ( 'NONE',  #833 ) ;
#1481 = VERTEX_POINT ( 'NONE', #531 ) ;
#1482 = ORIENTED_EDGE ( 'NONE', *, *, #1606, .F. ) ;
#1483 = EDGE_CURVE ( 'NONE', #1575, #770, #398, .T. ) ;
#1484 = FACE_OUTER_BOUND ( 'NONE', #1200, .T. ) ;
#1485 = LINE ( 'NONE', #1232, #1201 ) ;
#1486 = VECTOR ( 'NONE', #311, 1000.000000000000000 ) ;
#1487 = ORIENTED_EDGE ( 'NONE', *, *, #11, .F. ) ;
#1488 = TOROIDAL_SURFACE ( 'NONE', #162, 1.000000000000000000, 1.000000000000000000 ) ;
#1489 = ORIENTED_EDGE ( 'NONE', *, *, #58, .T. ) ;
#1490 =( BOUNDED_CURVE ( )  B_SPLINE_CURVE ( 3, ( #980, #1351, #1383, #312 ),
 .UNSPECIFIED., .F., .T. ) 
 B_SPLINE_CURVE_WITH_KNOTS ( ( 4, 4 ),
 ( 1.570796326794896780, 3.141592653589793116 ),
 .UNSPECIFIED. ) 
 CURVE ( )  GEOMETRIC_REPRESENTATION_ITEM ( )  RATIONAL_B_SPLINE_CURVE ( ( 1.000000000000000000, 0.8047378541243650485, 0.8047378541243650485, 1.000000000000000000 ) ) 
 REPRESENTATION_ITEM ( '' )  );
#1491 = LINE ( 'NONE', #455, #112 ) ;
#1492 = DIRECTION ( 'NONE',  ( 1.000000000000000000, 0.000000000000000000, 0.000000000000000000 ) ) ;
#1493 = ADVANCED_FACE ( 'NONE', ( #1336 ), #1508, .F. ) ;
#1494 = CARTESIAN_POINT ( 'NONE',  ( 4.727121472036799332E-15, 4.000000000000000000, -1.100000000000016964 ) ) ;
#1495 = ORIENTED_EDGE ( 'NONE', *, *, #1603, .T. ) ;
#1496 = EDGE_LOOP ( 'NONE', ( #287, #190, #1399, #1030 ) ) ;
#1497 = EDGE_CURVE ( 'NONE', #633, #754, #827, .T. ) ;
#1498 = AXIS2_PLACEMENT_3D ( 'NONE', #35, #1247, #1240 ) ;
#1499 = CARTESIAN_POINT ( 'NONE',  ( -20.00000000000000355, 6.453738644055909468, 3.000000000000000000 ) ) ;
#1500 =( GEOMETRIC_REPRESENTATION_CONTEXT ( 3 ) GLOBAL_UNCERTAINTY_ASSIGNED_CONTEXT ( ( #203 ) ) GLOBAL_UNIT_ASSIGNED_CONTEXT ( ( #1061, #247, #774 ) ) REPRESENTATION_CONTEXT ( 'NONE', 'WORKASPACE' ) );
#1501 = FACE_BOUND ( 'NONE', #1292, .T. ) ;
#1502 = CARTESIAN_POINT ( 'NONE',  ( -2.000000000000000000, 7.000000000000000000, 5.000000000000000000 ) ) ;
#1503 = EDGE_LOOP ( 'NONE', ( #1051, #349, #155, #727 ) ) ;
#1504 = AXIS2_PLACEMENT_3D ( 'NONE', #1679, #998, #1675 ) ;
#1505 = ORIENTED_EDGE ( 'NONE', *, *, #1424, .F. ) ;
#1506 = EDGE_CURVE ( 'NONE', #332, #888, #1349, .T. ) ;
#1507 = CARTESIAN_POINT ( 'NONE',  ( -23.00000000000000000, 0.000000000000000000, -5.000000000000006217 ) ) ;
#1508 = CYLINDRICAL_SURFACE ( 'NONE', #979, 1.000000000000000888 ) ;
#1509 = LINE ( 'NONE', #859, #672 ) ;
#1510 = DIRECTION ( 'NONE',  ( 0.4999999999999996669, -0.8660254037844388186, 0.000000000000000000 ) ) ;
#1511 = ORIENTED_EDGE ( 'NONE', *, *, #1469, .F. ) ;
#1512 = EDGE_CURVE ( 'NONE', #783, #172, #1223, .T. ) ;
#1513 = VECTOR ( 'NONE', #1096, 1000.000000000000000 ) ;
#1514 = AXIS2_PLACEMENT_3D ( 'NONE', #1662, #485, #1013 ) ;
#1515 = ORIENTED_EDGE ( 'NONE', *, *, #544, .F. ) ;
#1516 = VECTOR ( 'NONE', #82, 1000.000000000000000 ) ;
#1517 = EDGE_CURVE ( 'NONE', #1458, #181, #61, .T. ) ;
#1518 = DIRECTION ( 'NONE',  ( -0.4999999999999998335, 0.8660254037844388186, 0.000000000000000000 ) ) ;
#1519 = CYLINDRICAL_SURFACE ( 'NONE', #426, 1.000000000000000888 ) ;
#1520 = DIRECTION ( 'NONE',  ( 0.000000000000000000, 1.000000000000000000, 0.000000000000000000 ) ) ;
#1521 = ADVANCED_FACE ( 'NONE', ( #1024 ), #897, .T. ) ;
#1522 = DIRECTION ( 'NONE',  ( -1.000000000000000000, 0.000000000000000000, 0.000000000000000000 ) ) ;
#1523 = ORIENTED_EDGE ( 'NONE', *, *, #490, .T. ) ;
#1524 = UNCERTAINTY_MEASURE_WITH_UNIT (LENGTH_MEASURE( 1.000000000000000082E-05 ), #64, 'distance_accuracy_value', 'NONE');
#1525 = EDGE_LOOP ( 'NONE', ( #358, #1098, #736, #1055, #1180, #871 ) ) ;
#1526 = FACE_OUTER_BOUND ( 'NONE', #1429, .T. ) ;
#1527 = CARTESIAN_POINT ( 'NONE',  ( -20.00000000000000000, 4.000000000000000000, -5.000000000000005329 ) ) ;
#1528 = CIRCLE ( 'NONE', #1498, 1.000000000000000000 ) ;
#1529 = CARTESIAN_POINT ( 'NONE',  ( -20.00000000000000355, 1.546261355944093863, -3.000000000000000000 ) ) ;
#1530 = AXIS2_PLACEMENT_3D ( 'NONE', #517, #1205, #1461 ) ;
#1531 = CARTESIAN_POINT ( 'NONE',  ( -23.00000000000000000, 7.000000000000000000, -5.000000000000005329 ) ) ;
#1532 = EDGE_CURVE ( 'NONE', #851, #944, #500, .T. ) ;
#1533 = ORIENTED_EDGE ( 'NONE', *, *, #838, .F. ) ;
#1534 = CARTESIAN_POINT ( 'NONE',  ( -15.00000000000000178, 6.000000000000000000, -1.249999999999999334 ) ) ;
#1535 = ORIENTED_EDGE ( 'NONE', *, *, #965, .F. ) ;
#1536 = DIRECTION ( 'NONE',  ( -0.000000000000000000, -0.000000000000000000, 1.000000000000000000 ) ) ;
#1537 = DIRECTION ( 'NONE',  ( -0.4999999999999996669, 0.8660254037844388186, 0.000000000000000000 ) ) ;
#1538 = CYLINDRICAL_SURFACE ( 'NONE', #1111, 2.000000000000001776 ) ;
#1539 = EDGE_LOOP ( 'NONE', ( #377, #762, #31, #134 ) ) ;
#1540 = DIRECTION ( 'NONE',  ( 0.000000000000000000, 1.000000000000000000, 0.000000000000000000 ) ) ;
#1541 = VERTEX_POINT ( 'NONE', #619 ) ;
#1542 = EDGE_CURVE ( 'NONE', #525, #355, #1087, .T. ) ;
#1543 = VECTOR ( 'NONE', #938, 1000.000000000000000 ) ;
#1544 = AXIS2_PLACEMENT_3D ( 'NONE', #417, #1185, #787 ) ;
#1545 = CARTESIAN_POINT ( 'NONE',  ( -23.00000000000000000, 0.000000000000000000, -3.249999999999999556 ) ) ;
#1546 = CARTESIAN_POINT ( 'NONE',  ( -22.12500000000000000, 2.773130677972048819, 3.000000000000000000 ) ) ;
#1547 = DIRECTION ( 'NONE',  ( -1.734723475976807094E-16, 0.000000000000000000, 1.000000000000000000 ) ) ;
#1548 = CARTESIAN_POINT ( 'NONE',  ( -14.17157287525380838, 7.999999999999998224, -2.078427124746188959 ) ) ;
#1549 = ORIENTED_EDGE ( 'NONE', *, *, #251, .T. ) ;
#1550 = CARTESIAN_POINT ( 'NONE',  ( -1.999999999999998224, 2.000000000000000000, -4.000000000000000888 ) ) ;
#1551 = DIRECTION ( 'NONE',  ( 1.000000000000000000, 0.000000000000000000, 2.428612866367529932E-16 ) ) ;
#1552 = VECTOR ( 'NONE', #1188, 1000.000000000000000 ) ;
#1553 = DIRECTION ( 'NONE',  ( -0.000000000000000000, -0.000000000000000000, 1.000000000000000000 ) ) ;
#1554 = AXIS2_PLACEMENT_3D ( 'NONE', #69, #327, #608 ) ;
#1555 = CYLINDRICAL_SURFACE ( 'NONE', #141, 1.100000000000000089 ) ;
#1556 = CARTESIAN_POINT ( 'NONE',  ( -23.00000000000000000, 6.000000000000000000, 0.000000000000000000 ) ) ;
#1557 = ORIENTED_EDGE ( 'NONE', *, *, #163, .F. ) ;
#1558 = FACE_OUTER_BOUND ( 'NONE', #301, .T. ) ;
#1559 = FACE_OUTER_BOUND ( 'NONE', #270, .T. ) ;
#1560 = CARTESIAN_POINT ( 'NONE',  ( -21.00000000000000000, 4.000000000000000000, -5.000000000000005329 ) ) ;
#1561 = CARTESIAN_POINT ( 'NONE',  ( -2.000000000000000000, 2.000000000000000000, 4.000000000000000000 ) ) ;
#1562 = ORIENTED_EDGE ( 'NONE', *, *, #1473, .T. ) ;
#1563 = PLANE ( 'NONE',  #272 ) ;
#1564 = ORIENTED_EDGE ( 'NONE', *, *, #1089, .T. ) ;
#1565 = ORIENTED_EDGE ( 'NONE', *, *, #1289, .F. ) ;
#1566 = DIRECTION ( 'NONE',  ( 0.000000000000000000, 0.000000000000000000, 1.000000000000000000 ) ) ;
#1567 = ADVANCED_FACE ( 'NONE', ( #1387, #756 ), #891, .T. ) ;
#1568 = DIRECTION ( 'NONE',  ( -2.428612866367529932E-16, 0.000000000000000000, 1.000000000000000000 ) ) ;
#1569 = VECTOR ( 'NONE', #438, 1000.000000000000000 ) ;
#1570 = CARTESIAN_POINT ( 'NONE',  ( -19.00000000000000000, 4.000000000000000000, -3.000000000000000000 ) ) ;
#1571 = AXIS2_PLACEMENT_3D ( 'NONE', #1389, #638, #217 ) ;
#1572 = DIRECTION ( 'NONE',  ( 6.938893903907228378E-17, -0.000000000000000000, -1.000000000000000000 ) ) ;
#1573 = EDGE_CURVE ( 'NONE', #368, #479, #361, .T. ) ;
#1574 = DIRECTION ( 'NONE',  ( 1.000000000000000000, 0.000000000000000000, 6.938893903907228378E-17 ) ) ;
#1575 = VERTEX_POINT ( 'NONE', #206 ) ;
#1576 = ORIENTED_EDGE ( 'NONE', *, *, #552, .F. ) ;
#1577 = DIRECTION ( 'NONE',  ( -1.000000000000000000, 0.000000000000000000, -1.734723475976807094E-16 ) ) ;
#1578 = DIRECTION ( 'NONE',  ( 1.000000000000000000, 0.000000000000000000, 6.938893903907228378E-17 ) ) ;
#1579 = FACE_OUTER_BOUND ( 'NONE', #1476, .T. ) ;
#1580 = ORIENTED_EDGE ( 'NONE', *, *, #1469, .T. ) ;
#1581 = ADVANCED_FACE ( 'NONE', ( #489 ), #637, .T. ) ;
#1582 = DIRECTION ( 'NONE',  ( 1.000000000000000000, 0.000000000000000000, 4.336808689942017736E-17 ) ) ;
#1583 = ORIENTED_EDGE ( 'NONE', *, *, #1012, .T. ) ;
#1584 = VECTOR ( 'NONE', #549, 1000.000000000000000 ) ;
#1585 = DIRECTION ( 'NONE',  ( -1.000000000000000000, -0.000000000000000000, 4.336808689942018229E-16 ) ) ;
#1586 = DIRECTION ( 'NONE',  ( -1.000000000000000000, 0.000000000000000000, 0.000000000000000000 ) ) ;
#1587 = EDGE_CURVE ( 'NONE', #754, #1346, #899, .T. ) ;
#1588 = ADVANCED_FACE ( 'NONE', ( #1642, #1404 ), #91, .T. ) ;
#1589 = CARTESIAN_POINT ( 'NONE',  ( -1.999999999999998224, 8.000000000000000000, -4.000000000000000000 ) ) ;
#1590 = LINE ( 'NONE', #1110, #1381 ) ;
#1591 = EDGE_CURVE ( 'NONE', #1326, #32, #225, .T. ) ;
#1592 = LINE ( 'NONE', #1179, #1552 ) ;
#1593 = ORIENTED_EDGE ( 'NONE', *, *, #1034, .F. ) ;
#1594 = EDGE_LOOP ( 'NONE', ( #263, #1609, #1368, #961, #219, #547, #1629, #852 ) ) ;
#1595 = EDGE_CURVE ( 'NONE', #851, #3, #992, .T. ) ;
#1596 = CARTESIAN_POINT ( 'NONE',  ( -0.9999999999999981126, 6.000000000000000000, -5.000000000000000000 ) ) ;
#1597 = DIRECTION ( 'NONE',  ( 0.000000000000000000, -0.000000000000000000, -1.000000000000000000 ) ) ;
#1598 = CIRCLE ( 'NONE', #914, 1.000000000000000000 ) ;
#1600 = AXIS2_PLACEMENT_3D ( 'NONE', #618, #1136, #1658 ) ;
#1599 = CARTESIAN_POINT ( 'NONE',  ( -22.12500000000000000, 2.773130677972048819, 5.000000000000000000 ) ) ;
#1601 = VECTOR ( 'NONE', #630, 1000.000000000000000 ) ;
#1602 = DIRECTION ( 'NONE',  ( 4.336808689942017736E-16, 0.000000000000000000, -1.000000000000000000 ) ) ;
#1603 = EDGE_CURVE ( 'NONE', #505, #810, #1252, .T. ) ;
#1604 = ORIENTED_EDGE ( 'NONE', *, *, #1483, .F. ) ;
#1605 = ORIENTED_EDGE ( 'NONE', *, *, #273, .F. ) ;
#1606 = EDGE_CURVE ( 'NONE', #1449, #280, #1287, .T. ) ;
#1607 = DIRECTION ( 'NONE',  ( 0.000000000000000000, 1.000000000000000000, 0.000000000000000000 ) ) ;
#1608 = DIRECTION ( 'NONE',  ( 1.000000000000000000, 0.000000000000000000, -0.000000000000000000 ) ) ;
#1609 = ORIENTED_EDGE ( 'NONE', *, *, #55, .T. ) ;
#1610 = AXIS2_PLACEMENT_3D ( 'NONE', #449, #568, #1091 ) ;
#1611 = AXIS2_PLACEMENT_3D ( 'NONE', #109, #1332, #1072 ) ;
#1612 = VERTEX_POINT ( 'NONE', #98 ) ;
#1613 = CARTESIAN_POINT ( 'NONE',  ( -20.00000000000000355, 1.546261355944093863, -3.000000000000000000 ) ) ;
#1614 = LINE ( 'NONE', #732, #37 ) ;
#1615 = ORIENTED_EDGE ( 'NONE', *, *, #532, .T. ) ;
#1616 = ORIENTED_EDGE ( 'NONE', *, *, #1022, .F. ) ;
#1617 =( BOUNDED_CURVE ( )  B_SPLINE_CURVE ( 3, ( #145, #1192, #674, #1471 ),
 .UNSPECIFIED., .F., .T. ) 
 B_SPLINE_CURVE_WITH_KNOTS ( ( 4, 4 ),
 ( 4.712388980384689674, 6.283185307179586232 ),
 .UNSPECIFIED. ) 
 CURVE ( )  GEOMETRIC_REPRESENTATION_ITEM ( )  RATIONAL_B_SPLINE_CURVE ( ( 1.000000000000000000, 0.8047378541243649375, 0.8047378541243649375, 1.000000000000000000 ) ) 
 REPRESENTATION_ITEM ( '' )  );
#1618 = EDGE_CURVE ( 'NONE', #3, #996, #200, .T. ) ;
#1619 = CARTESIAN_POINT ( 'NONE',  ( -1.999999999999998224, 7.000000000000000000, -5.000000000000000888 ) ) ;
#1620 = CARTESIAN_POINT ( 'NONE',  ( -17.87500000000000355, 5.226869322027951625, -3.000000000000000000 ) ) ;
#1621 = FACE_OUTER_BOUND ( 'NONE', #1503, .T. ) ;
#1622 = ADVANCED_FACE ( 'NONE', ( #1155 ), #1519, .F. ) ;
#1623 = CIRCLE ( 'NONE', #778, 1.000000000000000000 ) ;
#1624 = EDGE_LOOP ( 'NONE', ( #925, #1319, #212, #655 ) ) ;
#1625 = ORIENTED_EDGE ( 'NONE', *, *, #118, .T. ) ;
#1626 = DIRECTION ( 'NONE',  ( 1.000000000000000000, 0.000000000000000000, 0.000000000000000000 ) ) ;
#1627 = PLANE ( 'NONE',  #25 ) ;
#1628 = DIRECTION ( 'NONE',  ( 0.8660254037844388186, 0.4999999999999996669, 0.000000000000000000 ) ) ;
#1629 = ORIENTED_EDGE ( 'NONE', *, *, #1390, .T. ) ;
#1630 = EDGE_CURVE ( 'NONE', #429, #1575, #473, .T. ) ;
#1631 = ORIENTED_EDGE ( 'NONE', *, *, #791, .F. ) ;
#1632 = VECTOR ( 'NONE', #769, 1000.000000000000000 ) ;
#1633 = AXIS2_PLACEMENT_3D ( 'NONE', #431, #1359, #169 ) ;
#1634 = CARTESIAN_POINT ( 'NONE',  ( -2.775557561562891351E-16, 8.000000000000000000, 4.000000000000000000 ) ) ;
#1635 = DIRECTION ( 'NONE',  ( 1.000000000000000000, -0.000000000000000000, 0.000000000000000000 ) ) ;
#1636 = ADVANCED_FACE ( 'NONE', ( #481 ), #81, .F. ) ;
#1637 = ORIENTED_EDGE ( 'NONE', *, *, #423, .F. ) ;
#1638 = ORIENTED_EDGE ( 'NONE', *, *, #113, .T. ) ;
#1639 = AXIS2_PLACEMENT_3D ( 'NONE', #1023, #90, #370 ) ;
#1640 = ADVANCED_FACE ( 'NONE', ( #1559 ), #1175, .T. ) ;
#1641 = LINE ( 'NONE', #581, #693 ) ;
#1642 = FACE_OUTER_BOUND ( 'NONE', #691, .T. ) ;
#1643 = DIRECTION ( 'NONE',  ( -0.000000000000000000, 0.000000000000000000, -1.000000000000000000 ) ) ;
#1644 = CARTESIAN_POINT ( 'NONE',  ( -20.00000000000000000, 4.000000000000000000, -1.249999999999999334 ) ) ;
#1645 = EDGE_LOOP ( 'NONE', ( #469, #1284, #196, #1549 ) ) ;
#1646 = AXIS2_PLACEMENT_3D ( 'NONE', #482, #892, #1009 ) ;
#1647 = ORIENTED_EDGE ( 'NONE', *, *, #1158, .F. ) ;
#1648 = CIRCLE ( 'NONE', #298, 1.000000000000000888 ) ;
#1649 = CARTESIAN_POINT ( 'NONE',  ( -23.00000000000000000, 0.000000000000000000, 3.250000000000000444 ) ) ;
#1650 = DIRECTION ( 'NONE',  ( 1.000000000000000000, 0.000000000000000000, 0.000000000000000000 ) ) ;
#1651 = EDGE_CURVE ( 'NONE', #253, #166, #1341, .T. ) ;
#1652 = FACE_OUTER_BOUND ( 'NONE', #1698, .T. ) ;
#1653 = CARTESIAN_POINT ( 'NONE',  ( -22.12500000000000000, 2.773130677972048819, -5.000000000000005329 ) ) ;
#1654 = VERTEX_POINT ( 'NONE', #1183 ) ;
#1655 = DIRECTION ( 'NONE',  ( 6.938893903907228378E-17, -0.000000000000000000, -1.000000000000000000 ) ) ;
#1656 = ORIENTED_EDGE ( 'NONE', *, *, #1345, .T. ) ;
#1657 = EDGE_CURVE ( 'NONE', #1100, #1173, #5, .T. ) ;
#1658 = DIRECTION ( 'NONE',  ( 1.000000000000000000, 0.000000000000000000, 4.336808689942017736E-16 ) ) ;
#1659 = DIRECTION ( 'NONE',  ( -0.000000000000000000, -0.000000000000000000, 1.000000000000000000 ) ) ;
#1660 = CARTESIAN_POINT ( 'NONE',  ( -21.00000000000000000, 4.000000000000000000, 3.000000000000000000 ) ) ;
#1661 = ORIENTED_EDGE ( 'NONE', *, *, #556, .T. ) ;
#1662 = CARTESIAN_POINT ( 'NONE',  ( -2.000000000000000000, 2.000000000000000000, 4.000000000000000000 ) ) ;
#1663 = EDGE_LOOP ( 'NONE', ( #104, #221 ) ) ;
#1664 = CARTESIAN_POINT ( 'NONE',  ( -1.000000000000000000, 6.000000000000000000, 5.000000000000000000 ) ) ;
#1665 = DIRECTION ( 'NONE',  ( 1.000000000000000000, 0.000000000000000000, 6.938893903907228378E-17 ) ) ;
#1666 = DIRECTION ( 'NONE',  ( 0.000000000000000000, 0.000000000000000000, 1.000000000000000000 ) ) ;
#1667 = EDGE_CURVE ( 'NONE', #1346, #1144, #650, .T. ) ;
#1668 = CARTESIAN_POINT ( 'NONE',  ( -23.00000000000000000, 8.000000000000000000, -3.250000000000000000 ) ) ;
#1669 = ORIENTED_EDGE ( 'NONE', *, *, #58, .F. ) ;
#1670 = EDGE_CURVE ( 'NONE', #355, #1441, #1322, .T. ) ;
#1671 = DIRECTION ( 'NONE',  ( 0.5000000000000008882, 0.8660254037844382635, 0.000000000000000000 ) ) ;
#1672 = EDGE_LOOP ( 'NONE', ( #133, #279, #807, #830 ) ) ;
#1673 = AXIS2_PLACEMENT_3D ( 'NONE', #887, #878, #116 ) ;
#1674 = VECTOR ( 'NONE', #1607, 1000.000000000000000 ) ;
#1675 = DIRECTION ( 'NONE',  ( 0.000000000000000000, 0.000000000000000000, -1.000000000000000000 ) ) ;
#1676 = DIRECTION ( 'NONE',  ( 0.000000000000000000, -1.000000000000000000, 0.000000000000000000 ) ) ;
#1677 = DIRECTION ( 'NONE',  ( -0.000000000000000000, -1.000000000000000000, -0.000000000000000000 ) ) ;
#1678 = DIRECTION ( 'NONE',  ( -1.000000000000000000, 0.000000000000000000, -0.000000000000000000 ) ) ;
#1679 = CARTESIAN_POINT ( 'NONE',  ( -2.000000000000000000, 7.000000000000000000, 4.000000000000000000 ) ) ;
#1680 = CARTESIAN_POINT ( 'NONE',  ( -15.00000000000000355, 6.000000000000000000, 1.250000000000000000 ) ) ;
#1681 = EDGE_LOOP ( 'NONE', ( #1418, #1059, #12, #1605 ) ) ;
#1682 = ORIENTED_EDGE ( 'NONE', *, *, #1512, .F. ) ;
#1683 = DIRECTION ( 'NONE',  ( -1.000000000000000000, 0.000000000000000000, -6.938893903907226405E-16 ) ) ;
#1684 = CARTESIAN_POINT ( 'NONE',  ( -23.00000000000000000, 6.000000000000000000, -5.000000000000006217 ) ) ;
#1685 = AXIS2_PLACEMENT_3D ( 'NONE', #670, #142, #1 ) ;
#1686 = CARTESIAN_POINT ( 'NONE',  ( -20.00000000000000355, 1.546261355944093863, -5.000000000000000000 ) ) ;
#1687 = ORIENTED_EDGE ( 'NONE', *, *, #1043, .T. ) ;
#1688 = CARTESIAN_POINT ( 'NONE',  ( -23.00000000000000000, 6.000000000000000000, 3.999999999999998224 ) ) ;
#1689 = VERTEX_POINT ( 'NONE', #256 ) ;
#1690 = ORIENTED_EDGE ( 'NONE', *, *, #763, .T. ) ;
#1691 = DIRECTION ( 'NONE',  ( 0.000000000000000000, 1.000000000000000000, 0.000000000000000000 ) ) ;
#1692 = ADVANCED_FACE ( 'NONE', ( #1700 ), #928, .T. ) ;
#1693 = DIRECTION ( 'NONE',  ( 1.000000000000000000, 0.000000000000000000, 0.000000000000000000 ) ) ;
#1694 = CARTESIAN_POINT ( 'NONE',  ( -15.00000000000000178, 6.000000000000000000, -1.249999999999999334 ) ) ;
#1695 = ORIENTED_EDGE ( 'NONE', *, *, #605, .F. ) ;
#1696 = CARTESIAN_POINT ( 'NONE',  ( -2.000000000000000000, 6.000000000000000000, 4.000000000000000000 ) ) ;
#1697 = ORIENTED_EDGE ( 'NONE', *, *, #163, .T. ) ;
#1698 = EDGE_LOOP ( 'NONE', ( #331, #846, #78, #1638 ) ) ;
#1699 = CYLINDRICAL_SURFACE ( 'NONE', #1242, 1.100000000000000089 ) ;
#1700 = FACE_OUTER_BOUND ( 'NONE', #726, .T. ) ;
#1701 = VECTOR ( 'NONE', #941, 1000.000000000000000 ) ;
#1702 = CARTESIAN_POINT ( 'NONE',  ( -20.00000000000000000, 4.000000000000000000, 1.250000000000000222 ) ) ;
#1703 = AXIS2_PLACEMENT_3D ( 'NONE', #1112, #986, #1246 ) ;
#1704 = FACE_OUTER_BOUND ( 'NONE', #885, .T. ) ;
#1705 = ORIENTED_EDGE ( 'NONE', *, *, #982, .F. ) ;
ENDSEC;
END-ISO-10303-21;
