ISO-10303-21;
HEADER;
FILE_DESCRIPTION (( 'STEP AP214' ),
    '1' );
FILE_NAME ('Servo Adapter.STEP',
    '2026-09-08T23:06:57',
    ( 'Windows User' ),
    ( '' ),
    'SwSTEP 2.0',
    'SolidWorks 2025',
    '' );
FILE_SCHEMA (( 'AUTOMOTIVE_DESIGN' ));
ENDSEC;

DATA;
#1 = CARTESIAN_POINT ( 'NONE',  ( 0.8947733005277508367, -0.1498172852299859137, -0.3512875825147562803 ) ) ;
#2 = ORIENTED_EDGE ( 'NONE', *, *, #4193, .T. ) ;
#3 = CARTESIAN_POINT ( 'NONE',  ( -0.6705776782266571479, -2.981555974335137194E-16, -0.6887291212302067978 ) ) ;
#4 = VECTOR ( 'NONE', #3676, 1000.000000000000227 ) ;
#5 = VERTEX_POINT ( 'NONE', #3390 ) ;
#6 = LINE ( 'NONE', #4769, #98 ) ;
#7 = EDGE_CURVE ( 'NONE', #6405, #3229, #8291, .T. ) ;
#8 = LINE ( 'NONE', #2360, #2631 ) ;
#9 = ORIENTED_EDGE ( 'NONE', *, *, #1540, .F. ) ;
#10 = CARTESIAN_POINT ( 'NONE',  ( -0.6411484854771019037, -0.1450903546745302697, 0.7162058674269604630 ) ) ;
#11 = AXIS2_PLACEMENT_3D ( 'NONE', #2105, #8474, #590 ) ;
#12 = ADVANCED_FACE ( 'NONE', ( #7509 ), #356, .F. ) ;
#13 = VECTOR ( 'NONE', #2302, 1000.000000000000000 ) ;
#14 = DIRECTION ( 'NONE',  ( -0.000000000000000000, 1.000000000000000000, 0.000000000000000000 ) ) ;
#15 = CARTESIAN_POINT ( 'NONE',  ( -1.356673771595334532, 2.000000000000000000, -1.787351687275304357 ) ) ;
#16 = DIRECTION ( 'NONE',  ( -0.2716932703613678668, 0.000000000000000000, 0.9623838978496808139 ) ) ;
#17 = DIRECTION ( 'NONE',  ( -0.8674621517390698200, 0.000000000000000000, 0.4975031811960834438 ) ) ;
#18 = EDGE_CURVE ( 'NONE', #8185, #8820, #9910, .T. ) ;
#19 = AXIS2_PLACEMENT_3D ( 'NONE', #110, #4040, #9566 ) ;
#20 = LINE ( 'NONE', #650, #8550 ) ;
#21 = ORIENTED_EDGE ( 'NONE', *, *, #5760, .F. ) ;
#22 = EDGE_CURVE ( 'NONE', #328, #1228, #3601, .T. ) ;
#23 = EDGE_LOOP ( 'NONE', ( #8585, #7819, #2823, #947 ) ) ;
#24 = DIRECTION ( 'NONE',  ( 0.000000000000000000, -1.000000000000000000, 0.000000000000000000 ) ) ;
#25 = DIRECTION ( 'NONE',  ( -0.9308330780365603463, 0.000000000000000000, 0.3654446344290512849 ) ) ;
#26 = ORIENTED_EDGE ( 'NONE', *, *, #7562, .T. ) ;
#27 = VECTOR ( 'NONE', #7845, 1000.000000000000000 ) ;
#28 = LINE ( 'NONE', #3213, #3875 ) ;
#29 = CARTESIAN_POINT ( 'NONE',  ( 0.9533299039201568181, -2.981555974335137194E-16, 0.1232246698432228338 ) ) ;
#30 = CARTESIAN_POINT ( 'NONE',  ( 0.9557185851998458714, -2.981555974335137194E-16, -1.925282605420701731 ) ) ;
#31 = EDGE_CURVE ( 'NONE', #8193, #1654, #4443, .T. ) ;
#32 = EDGE_CURVE ( 'NONE', #5764, #7127, #6164, .T. ) ;
#33 = DIRECTION ( 'NONE',  ( 0.7412141892185383218, 0.000000000000000000, 0.6712685943056660998 ) ) ;
#34 = LINE ( 'NONE', #7034, #255 ) ;
#35 = FACE_OUTER_BOUND ( 'NONE', #3984, .T. ) ;
#36 = ORIENTED_EDGE ( 'NONE', *, *, #1877, .T. ) ;
#37 = AXIS2_PLACEMENT_3D ( 'NONE', #2012, #10096, #3687 ) ;
#38 = ORIENTED_EDGE ( 'NONE', *, *, #1854, .F. ) ;
#39 = ORIENTED_EDGE ( 'NONE', *, *, #9223, .T. ) ;
#40 = ORIENTED_EDGE ( 'NONE', *, *, #463, .T. ) ;
#41 = LINE ( 'NONE', #674, #10207 ) ;
#42 = DIRECTION ( 'NONE',  ( 0.2107285608221171336, 0.000000000000000000, -0.9775446146615710541 ) ) ;
#43 = CARTESIAN_POINT ( 'NONE',  ( 1.501477460193404889, -3.006278401112418225E-16, 1.667559658024787339 ) ) ;
#44 = VECTOR ( 'NONE', #9836, 999.9999999999998863 ) ;
#45 = CARTESIAN_POINT ( 'NONE',  ( 1.635749363218298447, 2.000000000000000000, 1.536070895913179468 ) ) ;
#46 = VECTOR ( 'NONE', #7297, 999.9999999999998863 ) ;
#47 = EDGE_CURVE ( 'NONE', #414, #4065, #9288, .T. ) ;
#48 = ORIENTED_EDGE ( 'NONE', *, *, #3088, .T. ) ;
#49 = LINE ( 'NONE', #1614, #6634 ) ;
#50 = LINE ( 'NONE', #5750, #5625 ) ;
#51 = VECTOR ( 'NONE', #8468, 1000.000000000000000 ) ;
#52 = ORIENTED_EDGE ( 'NONE', *, *, #8136, .F. ) ;
#53 = VECTOR ( 'NONE', #444, 1000.000000000000000 ) ;
#54 = EDGE_LOOP ( 'NONE', ( #1779, #2739, #3016, #1578 ) ) ;
#55 = VECTOR ( 'NONE', #5484, 1000.000000000000114 ) ;
#56 = LINE ( 'NONE', #3243, #13 ) ;
#57 = VECTOR ( 'NONE', #8992, 1000.000000000000000 ) ;
#58 = VERTEX_POINT ( 'NONE', #10168 ) ;
#59 = LINE ( 'NONE', #994, #3609 ) ;
#60 = PLANE ( 'NONE',  #2460 ) ;
#61 = ORIENTED_EDGE ( 'NONE', *, *, #5298, .F. ) ;
#62 = FACE_OUTER_BOUND ( 'NONE', #9084, .T. ) ;
#63 = FACE_OUTER_BOUND ( 'NONE', #7518, .T. ) ;
#64 = APPLICATION_PROTOCOL_DEFINITION ( 'draft international standard', 'automotive_design', 1998, #3600 ) ;
#65 = ADVANCED_FACE ( 'NONE', ( #6943 ), #7612, .F. ) ;
#66 = PLANE ( 'NONE',  #3317 ) ;
#67 = CARTESIAN_POINT ( 'NONE',  ( -17.49999999999998224, 4.200000000000000178, 3.600000000000000089 ) ) ;
#68 = CARTESIAN_POINT ( 'NONE',  ( 0.01736256296938100754, -0.1439148779360118480, 0.9611039310987760098 ) ) ;
#69 = EDGE_CURVE ( 'NONE', #6332, #7103, #2186, .T. ) ;
#70 = CARTESIAN_POINT ( 'NONE',  ( -0.6148617368345592471, 2.000000000000000000, -0.7388959801915123693 ) ) ;
#71 = ORIENTED_EDGE ( 'NONE', *, *, #6190, .T. ) ;
#72 = AXIS2_PLACEMENT_3D ( 'NONE', #6236, #6958, #3825 ) ;
#73 = LINE ( 'NONE', #3259, #9555 ) ;
#74 = ORIENTED_EDGE ( 'NONE', *, *, #5783, .F. ) ;
#75 = DIRECTION ( 'NONE',  ( 0.03899732433763213046, 0.000000000000000000, 0.9992393150264382573 ) ) ;
#76 = FACE_OUTER_BOUND ( 'NONE', #10075, .T. ) ;
#77 = CARTESIAN_POINT ( 'NONE',  ( 0.8742577899074981396, -0.1442935096704870135, -1.963615146004424883 ) ) ;
#78 = CARTESIAN_POINT ( 'NONE',  ( 1.656175356194980353, 2.000000000000000000, -1.370107409791053943 ) ) ;
#79 = DIRECTION ( 'NONE',  ( 0.8195017574611052069, 0.000000000000000000, -0.5730766698428404471 ) ) ;
#80 = DIRECTION ( 'NONE',  ( 0.9888474094770498546, 0.000000000000000000, 0.1489322019260023722 ) ) ;
#81 = ORIENTED_EDGE ( 'NONE', *, *, #6095, .F. ) ;
#82 = CARTESIAN_POINT ( 'NONE',  ( -1.121961427204661632, -3.006278401112418225E-16, -1.943294196050990408 ) ) ;
#83 = ORIENTED_EDGE ( 'NONE', *, *, #9980, .F. ) ;
#84 = ORIENTED_EDGE ( 'NONE', *, *, #813, .F. ) ;
#85 = DIRECTION ( 'NONE',  ( 0.4792273139124932912, 0.000000000000000000, 0.8776908234681598531 ) ) ;
#86 = ORIENTED_EDGE ( 'NONE', *, *, #8450, .T. ) ;
#87 = ADVANCED_FACE ( 'NONE', ( #6785 ), #520, .F. ) ;
#88 = ADVANCED_FACE ( 'NONE', ( #5288 ), #1196, .F. ) ;
#89 = DIRECTION ( 'NONE',  ( 0.000000000000000000, 0.000000000000000000, -1.000000000000000000 ) ) ;
#90 = EDGE_CURVE ( 'NONE', #7733, #3481, #7563, .T. ) ;
#91 = DIRECTION ( 'NONE',  ( 0.8195017574610975464, 0.000000000000000000, 0.5730766698428514383 ) ) ;
#92 = ADVANCED_FACE ( 'NONE', ( #4599 ), #7772, .F. ) ;
#93 = DIRECTION ( 'NONE',  ( -0.2862728641871079560, 0.000000000000000000, -0.9581481342830603376 ) ) ;
#94 = ORIENTED_EDGE ( 'NONE', *, *, #9408, .T. ) ;
#95 = DIRECTION ( 'NONE',  ( 0.4975031811960954897, 0.000000000000000000, -0.8674621517390629366 ) ) ;
#96 = DIRECTION ( 'NONE',  ( 0.000000000000000000, -1.000000000000000000, 0.000000000000000000 ) ) ;
#97 = ORIENTED_EDGE ( 'NONE', *, *, #5910, .F. ) ;
#98 = VECTOR ( 'NONE', #793, 1000.000000000000114 ) ;
#99 = VERTEX_POINT ( 'NONE', #9233 ) ;
#100 = EDGE_CURVE ( 'NONE', #9024, #8290, #8452, .T. ) ;
#101 = FACE_OUTER_BOUND ( 'NONE', #8898, .T. ) ;
#102 = VECTOR ( 'NONE', #9750, 1000.000000000000000 ) ;
#103 = VERTEX_POINT ( 'NONE', #7665 ) ;
#104 = CARTESIAN_POINT ( 'NONE',  ( 0.7550506452478039643, 2.000000000000000000, 0.5949123868917688407 ) ) ;
#105 = CARTESIAN_POINT ( 'NONE',  ( -0.5508761081120484571, -0.1451609609644682330, 0.7877548720748792643 ) ) ;
#106 = CARTESIAN_POINT ( 'NONE',  ( 0.9086988294849319692, -0.1499926892710059800, 0.3135102267217150240 ) ) ;
#107 = EDGE_LOOP ( 'NONE', ( #4184, #2535, #4734, #3453 ) ) ;
#108 = DIRECTION ( 'NONE',  ( -0.7309375656651668773, 0.000000000000000000, 0.6824443384624711006 ) ) ;
#109 = LINE ( 'NONE', #161, #1533 ) ;
#110 = CARTESIAN_POINT ( 'NONE',  ( 0.000000000000000000, 0.000000000000000000, 0.000000000000000000 ) ) ;
#111 = DIRECTION ( 'NONE',  ( -0.000000000000000000, 1.000000000000000000, -0.000000000000000000 ) ) ;
#112 = LINE ( 'NONE', #7369, #10138 ) ;
#113 = FACE_OUTER_BOUND ( 'NONE', #7168, .T. ) ;
#114 = CARTESIAN_POINT ( 'NONE',  ( -17.49999999999997868, -22.29461818466508305, 2.000000000000000888 ) ) ;
#115 = DIRECTION ( 'NONE',  ( 0.04475363562199189543, 0.000000000000000000, -0.9989980541015152093 ) ) ;
#116 = EDGE_CURVE ( 'NONE', #4528, #10282, #5359, .T. ) ;
#117 = VECTOR ( 'NONE', #2445, 1000.000000000000000 ) ;
#118 = VERTEX_POINT ( 'NONE', #3807 ) ;
#119 = FACE_OUTER_BOUND ( 'NONE', #9189, .T. ) ;
#120 = ORIENTED_EDGE ( 'NONE', *, *, #1171, .T. ) ;
#121 = PLANE ( 'NONE',  #7700 ) ;
#122 = DIRECTION ( 'NONE',  ( 0.7017186064260495515, 0.000000000000000000, -0.7124542072270210191 ) ) ;
#123 = CARTESIAN_POINT ( 'NONE',  ( 1.535719282928330376, -0.1499926892710059800, 1.503887432248177225 ) ) ;
#124 = VECTOR ( 'NONE', #3502, 1000.000000000000000 ) ;
#125 = CARTESIAN_POINT ( 'NONE',  ( 1.698638506051831643, -3.006278401112418225E-16, 1.466225426835374490 ) ) ;
#126 = CARTESIAN_POINT ( 'NONE',  ( -0.8695550808797030129, 2.000000000000000000, -2.068589794487269540 ) ) ;
#127 = EDGE_LOOP ( 'NONE', ( #6755, #1034, #7149, #2312 ) ) ;
#128 = ORIENTED_EDGE ( 'NONE', *, *, #8942, .T. ) ;
#129 = ORIENTED_EDGE ( 'NONE', *, *, #5595, .F. ) ;
#130 = EDGE_CURVE ( 'NONE', #4976, #10269, #2915, .T. ) ;
#131 = LINE ( 'NONE', #183, #1246 ) ;
#132 = CARTESIAN_POINT ( 'NONE',  ( 0.3324718211827753511, -2.981555974335137194E-16, -0.9019338740095058649 ) ) ;
#133 = ORIENTED_EDGE ( 'NONE', *, *, #1554, .F. ) ;
#134 = VECTOR ( 'NONE', #3008, 1000.000000000000000 ) ;
#135 = CARTESIAN_POINT ( 'NONE',  ( 0.000000000000000000, -4.408728476930471151E-16, 0.000000000000000000 ) ) ;
#136 = DIRECTION ( 'NONE',  ( -0.5509898714914941431, 0.000000000000000000, -0.8345119301207064577 ) ) ;
#137 = AXIS2_PLACEMENT_3D ( 'NONE', #3156, #2416, #8736 ) ;
#138 = DIRECTION ( 'NONE',  ( 0.000000000000000000, -1.000000000000000000, 0.000000000000000000 ) ) ;
#139 = ADVANCED_FACE ( 'NONE', ( #3757 ), #572, .F. ) ;
#140 = ADVANCED_FACE ( 'NONE', ( #413 ), #9954, .F. ) ;
#141 = EDGE_LOOP ( 'NONE', ( #4261, #7606, #7788, #10201 ) ) ;
#142 = DIRECTION ( 'NONE',  ( 0.9308330780365553503, 0.000000000000000000, 0.3654446344290637749 ) ) ;
#143 = EDGE_CURVE ( 'NONE', #5495, #4075, #5230, .T. ) ;
#144 = CARTESIAN_POINT ( 'NONE',  ( -0.8597777503361603291, -0.1418147860772172864, 0.4298888751680808862 ) ) ;
#145 = VERTEX_POINT ( 'NONE', #4753 ) ;
#146 = ADVANCED_FACE ( 'NONE', ( #3184 ), #1561, .F. ) ;
#147 = VECTOR ( 'NONE', #4361, 1000.000000000000000 ) ;
#148 = ORIENTED_EDGE ( 'NONE', *, *, #3935, .F. ) ;
#149 = ORIENTED_EDGE ( 'NONE', *, *, #4638, .T. ) ;
#150 = ORIENTED_EDGE ( 'NONE', *, *, #7808, .T. ) ;
#151 = EDGE_CURVE ( 'NONE', #433, #9863, #9449, .T. ) ;
#152 = EDGE_CURVE ( 'NONE', #3142, #322, #8662, .T. ) ;
#153 = ORIENTED_EDGE ( 'NONE', *, *, #2826, .F. ) ;
#154 = CARTESIAN_POINT ( 'NONE',  ( -0.8236591385239396823, -2.981555974335137194E-16, 0.4955883861556772407 ) ) ;
#155 = CARTESIAN_POINT ( 'NONE',  ( -0.1408970818120476587, 2.000000000000000000, -2.239494985231589741 ) ) ;
#156 = EDGE_CURVE ( 'NONE', #6193, #9295, #2485, .T. ) ;
#157 = CARTESIAN_POINT ( 'NONE',  ( 0.000000000000000000, -2.981555974335137194E-16, -2.149444375840398713 ) ) ;
#158 = ORIENTED_EDGE ( 'NONE', *, *, #6364, .T. ) ;
#159 = EDGE_LOOP ( 'NONE', ( #1044, #2637, #7715, #6152 ) ) ;
#160 = LINE ( 'NONE', #5665, #8405 ) ;
#161 = CARTESIAN_POINT ( 'NONE',  ( -0.3750546960483606140, 2.000000000000000000, 0.8850741211550920973 ) ) ;
#162 = VECTOR ( 'NONE', #8797, 1000.000000000000000 ) ;
#163 = DIRECTION ( 'NONE',  ( 0.6234027750479839147, 0.000000000000000000, 0.7819008761105673555 ) ) ;
#164 = LINE ( 'NONE', #7470, #5663 ) ;
#165 = DIRECTION ( 'NONE',  ( 1.000000000000000000, 0.000000000000000000, 0.000000000000000000 ) ) ;
#166 = CARTESIAN_POINT ( 'NONE',  ( 2.148972967168876202, 2.000000000000000000, 0.04501456663479144749 ) ) ;
#167 = LINE ( 'NONE', #270, #3715 ) ;
#168 = VECTOR ( 'NONE', #2069, 1000.000000000000114 ) ;
#169 = ADVANCED_FACE ( 'NONE', ( #6321 ), #3924, .F. ) ;
#170 = VECTOR ( 'NONE', #6363, 1000.000000000000000 ) ;
#171 = VECTOR ( 'NONE', #835, 1000.000000000000000 ) ;
#172 = ORIENTED_EDGE ( 'NONE', *, *, #8183, .T. ) ;
#173 = DIRECTION ( 'NONE',  ( 0.3708014161143508014, 0.000000000000000000, 0.9287121781303354640 ) ) ;
#174 = EDGE_LOOP ( 'NONE', ( #1958, #1517, #2598, #2273 ) ) ;
#175 = FACE_OUTER_BOUND ( 'NONE', #5794, .T. ) ;
#176 = PLANE ( 'NONE',  #4416 ) ;
#177 = EDGE_CURVE ( 'NONE', #2262, #4434, #7203, .T. ) ;
#178 = LINE ( 'NONE', #1899, #9165 ) ;
#179 = FACE_OUTER_BOUND ( 'NONE', #4527, .T. ) ;
#180 = DIRECTION ( 'NONE',  ( -0.000000000000000000, 1.000000000000000000, -0.000000000000000000 ) ) ;
#181 = ORIENTED_EDGE ( 'NONE', *, *, #8079, .T. ) ;
#182 = ORIENTED_EDGE ( 'NONE', *, *, #1377, .F. ) ;
#183 = CARTESIAN_POINT ( 'NONE',  ( 0.6148617368345697942, -2.981555974335137194E-16, -0.7388959801915035985 ) ) ;
#184 = CARTESIAN_POINT ( 'NONE',  ( 0.000000000000000000, 4.200000000000000178, -3.600000000000000089 ) ) ;
#185 = ORIENTED_EDGE ( 'NONE', *, *, #7142, .F. ) ;
#186 = FACE_OUTER_BOUND ( 'NONE', #10320, .T. ) ;
#187 = PLANE ( 'NONE',  #5398 ) ;
#188 = ADVANCED_FACE ( 'NONE', ( #9546 ), #9499, .F. ) ;
#189 = DIRECTION ( 'NONE',  ( -0.9123699880573515886, 0.000000000000000000, -0.4093665898583177531 ) ) ;
#190 = EDGE_CURVE ( 'NONE', #6957, #6873, #2396, .T. ) ;
#191 = VECTOR ( 'NONE', #2728, 999.9999999999998863 ) ;
#192 = DIRECTION ( 'NONE',  ( -0.4283840443791767649, 0.000000000000000000, -0.9035967632308891107 ) ) ;
#193 = ORIENTED_EDGE ( 'NONE', *, *, #2525, .T. ) ;
#194 = DIRECTION ( 'NONE',  ( -0.9817433889756554954, 0.000000000000000000, 0.1902101947914324187 ) ) ;
#195 = DIRECTION ( 'NONE',  ( 0.4472135954999585938, 0.000000000000000000, 0.8944271909999155223 ) ) ;
#196 = ORIENTED_EDGE ( 'NONE', *, *, #6019, .T. ) ;
#197 = VERTEX_POINT ( 'NONE', #3076 ) ;
#198 = VERTEX_POINT ( 'NONE', #10277 ) ;
#199 = AXIS2_PLACEMENT_3D ( 'NONE', #1608, #823, #89 ) ;
#200 = ORIENTED_EDGE ( 'NONE', *, *, #917, .T. ) ;
#201 = EDGE_CURVE ( 'NONE', #3669, #2348, #7824, .T. ) ;
#202 = ORIENTED_EDGE ( 'NONE', *, *, #2330, .T. ) ;
#203 = DIRECTION ( 'NONE',  ( 0.000000000000000000, -1.000000000000000000, 0.000000000000000000 ) ) ;
#204 = PLANE ( 'NONE',  #7770 ) ;
#205 = ORIENTED_EDGE ( 'NONE', *, *, #4489, .F. ) ;
#206 = CARTESIAN_POINT ( 'NONE',  ( 0.6034353314822717973, -3.006278401112418225E-16, -2.161262496148827594 ) ) ;
#207 = DIRECTION ( 'NONE',  ( 0.4041033210507403717, 0.000000000000000000, 0.9147133463089747174 ) ) ;
#208 = EDGE_LOOP ( 'NONE', ( #3359, #4307, #2403, #3040 ) ) ;
#209 = ORIENTED_EDGE ( 'NONE', *, *, #6732, .F. ) ;
#210 = CARTESIAN_POINT ( 'NONE',  ( -0.5833806464172469619, -0.1456920279732068779, -0.7639955800606321734 ) ) ;
#211 = LINE ( 'NONE', #951, #6382 ) ;
#212 = EDGE_CURVE ( 'NONE', #6736, #1181, #2345, .T. ) ;
#213 = EDGE_CURVE ( 'NONE', #8721, #6009, #9636, .T. ) ;
#214 = EDGE_CURVE ( 'NONE', #5199, #6103, #7156, .T. ) ;
#215 = LINE ( 'NONE', #1983, #2011 ) ;
#216 = CARTESIAN_POINT ( 'NONE',  ( -2.119107720340028145, -0.1453987955827127088, 0.7379513846696655888 ) ) ;
#217 = VECTOR ( 'NONE', #93, 1000.000000000000114 ) ;
#218 = AXIS2_PLACEMENT_3D ( 'NONE', #6922, #7539, #7595 ) ;
#219 = CARTESIAN_POINT ( 'NONE',  ( -0.6148617368345645762, -0.1459816899409631941, 0.7388959801915081504 ) ) ;
#220 = EDGE_CURVE ( 'NONE', #2764, #8426, #3865, .T. ) ;
#221 = CARTESIAN_POINT ( 'NONE',  ( 2.148972967168876202, -0.1421340054777718021, 0.04501456663479136422 ) ) ;
#222 = CARTESIAN_POINT ( 'NONE',  ( 0.8021835618679505897, 2.000000000000000000, 0.5296449358157165888 ) ) ;
#223 = VECTOR ( 'NONE', #8176, 1000.000000000000227 ) ;
#224 = ORIENTED_EDGE ( 'NONE', *, *, #5692, .F. ) ;
#225 = DIRECTION ( 'NONE',  ( -0.03899732433763913875, 0.000000000000000000, 0.9992393150264380353 ) ) ;
#226 = ORIENTED_EDGE ( 'NONE', *, *, #5549, .T. ) ;
#227 = DIRECTION ( 'NONE',  ( -0.5901133345588652768, 0.000000000000000000, -0.8073204149380942551 ) ) ;
#228 = DIRECTION ( 'NONE',  ( 0.9564829166099463320, 0.000000000000000000, 0.2917883312151642872 ) ) ;
#229 = EDGE_CURVE ( 'NONE', #3055, #1757, #2292, .T. ) ;
#230 = DIRECTION ( 'NONE',  ( -0.6234027750479897989, 0.000000000000000000, -0.7819008761105626926 ) ) ;
#231 = DIRECTION ( 'NONE',  ( 0.3708014161143639020, 0.000000000000000000, -0.9287121781303302459 ) ) ;
#232 = CARTESIAN_POINT ( 'NONE',  ( 0.9602976163832707135, 2.000000000000000000, -0.04301991323788634247 ) ) ;
#233 = EDGE_LOOP ( 'NONE', ( #9064, #5857, #7583, #5863 ) ) ;
#234 = CARTESIAN_POINT ( 'NONE',  ( 0.5124017362655305385, -3.006278401112418225E-16, 2.184635950727868536 ) ) ;
#235 = VECTOR ( 'NONE', #4417, 1000.000000000000114 ) ;
#236 = ORIENTED_EDGE ( 'NONE', *, *, #8949, .F. ) ;
#237 = CARTESIAN_POINT ( 'NONE',  ( -2.049925530946080876, 2.000000000000000000, 0.9126856491235217916 ) ) ;
#238 = CARTESIAN_POINT ( 'NONE',  ( 1.113470241830472940, 2.000000000000000000, 1.838557898296898196 ) ) ;
#240 = VERTEX_POINT ( 'NONE', #4020 ) ;
#239 = VECTOR ( 'NONE', #914, 1000.000000000000227 ) ;
#241 = DIRECTION ( 'NONE',  ( -0.9229756359820547873, 0.000000000000000000, 0.3848583835432478062 ) ) ;
#242 = VECTOR ( 'NONE', #5476, 1000.000000000000000 ) ;
#243 = LINE ( 'NONE', #9846, #5875 ) ;
#244 = DIRECTION ( 'NONE',  ( 0.2862728641871276070, 0.000000000000000000, -0.9581481342830545644 ) ) ;
#245 = LINE ( 'NONE', #4379, #4403 ) ;
#246 = ORIENTED_EDGE ( 'NONE', *, *, #272, .T. ) ;
#247 = LINE ( 'NONE', #1032, #8790 ) ;
#248 = CARTESIAN_POINT ( 'NONE',  ( -0.8021835618679543645, -2.981555974335137194E-16, -0.5296449358157109266 ) ) ;
#249 = VERTEX_POINT ( 'NONE', #43 ) ;
#250 = CARTESIAN_POINT ( 'NONE',  ( 1.966364586822013205, -0.1454656455588212438, -1.081018079512492180 ) ) ;
#251 = EDGE_CURVE ( 'NONE', #9306, #6460, #3235, .T. ) ;
#252 = VERTEX_POINT ( 'NONE', #2440 ) ;
#253 = ORIENTED_EDGE ( 'NONE', *, *, #2318, .T. ) ;
#254 = ORIENTED_EDGE ( 'NONE', *, *, #2134, .F. ) ;
#255 = VECTOR ( 'NONE', #8852, 1000.000000000000000 ) ;
#256 = CARTESIAN_POINT ( 'NONE',  ( -0.8021835618679543645, 2.000000000000000000, -0.5296449358157109266 ) ) ;
#257 = ORIENTED_EDGE ( 'NONE', *, *, #6788, .T. ) ;
#258 = DIRECTION ( 'NONE',  ( 0.7124542072270356741, 0.000000000000000000, -0.7017186064260346745 ) ) ;
#259 = ORIENTED_EDGE ( 'NONE', *, *, #3338, .T. ) ;
#260 = VECTOR ( 'NONE', #2140, 1000.000000000000114 ) ;
#261 = CARTESIAN_POINT ( 'NONE',  ( 0.1798608697330700834, 2.000000000000000000, 2.141905971878967918 ) ) ;
#262 = CARTESIAN_POINT ( 'NONE',  ( -0.9576537852278302898, -0.1450903546745302697, -0.08319526792549943039 ) ) ;
#263 = ORIENTED_EDGE ( 'NONE', *, *, #477, .T. ) ;
#264 = ORIENTED_EDGE ( 'NONE', *, *, #2001, .F. ) ;
#265 = DIRECTION ( 'NONE',  ( -0.3708014161143574072, 0.000000000000000000, 0.9287121781303329104 ) ) ;
#266 = DIRECTION ( 'NONE',  ( -0.9035967632308834485, 0.000000000000000000, -0.4283840443791889774 ) ) ;
#267 = LINE ( 'NONE', #216, #2473 ) ;
#268 = VECTOR ( 'NONE', #8401, 1000.000000000000000 ) ;
#269 = PLANE ( 'NONE',  #1889 ) ;
#270 = CARTESIAN_POINT ( 'NONE',  ( -0.7760454256538682483, 2.000000000000000000, -0.5672527851743817129 ) ) ;
#271 = EDGE_CURVE ( 'NONE', #4047, #4749, #876, .T. ) ;
#272 = EDGE_CURVE ( 'NONE', #5934, #8059, #1662, .T. ) ;
#273 = EDGE_CURVE ( 'NONE', #3540, #3290, #4072, .T. ) ;
#274 = ORIENTED_EDGE ( 'NONE', *, *, #2212, .T. ) ;
#275 = FACE_OUTER_BOUND ( 'NONE', #1572, .T. ) ;
#276 = ORIENTED_EDGE ( 'NONE', *, *, #1251, .T. ) ;
#277 = ADVANCED_FACE ( 'NONE', ( #6520 ), #187, .F. ) ;
#278 = FACE_OUTER_BOUND ( 'NONE', #6920, .T. ) ;
#279 = CARTESIAN_POINT ( 'NONE',  ( -2.009908089764445460, -3.006278401112418225E-16, 0.9977270404474486432 ) ) ;
#280 = CARTESIAN_POINT ( 'NONE',  ( -0.2996782327926754697, -2.981555974335137194E-16, -0.9133538097345658135 ) ) ;
#281 = CARTESIAN_POINT ( 'NONE',  ( -0.06312143415529149204, -2.981555974335137194E-16, -0.9591860661605579041 ) ) ;
#282 = PLANE ( 'NONE',  #7933 ) ;
#283 = VECTOR ( 'NONE', #4432, 1000.000000000000114 ) ;
#284 = VECTOR ( 'NONE', #4936, 1000.000000000000114 ) ;
#285 = ORIENTED_EDGE ( 'NONE', *, *, #6825, .F. ) ;
#286 = CARTESIAN_POINT ( 'NONE',  ( -0.6452641508340466459, 2.000000000000000000, 0.7125001056945909905 ) ) ;
#287 = ORIENTED_EDGE ( 'NONE', *, *, #6836, .F. ) ;
#288 = EDGE_CURVE ( 'NONE', #3449, #9111, #6722, .T. ) ;
#289 = CARTESIAN_POINT ( 'NONE',  ( -1.758547659744520431, -0.1487670180785271301, -1.393807700132143612 ) ) ;
#290 = VERTEX_POINT ( 'NONE', #4215 ) ;
#291 = VERTEX_POINT ( 'NONE', #9018 ) ;
#292 = CARTESIAN_POINT ( 'NONE',  ( 1.202353991258257704, -0.1473724245436877356, 1.894606728650017446 ) ) ;
#293 = CARTESIAN_POINT ( 'NONE',  ( 0.1408970818120320045, -3.006278401112418225E-16, 2.239494985231588853 ) ) ;
#294 = CARTESIAN_POINT ( 'NONE',  ( 0.8927345626982020610, -2.981555974335137194E-16, 0.3564368464825666827 ) ) ;
#295 = LINE ( 'NONE', #350, #9720 ) ;
#296 = VERTEX_POINT ( 'NONE', #348 ) ;
#297 = DIRECTION ( 'NONE',  ( 0.3315857306873578603, 0.000000000000000000, 0.9434250914643573793 ) ) ;
#298 = FACE_OUTER_BOUND ( 'NONE', #2861, .T. ) ;
#299 = VECTOR ( 'NONE', #777, 1000.000000000000000 ) ;
#300 = ORIENTED_EDGE ( 'NONE', *, *, #10036, .T. ) ;
#301 = DIRECTION ( 'NONE',  ( 0.000000000000000000, 0.000000000000000000, 1.000000000000000000 ) ) ;
#302 = VERTEX_POINT ( 'NONE', #9744 ) ;
#303 = ORIENTED_EDGE ( 'NONE', *, *, #7608, .F. ) ;
#304 = ADVANCED_BREP_SHAPE_REPRESENTATION ( 'Servo Adapter', ( #7096, #19 ), #6685 ) ;
#305 = ORIENTED_EDGE ( 'NONE', *, *, #1104, .F. ) ;
#306 = AXIS2_PLACEMENT_3D ( 'NONE', #5873, #9045, #3316 ) ;
#307 = EDGE_CURVE ( 'NONE', #5677, #7247, #3535, .T. ) ;
#308 = DIRECTION ( 'NONE',  ( -0.6023020564874617122, 0.000000000000000000, -0.7982682711663883213 ) ) ;
#309 = ORIENTED_EDGE ( 'NONE', *, *, #3713, .T. ) ;
#310 = CARTESIAN_POINT ( 'NONE',  ( -0.09772477418982747355, -0.1467932918244583551, 0.9562803425125572243 ) ) ;
#311 = CARTESIAN_POINT ( 'NONE',  ( 1.758547659744539970, 2.000000000000000000, -1.393807700132119631 ) ) ;
#312 = ORIENTED_EDGE ( 'NONE', *, *, #739, .T. ) ;
#313 = DIRECTION ( 'NONE',  ( -0.9035967632308891107, 0.000000000000000000, 0.4283840443791767094 ) ) ;
#314 = ORIENTED_EDGE ( 'NONE', *, *, #177, .T. ) ;
#315 = ORIENTED_EDGE ( 'NONE', *, *, #8121, .T. ) ;
#316 = FACE_OUTER_BOUND ( 'NONE', #4335, .T. ) ;
#317 = LINE ( 'NONE', #8301, #1972 ) ;
#318 = PLANE ( 'NONE',  #1138 ) ;
#319 = CARTESIAN_POINT ( 'NONE',  ( 1.981493566476415280, 2.000000000000000000, -0.8329431978499474143 ) ) ;
#320 = CARTESIAN_POINT ( 'NONE',  ( 0.7793006826606462267, -2.981555974335137194E-16, 0.5627723082837652324 ) ) ;
#321 = EDGE_CURVE ( 'NONE', #5025, #7716, #4966, .T. ) ;
#322 = VERTEX_POINT ( 'NONE', #8174 ) ;
#323 = DIRECTION ( 'NONE',  ( 0.9989980541015153204, 0.000000000000000000, 0.04475363562199190237 ) ) ;
#324 = LINE ( 'NONE', #2620, #2498 ) ;
#325 = EDGE_CURVE ( 'NONE', #8198, #7596, #5694, .T. ) ;
#326 = ORIENTED_EDGE ( 'NONE', *, *, #1933, .T. ) ;
#327 = VECTOR ( 'NONE', #9616, 1000.000000000000114 ) ;
#328 = VERTEX_POINT ( 'NONE', #979 ) ;
#329 = CARTESIAN_POINT ( 'NONE',  ( 0.8770254568504624038, -2.981555974335137194E-16, 0.3935080342288126976 ) ) ;
#330 = LINE ( 'NONE', #4414, #4830 ) ;
#331 = VECTOR ( 'NONE', #8556, 1000.000000000000114 ) ;
#332 = DIRECTION ( 'NONE',  ( 0.000000000000000000, -1.000000000000000000, 0.000000000000000000 ) ) ;
#333 = VECTOR ( 'NONE', #2958, 1000.000000000000000 ) ;
#334 = CARTESIAN_POINT ( 'NONE',  ( 0.7991187831734598568, -0.1448052212307962827, -0.5342577985820659014 ) ) ;
#335 = CARTESIAN_POINT ( 'NONE',  ( -1.712096752485725348, 2.000000000000000000, 1.299552167079011111 ) ) ;
#336 = AXIS2_PLACEMENT_3D ( 'NONE', #1521, #7891, #742 ) ;
#337 = EDGE_CURVE ( 'NONE', #2235, #10329, #1709, .T. ) ;
#338 = VERTEX_POINT ( 'NONE', #293 ) ;
#339 = CARTESIAN_POINT ( 'NONE',  ( -2.137669494649467872, 2.000000000000000000, -0.2246781174859056318 ) ) ;
#340 = ORIENTED_EDGE ( 'NONE', *, *, #6578, .F. ) ;
#341 = DIRECTION ( 'NONE',  ( 0.8227898466237268948, 0.000000000000000000, 0.5683457295457615688 ) ) ;
#342 = ORIENTED_EDGE ( 'NONE', *, *, #4701, .F. ) ;
#343 = AXIS2_PLACEMENT_3D ( 'NONE', #7679, #6067, #9246 ) ;
#344 = CARTESIAN_POINT ( 'NONE',  ( 2.086346706177062416, -3.006278401112418225E-16, -0.8260430970383458860 ) ) ;
#345 = VECTOR ( 'NONE', #4927, 1000.000000000000227 ) ;
#346 = EDGE_CURVE ( 'NONE', #5923, #8974, #6571, .T. ) ;
#347 = EDGE_CURVE ( 'NONE', #5263, #1413, #930, .T. ) ;
#348 = CARTESIAN_POINT ( 'NONE',  ( 0.6212577703813536578, 2.000000000000000000, -2.057705009852653699 ) ) ;
#349 = PLANE ( 'NONE',  #3050 ) ;
#350 = CARTESIAN_POINT ( 'NONE',  ( -0.8742577899074841508, -0.1442935096704878739, 1.963615146004430878 ) ) ;
#351 = ORIENTED_EDGE ( 'NONE', *, *, #5980, .F. ) ;
#352 = CARTESIAN_POINT ( 'NONE',  ( 1.263411704741965069, -0.1483595806240759762, 1.738937028518549477 ) ) ;
#353 = ORIENTED_EDGE ( 'NONE', *, *, #6420, .T. ) ;
#354 = VERTEX_POINT ( 'NONE', #4114 ) ;
#355 = ORIENTED_EDGE ( 'NONE', *, *, #9645, .F. ) ;
#356 = PLANE ( 'NONE',  #6677 ) ;
#357 = EDGE_CURVE ( 'NONE', #6999, #9314, #3484, .T. ) ;
#358 = DIRECTION ( 'NONE',  ( 0.000000000000000000, -1.000000000000000000, 0.000000000000000000 ) ) ;
#359 = PLANE ( 'NONE',  #4609 ) ;
#360 = ORIENTED_EDGE ( 'NONE', *, *, #8234, .F. ) ;
#361 = CARTESIAN_POINT ( 'NONE',  ( 1.944875419031320884, -2.981555974335137194E-16, 0.9151889036038773906 ) ) ;
#362 = VECTOR ( 'NONE', #1184, 1000.000000000000227 ) ;
#363 = ORIENTED_EDGE ( 'NONE', *, *, #7870, .F. ) ;
#364 = ORIENTED_EDGE ( 'NONE', *, *, #1933, .F. ) ;
#365 = CARTESIAN_POINT ( 'NONE',  ( 0.4117887667798771911, 2.000000000000000000, -0.8685921001945012820 ) ) ;
#366 = CARTESIAN_POINT ( 'NONE',  ( 2.014635500889852882, 2.000000000000000000, -0.7492362266910298496 ) ) ;
#367 = PLANE ( 'NONE',  #1056 ) ;
#368 = VECTOR ( 'NONE', #8759, 999.9999999999998863 ) ;
#369 = CARTESIAN_POINT ( 'NONE',  ( -17.49999999999998224, 0.000000000000000000, 3.600000000000000089 ) ) ;
#370 = ORIENTED_EDGE ( 'NONE', *, *, #5286, .T. ) ;
#371 = CARTESIAN_POINT ( 'NONE',  ( -0.5463284409049956603, -2.981555974335137194E-16, 0.7909155831216775345 ) ) ;
#372 = VECTOR ( 'NONE', #6425, 1000.000000000000000 ) ;
#373 = CARTESIAN_POINT ( 'NONE',  ( 0.9482571523558109838, -0.1483595806240759762, 0.1575772761930950838 ) ) ;
#374 = AXIS2_PLACEMENT_3D ( 'NONE', #6804, #9972, #9875 ) ;
#375 = ORIENTED_EDGE ( 'NONE', *, *, #7120, .T. ) ;
#376 = CARTESIAN_POINT ( 'NONE',  ( 1.404491242304748866, -0.1496419838468801000, 1.627118764909674331 ) ) ;
#377 = LINE ( 'NONE', #9881, #7718 ) ;
#378 = EDGE_LOOP ( 'NONE', ( #2216, #4171, #4291, #3586 ) ) ;
#379 = EDGE_CURVE ( 'NONE', #9029, #3851, #7445, .T. ) ;
#380 = AXIS2_PLACEMENT_3D ( 'NONE', #8716, #7255, #7157 ) ;
#381 = VECTOR ( 'NONE', #4408, 1000.000000000000227 ) ;
#382 = LINE ( 'NONE', #1995, #749 ) ;
#383 = AXIS2_PLACEMENT_3D ( 'NONE', #9207, #6815, #6915 ) ;
#384 = DIRECTION ( 'NONE',  ( 0.000000000000000000, -1.000000000000000000, 0.000000000000000000 ) ) ;
#385 = CARTESIAN_POINT ( 'NONE',  ( 0.7068805642337114836, -0.1456470276146848986, 2.029884477683533195 ) ) ;
#386 = DIRECTION ( 'NONE',  ( 0.1639277132441379070, 0.000000000000000000, 0.9864723538095467870 ) ) ;
#387 = VECTOR ( 'NONE', #3689, 1000.000000000000000 ) ;
#388 = ORIENTED_EDGE ( 'NONE', *, *, #8065, .F. ) ;
#389 = DIRECTION ( 'NONE',  ( 0.4420530731320879703, 0.000000000000000000, -0.8969888965502732514 ) ) ;
#390 = ORIENTED_EDGE ( 'NONE', *, *, #3906, .T. ) ;
#391 = LINE ( 'NONE', #5319, #2883 ) ;
#392 = EDGE_LOOP ( 'NONE', ( #4457, #9997, #6854, #8680 ) ) ;
#393 = ORIENTED_EDGE ( 'NONE', *, *, #2306, .T. ) ;
#394 = CARTESIAN_POINT ( 'NONE',  ( -0.4478004200876813945, -0.1421340054777718021, -0.8505862735405990138 ) ) ;
#395 = LINE ( 'NONE', #9422, #3573 ) ;
#396 = DIRECTION ( 'NONE',  ( -0.000000000000000000, 1.000000000000000000, 0.000000000000000000 ) ) ;
#397 = VECTOR ( 'NONE', #2209, 1000.000000000000114 ) ;
#398 = VECTOR ( 'NONE', #6029, 1000.000000000000000 ) ;
#399 = DIRECTION ( 'NONE',  ( 0.2050930954896742486, 0.000000000000000000, 0.9787424697960456221 ) ) ;
#400 = ORIENTED_EDGE ( 'NONE', *, *, #7130, .T. ) ;
#401 = CARTESIAN_POINT ( 'NONE',  ( 0.2168078926774383852, -2.981555974335137194E-16, -0.9364916244362013753 ) ) ;
#402 = VECTOR ( 'NONE', #5580, 999.9999999999998863 ) ;
#403 = LINE ( 'NONE', #3593, #2766 ) ;
#404 = EDGE_LOOP ( 'NONE', ( #9684, #5652, #6632, #2866 ) ) ;
#405 = EDGE_CURVE ( 'NONE', #7454, #5870, #9797, .T. ) ;
#406 = EDGE_CURVE ( 'NONE', #9021, #4003, #243, .T. ) ;
#407 = CARTESIAN_POINT ( 'NONE',  ( -2.119107720340022372, -0.1458349236714011621, -0.7379513846696803547 ) ) ;
#408 = EDGE_CURVE ( 'NONE', #7127, #3735, #4325, .T. ) ;
#409 = AXIS2_PLACEMENT_3D ( 'NONE', #5894, #1076, #3633 ) ;
#410 = VERTEX_POINT ( 'NONE', #1859 ) ;
#411 = ORIENTED_EDGE ( 'NONE', *, *, #7886, .T. ) ;
#412 = VECTOR ( 'NONE', #9738, 1000.000000000000000 ) ;
#413 = FACE_OUTER_BOUND ( 'NONE', #3195, .T. ) ;
#414 = VERTEX_POINT ( 'NONE', #9687 ) ;
#415 = DIRECTION ( 'NONE',  ( 0.000000000000000000, -1.000000000000000000, 0.000000000000000000 ) ) ;
#416 = CARTESIAN_POINT ( 'NONE',  ( 1.280637217848569431, 2.000000000000000000, 1.842595477255293712 ) ) ;
#417 = DIRECTION ( 'NONE',  ( -0.9888474094770509648, 0.000000000000000000, 0.1489322019259954610 ) ) ;
#418 = VERTEX_POINT ( 'NONE', #1912 ) ;
#419 = CARTESIAN_POINT ( 'NONE',  ( -0.5789693251283117847, -2.981555974335137194E-16, -0.7673439551640800493 ) ) ;
#420 = LINE ( 'NONE', #8460, #2960 ) ;
#421 = ORIENTED_EDGE ( 'NONE', *, *, #2486, .T. ) ;
#422 = ADVANCED_FACE ( 'NONE', ( #8227 ), #1083, .T. ) ;
#423 = ORIENTED_EDGE ( 'NONE', *, *, #3950, .F. ) ;
#424 = VECTOR ( 'NONE', #4418, 1000.000000000000000 ) ;
#425 = DIRECTION ( 'NONE',  ( 0.5155608271417850830, 0.000000000000000000, -0.8568529824403242623 ) ) ;
#426 = DIRECTION ( 'NONE',  ( -0.9948188822373290607, 0.000000000000000000, -0.1016631277507789172 ) ) ;
#427 = ORIENTED_EDGE ( 'NONE', *, *, #8314, .F. ) ;
#428 = DIRECTION ( 'NONE',  ( -0.2917883312151576258, 0.000000000000000000, 0.9564829166099483304 ) ) ;
#429 = DIRECTION ( 'NONE',  ( 0.9817433889756569387, 0.000000000000000000, -0.1902101947914253133 ) ) ;
#430 = DIRECTION ( 'NONE',  ( -0.000000000000000000, 1.000000000000000000, -0.000000000000000000 ) ) ;
#431 = ORIENTED_EDGE ( 'NONE', *, *, #8120, .T. ) ;
#432 = CARTESIAN_POINT ( 'NONE',  ( 2.226228852475057529, -0.1443895770494182107, 0.2812381072119908842 ) ) ;
#433 = VERTEX_POINT ( 'NONE', #2537 ) ;
#434 = VECTOR ( 'NONE', #8729, 1000.000000000000000 ) ;
#435 = LINE ( 'NONE', #6079, #1514 ) ;
#436 = CARTESIAN_POINT ( 'NONE',  ( 1.035502725338356855, 2.000000000000000000, 1.883572464931667190 ) ) ;
#437 = CARTESIAN_POINT ( 'NONE',  ( 0.3324718211827691894, -0.1499342098531314116, 0.9019338740095081963 ) ) ;
#438 = EDGE_CURVE ( 'NONE', #9860, #3660, #8280, .T. ) ;
#439 = CARTESIAN_POINT ( 'NONE',  ( -2.070264362223225962, 2.000000000000000000, -0.5780281959735001918 ) ) ;
#440 = DIRECTION ( 'NONE',  ( -0.06566525712177978535, 0.000000000000000000, 0.9978417078911517857 ) ) ;
#441 = VERTEX_POINT ( 'NONE', #5745 ) ;
#442 = CARTESIAN_POINT ( 'NONE',  ( 0.5463284409049850021, -0.1447179299707552769, 0.7909155831216849730 ) ) ;
#443 = ORIENTED_EDGE ( 'NONE', *, *, #4122, .F. ) ;
#444 = DIRECTION ( 'NONE',  ( 0.000000000000000000, -1.000000000000000000, 0.000000000000000000 ) ) ;
#445 = ORIENTED_EDGE ( 'NONE', *, *, #3265, .F. ) ;
#446 = VERTEX_POINT ( 'NONE', #6293 ) ;
#447 = LINE ( 'NONE', #3636, #7039 ) ;
#448 = FACE_OUTER_BOUND ( 'NONE', #8706, .T. ) ;
#449 = AXIS2_PLACEMENT_3D ( 'NONE', #3354, #7321, #3997 ) ;
#450 = DIRECTION ( 'NONE',  ( -0.000000000000000000, -1.000000000000000000, -0.000000000000000000 ) ) ;
#451 = CARTESIAN_POINT ( 'NONE',  ( 0.1032326095015394379, 2.000000000000000000, 0.9557014456941506086 ) ) ;
#452 = ADVANCED_FACE ( 'NONE', ( #2792, #5520 ), #2741, .T. ) ;
#453 = VERTEX_POINT ( 'NONE', #5366 ) ;
#454 = FACE_OUTER_BOUND ( 'NONE', #6376, .T. ) ;
#455 = LINE ( 'NONE', #352, #2933 ) ;
#456 = ORIENTED_EDGE ( 'NONE', *, *, #3856, .T. ) ;
#457 = EDGE_CURVE ( 'NONE', #7885, #4925, #646, .T. ) ;
#458 = VECTOR ( 'NONE', #4485, 1000.000000000000000 ) ;
#459 = ORIENTED_EDGE ( 'NONE', *, *, #6814, .T. ) ;
#460 = ORIENTED_EDGE ( 'NONE', *, *, #2715, .T. ) ;
#461 = PLANE ( 'NONE',  #6813 ) ;
#462 = CARTESIAN_POINT ( 'NONE',  ( -0.02289952236472059602, -0.1438055149296439406, -0.9609879483333046979 ) ) ;
#463 = EDGE_CURVE ( 'NONE', #2389, #8867, #2157, .T. ) ;
#464 = ADVANCED_FACE ( 'NONE', ( #10191 ), #4727, .F. ) ;
#465 = VECTOR ( 'NONE', #1152, 1000.000000000000114 ) ;
#466 = ORIENTED_EDGE ( 'NONE', *, *, #69, .F. ) ;
#467 = PLANE ( 'NONE',  #798 ) ;
#468 = DIRECTION ( 'NONE',  ( 0.6352017409584912455, 0.000000000000000000, 0.7723462619080264657 ) ) ;
#469 = EDGE_CURVE ( 'NONE', #9030, #9053, #2990, .T. ) ;
#470 = ORIENTED_EDGE ( 'NONE', *, *, #7877, .T. ) ;
#471 = CARTESIAN_POINT ( 'NONE',  ( -0.6411484854771019037, -2.981555974335137194E-16, 0.7162058674269604630 ) ) ;
#472 = ORIENTED_EDGE ( 'NONE', *, *, #5712, .F. ) ;
#473 = ORIENTED_EDGE ( 'NONE', *, *, #1982, .F. ) ;
#474 = AXIS2_PLACEMENT_3D ( 'NONE', #3511, #7575, #426 ) ;
#475 = FACE_OUTER_BOUND ( 'NONE', #9265, .T. ) ;
#476 = CARTESIAN_POINT ( 'NONE',  ( 0.2996782327926687528, -2.981555974335137194E-16, 0.9133538097345682560 ) ) ;
#477 = EDGE_CURVE ( 'NONE', #5577, #99, #8580, .T. ) ;
#478 = EDGE_CURVE ( 'NONE', #5175, #2945, #1961, .T. ) ;
#479 = PRODUCT_RELATED_PRODUCT_CATEGORY ( 'part', '', ( #10148 ) ) ;
#480 = ADVANCED_FACE ( 'NONE', ( #4574 ), #3890, .F. ) ;
#481 = VECTOR ( 'NONE', #163, 1000.000000000000000 ) ;
#482 = ORIENTED_EDGE ( 'NONE', *, *, #4906, .T. ) ;
#483 = PLANE ( 'NONE',  #9553 ) ;
#484 = DIRECTION ( 'NONE',  ( -0.1696083962828205116, 0.000000000000000000, -0.9855115381924099971 ) ) ;
#485 = ORIENTED_EDGE ( 'NONE', *, *, #9912, .F. ) ;
#486 = CARTESIAN_POINT ( 'NONE',  ( -0.9557185851998188930, -0.1432581301189111422, -1.925282605420715276 ) ) ;
#487 = ORIENTED_EDGE ( 'NONE', *, *, #1060, .T. ) ;
#488 = DIRECTION ( 'NONE',  ( 0.000000000000000000, 0.000000000000000000, -1.000000000000000000 ) ) ;
#489 = CARTESIAN_POINT ( 'NONE',  ( 1.202353991258296784, -3.006278401112418225E-16, -1.894606728649992800 ) ) ;
#490 = CARTESIAN_POINT ( 'NONE',  ( 0.3376626519355266365, 2.000000000000000000, 0.9000034213569713115 ) ) ;
#491 = EDGE_CURVE ( 'NONE', #1704, #6715, #3948, .T. ) ;
#492 = LINE ( 'NONE', #4626, #4082 ) ;
#493 = LINE ( 'NONE', #3679, #7546 ) ;
#494 = ORIENTED_EDGE ( 'NONE', *, *, #5204, .F. ) ;
#495 = ORIENTED_EDGE ( 'NONE', *, *, #9297, .F. ) ;
#496 = FACE_OUTER_BOUND ( 'NONE', #10008, .T. ) ;
#497 = PLANE ( 'NONE',  #9219 ) ;
#498 = ORIENTED_EDGE ( 'NONE', *, *, #7889, .F. ) ;
#499 = ORIENTED_EDGE ( 'NONE', *, *, #4165, .F. ) ;
#500 = DIRECTION ( 'NONE',  ( -0.8848652934418774763, 0.000000000000000000, 0.4658469839572003668 ) ) ;
#501 = VECTOR ( 'NONE', #4739, 1000.000000000000000 ) ;
#502 = CARTESIAN_POINT ( 'NONE',  ( 0.9576537852278312890, -2.981555974335137194E-16, -0.08319526792548603833 ) ) ;
#503 = DIRECTION ( 'NONE',  ( -0.9896890471220260999, 0.000000000000000000, 0.1432326429508861965 ) ) ;
#504 = FACE_OUTER_BOUND ( 'NONE', #3826, .T. ) ;
#505 = CARTESIAN_POINT ( 'NONE',  ( -1.335122602884953436, 2.000000000000000000, -1.684505494231951062 ) ) ;
#506 = VERTEX_POINT ( 'NONE', #5469 ) ;
#507 = CARTESIAN_POINT ( 'NONE',  ( 1.698638506051863395, -3.006278401112418225E-16, -1.466225426835341183 ) ) ;
#508 = CARTESIAN_POINT ( 'NONE',  ( 1.904845299228174804, 2.000000000000000000, -0.9958290570375247786 ) ) ;
#509 = ORIENTED_EDGE ( 'NONE', *, *, #1177, .F. ) ;
#510 = VERTEX_POINT ( 'NONE', #1378 ) ;
#511 = DIRECTION ( 'NONE',  ( 0.000000000000000000, 1.000000000000000000, 0.000000000000000000 ) ) ;
#512 = VECTOR ( 'NONE', #8735, 1000.000000000000000 ) ;
#513 = VECTOR ( 'NONE', #4668, 1000.000000000000114 ) ;
#514 = ORIENTED_EDGE ( 'NONE', *, *, #3413, .T. ) ;
#515 = ORIENTED_EDGE ( 'NONE', *, *, #3140, .T. ) ;
#516 = LINE ( 'NONE', #7663, #1871 ) ;
#517 = EDGE_CURVE ( 'NONE', #414, #5007, #7076, .T. ) ;
#518 = ADVANCED_FACE ( 'NONE', ( #592 ), #7133, .F. ) ;
#519 = LINE ( 'NONE', #4652, #5502 ) ;
#520 = PLANE ( 'NONE',  #9663 ) ;
#521 = ADVANCED_FACE ( 'NONE', ( #3778 ), #1427, .F. ) ;
#522 = ORIENTED_EDGE ( 'NONE', *, *, #2363, .F. ) ;
#523 = CARTESIAN_POINT ( 'NONE',  ( -0.2944111163135860187, -2.981555974335137194E-16, -0.9150651996209749894 ) ) ;
#524 = CARTESIAN_POINT ( 'NONE',  ( 0.6212577703813109142, -0.1459623876292454603, 2.057705009852667466 ) ) ;
#525 = EDGE_LOOP ( 'NONE', ( #7981, #6886, #8247, #1150 ) ) ;
#526 = CARTESIAN_POINT ( 'NONE',  ( 0.1376839174503953767, 2.000000000000000000, 0.9513492333743164275 ) ) ;
#527 = ORIENTED_EDGE ( 'NONE', *, *, #9647, .T. ) ;
#528 = ORIENTED_EDGE ( 'NONE', *, *, #5202, .F. ) ;
#529 = LINE ( 'NONE', #3712, #6188 ) ;
#530 = EDGE_CURVE ( 'NONE', #1075, #7885, #395, .T. ) ;
#531 = ORIENTED_EDGE ( 'NONE', *, *, #3665, .T. ) ;
#532 = AXIS2_PLACEMENT_3D ( 'NONE', #4634, #1488, #5628 ) ;
#533 = CARTESIAN_POINT ( 'NONE',  ( 2.241954552820973667, -0.1433794608872670517, -0.09396573644626074473 ) ) ;
#534 = PLANE ( 'NONE',  #4478 ) ;
#535 = ORIENTED_EDGE ( 'NONE', *, *, #1431, .T. ) ;
#536 = EDGE_CURVE ( 'NONE', #2299, #4682, #7547, .T. ) ;
#537 = EDGE_CURVE ( 'NONE', #7596, #7577, #4675, .T. ) ;
#538 = DIRECTION ( 'NONE',  ( -0.000000000000000000, 1.000000000000000000, 0.000000000000000000 ) ) ;
#539 = ORIENTED_EDGE ( 'NONE', *, *, #7025, .F. ) ;
#540 = EDGE_CURVE ( 'NONE', #3579, #9698, #5418, .T. ) ;
#541 = CARTESIAN_POINT ( 'NONE',  ( -2.137669494649467872, -0.1443895770494173503, -0.2246781174859052432 ) ) ;
#542 = EDGE_CURVE ( 'NONE', #6389, #7244, #9944, .T. ) ;
#543 = DIRECTION ( 'NONE',  ( 0.000000000000000000, -1.000000000000000000, 0.000000000000000000 ) ) ;
#544 = VECTOR ( 'NONE', #3533, 1000.000000000000114 ) ;
#545 = LINE ( 'NONE', #1222, #2665 ) ;
#546 = DIRECTION ( 'NONE',  ( -0.9989980541015155424, 0.000000000000000000, -0.04475363562198529654 ) ) ;
#547 = CARTESIAN_POINT ( 'NONE',  ( 1.653273178848926867E-16, 0.000000000000000000, 1.350000000000000089 ) ) ;
#548 = VECTOR ( 'NONE', #757, 1000.000000000000114 ) ;
#549 = ORIENTED_EDGE ( 'NONE', *, *, #2263, .T. ) ;
#550 = VECTOR ( 'NONE', #5198, 1000.000000000000114 ) ;
#551 = ORIENTED_EDGE ( 'NONE', *, *, #8268, .T. ) ;
#552 = PLANE ( 'NONE',  #7911 ) ;
#553 = ORIENTED_EDGE ( 'NONE', *, *, #5138, .F. ) ;
#554 = EDGE_LOOP ( 'NONE', ( #7246, #6889, #3604, #8393 ) ) ;
#555 = ADVANCED_FACE ( 'NONE', ( #113 ), #9615, .F. ) ;
#556 = DIRECTION ( 'NONE',  ( -0.3117554040631684842, 0.000000000000000000, -0.9501623903509393010 ) ) ;
#557 = CARTESIAN_POINT ( 'NONE',  ( 0.8436897371696973069, -0.1478946242935122724, -0.4606624060642605656 ) ) ;
#558 = CARTESIAN_POINT ( 'NONE',  ( 0.4782302799131891158, 2.000000000000000000, 0.8338573165359526307 ) ) ;
#559 = VECTOR ( 'NONE', #10116, 1000.000000000000000 ) ;
#560 = CARTESIAN_POINT ( 'NONE',  ( -0.6411484854770866937, -0.1450903546745302697, -0.7162058674269742298 ) ) ;
#561 = FACE_OUTER_BOUND ( 'NONE', #6712, .T. ) ;
#562 = CARTESIAN_POINT ( 'NONE',  ( 0.9194294835318259640, -2.981555974335137194E-16, -0.2804846694184667810 ) ) ;
#563 = ORIENTED_EDGE ( 'NONE', *, *, #47, .F. ) ;
#564 = LINE ( 'NONE', #9903, #283 ) ;
#565 = PLANE ( 'NONE',  #9455 ) ;
#566 = ORIENTED_EDGE ( 'NONE', *, *, #2754, .T. ) ;
#567 = VERTEX_POINT ( 'NONE', #8836 ) ;
#568 = ORIENTED_EDGE ( 'NONE', *, *, #5344, .F. ) ;
#569 = ORIENTED_EDGE ( 'NONE', *, *, #5564, .F. ) ;
#570 = CARTESIAN_POINT ( 'NONE',  ( 0.09000938839283828541, -2.981555974335137194E-16, 2.147558947929734785 ) ) ;
#571 = DIRECTION ( 'NONE',  ( -0.9639332430866828227, 0.000000000000000000, 0.2661441392786808580 ) ) ;
#572 = PLANE ( 'NONE',  #3002 ) ;
#573 = CARTESIAN_POINT ( 'NONE',  ( -1.765014549298225432, -2.981555974335137194E-16, -1.226717068275118949 ) ) ;
#574 = ORIENTED_EDGE ( 'NONE', *, *, #7713, .F. ) ;
#575 = DIRECTION ( 'NONE',  ( -0.5901133345588763790, 0.000000000000000000, 0.8073204149380861505 ) ) ;
#576 = ADVANCED_FACE ( 'NONE', ( #4777 ), #4042, .F. ) ;
#577 = CARTESIAN_POINT ( 'NONE',  ( 0.8236591385239430130, -0.1467932918244583551, -0.4955883861556714121 ) ) ;
#578 = ORIENTED_EDGE ( 'NONE', *, *, #6358, .T. ) ;
#579 = VECTOR ( 'NONE', #7687, 1000.000000000000000 ) ;
#580 = EDGE_LOOP ( 'NONE', ( #4806, #202, #6783, #10130 ) ) ;
#581 = CARTESIAN_POINT ( 'NONE',  ( -0.9473335580173324333, -2.981555974335137194E-16, 0.1630378938179964932 ) ) ;
#582 = VECTOR ( 'NONE', #1412, 1000.000000000000000 ) ;
#583 = ORIENTED_EDGE ( 'NONE', *, *, #7942, .F. ) ;
#584 = CARTESIAN_POINT ( 'NONE',  ( -0.8742577899074707171, -0.1442935096704870135, -1.963615146004437095 ) ) ;
#585 = DIRECTION ( 'NONE',  ( 0.4792273139125055592, 0.000000000000000000, -0.8776908234681531917 ) ) ;
#586 = CARTESIAN_POINT ( 'NONE',  ( 1.569990560170309024, -3.006278401112418225E-16, 1.603221574679152273 ) ) ;
#587 = ORIENTED_EDGE ( 'NONE', *, *, #8764, .T. ) ;
#588 = PLANE ( 'NONE',  #72 ) ;
#589 = ORIENTED_EDGE ( 'NONE', *, *, #2379, .F. ) ;
#590 = DIRECTION ( 'NONE',  ( -0.9828229611194716497, 0.000000000000000000, 0.1845508794244922202 ) ) ;
#591 = CARTESIAN_POINT ( 'NONE',  ( -0.3750546960483606140, -2.981555974335137194E-16, 0.8850741211550920973 ) ) ;
#592 = FACE_OUTER_BOUND ( 'NONE', #4889, .T. ) ;
#593 = CARTESIAN_POINT ( 'NONE',  ( 0.2693968139906553483, 2.000000000000000000, 2.132495364928984838 ) ) ;
#594 = AXIS2_PLACEMENT_3D ( 'NONE', #2231, #8594, #4641 ) ;
#595 = EDGE_CURVE ( 'NONE', #9977, #4979, #9568, .T. ) ;
#596 = EDGE_CURVE ( 'NONE', #6159, #7325, #3301, .T. ) ;
#597 = EDGE_CURVE ( 'NONE', #6143, #3270, #8150, .T. ) ;
#598 = DIRECTION ( 'NONE',  ( -0.9742326696776242301, 0.000000000000000000, -0.2255453509447911398 ) ) ;
#599 = PLANE ( 'NONE',  #4773 ) ;
#600 = ORIENTED_EDGE ( 'NONE', *, *, #4308, .T. ) ;
#601 = EDGE_CURVE ( 'NONE', #2358, #3976, #6446, .T. ) ;
#602 = ORIENTED_EDGE ( 'NONE', *, *, #2336, .F. ) ;
#603 = AXIS2_PLACEMENT_3D ( 'NONE', #4118, #6475, #7983 ) ;
#604 = PLANE ( 'NONE',  #1047 ) ;
#605 = ORIENTED_EDGE ( 'NONE', *, *, #1938, .F. ) ;
#606 = EDGE_LOOP ( 'NONE', ( #2652, #375, #209, #264 ) ) ;
#607 = CARTESIAN_POINT ( 'NONE',  ( 0.3277990464325439279, 2.000000000000000000, -2.219850797170500378 ) ) ;
#608 = FACE_OUTER_BOUND ( 'NONE', #4360, .T. ) ;
#609 = CARTESIAN_POINT ( 'NONE',  ( -0.9482571523558132043, 2.000000000000000000, 0.1575772761930818999 ) ) ;
#610 = AXIS2_PLACEMENT_3D ( 'NONE', #8441, #1866, #2852 ) ;
#611 = CARTESIAN_POINT ( 'NONE',  ( 0.000000000000000000, -0.1418147860772172864, -2.149444375840398713 ) ) ;
#612 = DIRECTION ( 'NONE',  ( 0.8538684397696812978, 0.000000000000000000, 0.5204888928356591338 ) ) ;
#613 = PLANE ( 'NONE',  #9083 ) ;
#614 = ADVANCED_FACE ( 'NONE', ( #4190 ), #2417, .F. ) ;
#615 = ORIENTED_EDGE ( 'NONE', *, *, #7580, .F. ) ;
#616 = DIRECTION ( 'NONE',  ( 0.1224747460865737714, 0.000000000000000000, -0.9924716301089060444 ) ) ;
#617 = ORIENTED_EDGE ( 'NONE', *, *, #6395, .T. ) ;
#618 = CARTESIAN_POINT ( 'NONE',  ( 2.226228852475061970, 2.000000000000000000, -0.2812381072119454761 ) ) ;
#619 = ORIENTED_EDGE ( 'NONE', *, *, #5356, .F. ) ;
#620 = DIRECTION ( 'NONE',  ( -0.6824443384624762077, 0.000000000000000000, 0.7309375656651621034 ) ) ;
#621 = DIRECTION ( 'NONE',  ( 0.6512372304321191185, 0.000000000000000000, -0.7588742120398498381 ) ) ;
#622 = DIRECTION ( 'NONE',  ( 0.9639332430866811574, 0.000000000000000000, -0.2661441392786874083 ) ) ;
#623 = CARTESIAN_POINT ( 'NONE',  ( -1.569990560170331229, -0.1499342098531314116, 1.603221574679130734 ) ) ;
#624 = VERTEX_POINT ( 'NONE', #3255 ) ;
#625 = PLANE ( 'NONE',  #6628 ) ;
#626 = FACE_OUTER_BOUND ( 'NONE', #6316, .T. ) ;
#627 = VECTOR ( 'NONE', #10172, 1000.000000000000000 ) ;
#628 = ORIENTED_EDGE ( 'NONE', *, *, #100, .F. ) ;
#629 = FACE_OUTER_BOUND ( 'NONE', #6265, .T. ) ;
#630 = ORIENTED_EDGE ( 'NONE', *, *, #5749, .F. ) ;
#631 = EDGE_CURVE ( 'NONE', #2747, #7673, #10300, .T. ) ;
#632 = CARTESIAN_POINT ( 'NONE',  ( -0.7294759924352722802, -2.981555974335137194E-16, 0.6260087870205670590 ) ) ;
#633 = VECTOR ( 'NONE', #2822, 1000.000000000000000 ) ;
#634 = VERTEX_POINT ( 'NONE', #5620 ) ;
#635 = CARTESIAN_POINT ( 'NONE',  ( 0.02289952236471387570, -0.1438055149296439406, 0.9609879483333050310 ) ) ;
#636 = CARTESIAN_POINT ( 'NONE',  ( -1.758547659744530423, -3.006278401112418225E-16, 1.393807700132131844 ) ) ;
#637 = FACE_OUTER_BOUND ( 'NONE', #669, .T. ) ;
#638 = ORIENTED_EDGE ( 'NONE', *, *, #156, .T. ) ;
#639 = AXIS2_PLACEMENT_3D ( 'NONE', #2023, #10062, #4598 ) ;
#640 = VERTEX_POINT ( 'NONE', #4831 ) ;
#641 = DIRECTION ( 'NONE',  ( -0.8848652934418712590, 0.000000000000000000, -0.4658469839572123017 ) ) ;
#642 = ORIENTED_EDGE ( 'NONE', *, *, #2040, .T. ) ;
#643 = LINE ( 'NONE', #9360, #8013 ) ;
#644 = PLANE ( 'NONE',  #2478 ) ;
#645 = EDGE_CURVE ( 'NONE', #197, #7695, #6343, .T. ) ;
#646 = LINE ( 'NONE', #3045, #27 ) ;
#647 = VECTOR ( 'NONE', #6444, 1000.000000000000000 ) ;
#648 = FACE_OUTER_BOUND ( 'NONE', #4334, .T. ) ;
#649 = CARTESIAN_POINT ( 'NONE',  ( 0.7793006826606583282, -2.981555974335137194E-16, -0.5627723082837490232 ) ) ;
#650 = CARTESIAN_POINT ( 'NONE',  ( 1.121961427204688277, -0.1447179299707552769, -1.943294196050973976 ) ) ;
#651 = EDGE_LOOP ( 'NONE', ( #8980, #8746, #2100, #7537 ) ) ;
#652 = ORIENTED_EDGE ( 'NONE', *, *, #733, .T. ) ;
#653 = VECTOR ( 'NONE', #7844, 1000.000000000000114 ) ;
#654 = CARTESIAN_POINT ( 'NONE',  ( 0.000000000000000000, 3.200000000000000622, 0.000000000000000000 ) ) ;
#655 = ORIENTED_EDGE ( 'NONE', *, *, #7937, .F. ) ;
#656 = ORIENTED_EDGE ( 'NONE', *, *, #8153, .T. ) ;
#657 = DIRECTION ( 'NONE',  ( -0.4420530731320816420, 0.000000000000000000, 0.8969888965502764711 ) ) ;
#658 = DIRECTION ( 'NONE',  ( -0.000000000000000000, 1.000000000000000000, -0.000000000000000000 ) ) ;
#659 = CARTESIAN_POINT ( 'NONE',  ( 0.4067776771157899929, 2.000000000000000000, -0.8709501400003727412 ) ) ;
#660 = EDGE_CURVE ( 'NONE', #8258, #7180, #9716, .T. ) ;
#661 = LINE ( 'NONE', #611, #7074 ) ;
#662 = CARTESIAN_POINT ( 'NONE',  ( -1.471395926836243984, 2.000000000000000000, 1.566877516375044799 ) ) ;
#663 = LINE ( 'NONE', #2657, #3412 ) ;
#664 = DIRECTION ( 'NONE',  ( -0.6188876310076756315, 0.000000000000000000, 0.7854795351794386926 ) ) ;
#665 = ORIENTED_EDGE ( 'NONE', *, *, #2715, .F. ) ;
#666 = CARTESIAN_POINT ( 'NONE',  ( 0.2944111163135983977, -2.981555974335137194E-16, -0.9150651996209711037 ) ) ;
#667 = CARTESIAN_POINT ( 'NONE',  ( 0.5789693251283173359, 2.000000000000000000, 0.7673439551640760525 ) ) ;
#668 = ORIENTED_EDGE ( 'NONE', *, *, #595, .T. ) ;
#669 = EDGE_LOOP ( 'NONE', ( #8803, #2942, #5542, #9629 ) ) ;
#670 = VECTOR ( 'NONE', #6610, 1000.000000000000114 ) ;
#671 = ORIENTED_EDGE ( 'NONE', *, *, #2939, .F. ) ;
#672 = EDGE_CURVE ( 'NONE', #8352, #2764, #8052, .T. ) ;
#673 = ADVANCED_FACE ( 'NONE', ( #904 ), #5569, .F. ) ;
#674 = CARTESIAN_POINT ( 'NONE',  ( -1.981493566476404400, -0.1447218629912427057, -0.8329431978499751699 ) ) ;
#675 = CARTESIAN_POINT ( 'NONE',  ( 0.6148617368345542511, -0.1459816899409636104, 0.7388959801915165881 ) ) ;
#676 = CARTESIAN_POINT ( 'NONE',  ( -0.2345538076625758861, -0.1439142420261020350, 2.231630410227368078 ) ) ;
#677 = DIRECTION ( 'NONE',  ( -0.4420530731320816420, 0.000000000000000000, 0.8969888965502764711 ) ) ;
#678 = VECTOR ( 'NONE', #10101, 1000.000000000000000 ) ;
#679 = ORIENTED_EDGE ( 'NONE', *, *, #7129, .F. ) ;
#680 = LINE ( 'NONE', #9551, #627 ) ;
#681 = PLANE ( 'NONE',  #6941 ) ;
#682 = AXIS2_PLACEMENT_3D ( 'NONE', #10122, #8404, #1258 ) ;
#683 = EDGE_LOOP ( 'NONE', ( #995, #6745, #2005, #8163 ) ) ;
#684 = DIRECTION ( 'NONE',  ( -0.3654446344290446791, 0.000000000000000000, -0.9308330780365627888 ) ) ;
#685 = ORIENTED_EDGE ( 'NONE', *, *, #5267, .T. ) ;
#686 = VECTOR ( 'NONE', #8567, 1000.000000000000000 ) ;
#687 = ADVANCED_FACE ( 'NONE', ( #2515 ), #1738, .F. ) ;
#688 = CIRCLE ( 'NONE', #6527, 2.450000000000000178 ) ;
#689 = DIRECTION ( 'NONE',  ( -0.000000000000000000, 1.000000000000000000, -0.000000000000000000 ) ) ;
#690 = VERTEX_POINT ( 'NONE', #1584 ) ;
#691 = CARTESIAN_POINT ( 'NONE',  ( 0.2221997420524818856, -2.981555974335137194E-16, -0.9352269775825530207 ) ) ;
#692 = DIRECTION ( 'NONE',  ( -0.000000000000000000, 1.000000000000000000, 0.000000000000000000 ) ) ;
#693 = LINE ( 'NONE', #1675, #7966 ) ;
#694 = ORIENTED_EDGE ( 'NONE', *, *, #5967, .F. ) ;
#695 = PLANE ( 'NONE',  #5430 ) ;
#696 = ORIENTED_EDGE ( 'NONE', *, *, #1529, .T. ) ;
#697 = LINE ( 'NONE', #1684, #7511 ) ;
#698 = DIRECTION ( 'NONE',  ( -0.000000000000000000, 1.000000000000000000, -0.000000000000000000 ) ) ;
#699 = DIRECTION ( 'NONE',  ( 0.8195017574610974354, 0.000000000000000000, 0.5730766698428514383 ) ) ;
#700 = CARTESIAN_POINT ( 'NONE',  ( -0.4782302799131832871, -0.1473724245436886238, -0.8338573165359559614 ) ) ;
#701 = VECTOR ( 'NONE', #6304, 1000.000000000000000 ) ;
#702 = PLANE ( 'NONE',  #10033 ) ;
#703 = ORIENTED_EDGE ( 'NONE', *, *, #5783, .T. ) ;
#704 = ADVANCED_FACE ( 'NONE', ( #7953 ), #803, .F. ) ;
#705 = EDGE_LOOP ( 'NONE', ( #1421, #7403, #2946, #5856 ) ) ;
#706 = DIRECTION ( 'NONE',  ( -0.8107068603065787915, 0.000000000000000000, -0.5854522923790198563 ) ) ;
#707 = LINE ( 'NONE', #10306, #7225 ) ;
#708 = VERTEX_POINT ( 'NONE', #6547 ) ;
#709 = ORIENTED_EDGE ( 'NONE', *, *, #6286, .T. ) ;
#710 = VECTOR ( 'NONE', #8914, 1000.000000000000000 ) ;
#711 = LINE ( 'NONE', #1439, #701 ) ;
#712 = DIRECTION ( 'NONE',  ( -0.4041033210507466444, 0.000000000000000000, 0.9147133463089718308 ) ) ;
#713 = LINE ( 'NONE', #4841, #1339 ) ;
#714 = VECTOR ( 'NONE', #2809, 1000.000000000000227 ) ;
#715 = DIRECTION ( 'NONE',  ( -0.5730766698428459982, 0.000000000000000000, -0.8195017574611014322 ) ) ;
#716 = CARTESIAN_POINT ( 'NONE',  ( -0.4204692142881754635, -0.1454566137144368831, 2.204176811505027533 ) ) ;
#717 = DIRECTION ( 'NONE',  ( 0.7723462619080180280, 0.000000000000000000, 0.6352017409585013485 ) ) ;
#718 = FACE_OUTER_BOUND ( 'NONE', #7487, .T. ) ;
#719 = ORIENTED_EDGE ( 'NONE', *, *, #3471, .F. ) ;
#720 = LINE ( 'NONE', #6313, #5642 ) ;
#721 = CARTESIAN_POINT ( 'NONE',  ( 2.194887756272259516, 2.000000000000000000, -0.4665377947248391388 ) ) ;
#722 = VERTEX_POINT ( 'NONE', #2563 ) ;
#723 = ORIENTED_EDGE ( 'NONE', *, *, #1868, .F. ) ;
#724 = DIRECTION ( 'NONE',  ( -0.9775446146615726084, 0.000000000000000000, -0.2107285608221098339 ) ) ;
#725 = ORIENTED_EDGE ( 'NONE', *, *, #347, .T. ) ;
#726 = ORIENTED_EDGE ( 'NONE', *, *, #7730, .T. ) ;
#727 = LINE ( 'NONE', #5547, #7372 ) ;
#728 = VECTOR ( 'NONE', #2793, 999.9999999999998863 ) ;
#729 = VECTOR ( 'NONE', #3671, 1000.000000000000000 ) ;
#730 = DIRECTION ( 'NONE',  ( -0.9692955389115944786, 0.000000000000000000, -0.2458986747546264562 ) ) ;
#731 = FACE_OUTER_BOUND ( 'NONE', #10001, .T. ) ;
#732 = ADVANCED_FACE ( 'NONE', ( #7175 ), #6596, .F. ) ;
#733 = EDGE_CURVE ( 'NONE', #3785, #9327, #2616, .T. ) ;
#734 = CARTESIAN_POINT ( 'NONE',  ( -0.9303684665555630451, -2.981555974335137194E-16, -0.2417369260279381704 ) ) ;
#735 = EDGE_CURVE ( 'NONE', #2703, #1701, #1836, .T. ) ;
#736 = DIRECTION ( 'NONE',  ( 0.000000000000000000, -1.000000000000000000, 0.000000000000000000 ) ) ;
#737 = VECTOR ( 'NONE', #2953, 999.9999999999998863 ) ;
#738 = ORIENTED_EDGE ( 'NONE', *, *, #5203, .F. ) ;
#739 = EDGE_CURVE ( 'NONE', #1038, #9024, #1058, .T. ) ;
#740 = LINE ( 'NONE', #1519, #6086 ) ;
#741 = ORIENTED_EDGE ( 'NONE', *, *, #9297, .T. ) ;
#742 = DIRECTION ( 'NONE',  ( 0.2862728641871146174, 0.000000000000000000, 0.9581481342830584502 ) ) ;
#743 = VECTOR ( 'NONE', #165, 1000.000000000000000 ) ;
#744 = VERTEX_POINT ( 'NONE', #10149 ) ;
#745 = AXIS2_PLACEMENT_3D ( 'NONE', #7338, #7389, #6666 ) ;
#746 = CARTESIAN_POINT ( 'NONE',  ( -1.861473433499367225, -2.981555974335137194E-16, -1.074722187920208238 ) ) ;
#747 = EDGE_CURVE ( 'NONE', #2323, #10294, #10204, .T. ) ;
#748 = FACE_OUTER_BOUND ( 'NONE', #1323, .T. ) ;
#749 = VECTOR ( 'NONE', #9932, 1000.000000000000000 ) ;
#750 = ORIENTED_EDGE ( 'NONE', *, *, #8709, .T. ) ;
#751 = LINE ( 'NONE', #3944, #5596 ) ;
#752 = EDGE_LOOP ( 'NONE', ( #5813, #8289, #499, #9341 ) ) ;
#753 = VECTOR ( 'NONE', #4209, 1000.000000000000227 ) ;
#754 = DIRECTION ( 'NONE',  ( -0.3261448337396457009, 0.000000000000000000, -0.9453198122460667596 ) ) ;
#755 = CARTESIAN_POINT ( 'NONE',  ( 0.9317457544248208823, -0.1496419838468801000, -0.2363727439399643249 ) ) ;
#756 = CARTESIAN_POINT ( 'NONE',  ( -0.7258572354296933815, -2.981555974335137194E-16, 0.6302011573622737783 ) ) ;
#757 = DIRECTION ( 'NONE',  ( -0.8195017574611013211, 0.000000000000000000, 0.5730766698428458872 ) ) ;
#758 = ORIENTED_EDGE ( 'NONE', *, *, #8629, .F. ) ;
#759 = ORIENTED_EDGE ( 'NONE', *, *, #5709, .F. ) ;
#760 = FACE_OUTER_BOUND ( 'NONE', #2090, .T. ) ;
#761 = VERTEX_POINT ( 'NONE', #3788 ) ;
#762 = LINE ( 'NONE', #3957, #6707 ) ;
#763 = CARTESIAN_POINT ( 'NONE',  ( 0.1408970818120784396, -0.1427855095417420173, -2.239494985231586632 ) ) ;
#764 = AXIS2_PLACEMENT_3D ( 'NONE', #3474, #9060, #2733 ) ;
#765 = EDGE_CURVE ( 'NONE', #1103, #2180, #7087, .T. ) ;
#766 = PLANE ( 'NONE',  #5681 ) ;
#767 = FACE_OUTER_BOUND ( 'NONE', #7116, .T. ) ;
#768 = CARTESIAN_POINT ( 'NONE',  ( -0.9581172076848543107, 2.000000000000000000, -0.07767651707282210993 ) ) ;
#769 = DIRECTION ( 'NONE',  ( -0.6555985552359933077, 0.000000000000000000, -0.7551096174546304551 ) ) ;
#770 = ORIENTED_EDGE ( 'NONE', *, *, #3218, .T. ) ;
#771 = LINE ( 'NONE', #666, #1123 ) ;
#772 = ORIENTED_EDGE ( 'NONE', *, *, #4565, .F. ) ;
#773 = VERTEX_POINT ( 'NONE', #2170 ) ;
#774 = ORIENTED_EDGE ( 'NONE', *, *, #8631, .T. ) ;
#775 = CARTESIAN_POINT ( 'NONE',  ( 0.04699317460288526815, -2.981555974335137194E-16, 2.243430725046168916 ) ) ;
#776 = VECTOR ( 'NONE', #417, 1000.000000000000000 ) ;
#777 = DIRECTION ( 'NONE',  ( -0.000000000000000000, 1.000000000000000000, 0.000000000000000000 ) ) ;
#778 = CARTESIAN_POINT ( 'NONE',  ( 2.070264362223221966, -0.1460293543205279931, 0.5780281959735151798 ) ) ;
#779 = EDGE_CURVE ( 'NONE', #3632, #290, #7702, .T. ) ;
#780 = LINE ( 'NONE', #4805, #6562 ) ;
#781 = ORIENTED_EDGE ( 'NONE', *, *, #31, .F. ) ;
#782 = CARTESIAN_POINT ( 'NONE',  ( 0.8236591385239325769, -2.981555974335137194E-16, 0.4955883861556886205 ) ) ;
#783 = CARTESIAN_POINT ( 'NONE',  ( 0.6411484854770918007, -0.1450903546745302697, 0.7162058674269696779 ) ) ;
#784 = ADVANCED_FACE ( 'NONE', ( #608 ), #1391, .F. ) ;
#785 = ORIENTED_EDGE ( 'NONE', *, *, #3971, .T. ) ;
#786 = ORIENTED_EDGE ( 'NONE', *, *, #7187, .T. ) ;
#787 = EDGE_CURVE ( 'NONE', #7756, #3198, #4685, .T. ) ;
#788 = EDGE_CURVE ( 'NONE', #2722, #8574, #2277, .T. ) ;
#789 = PLANE ( 'NONE',  #2499 ) ;
#790 = EDGE_CURVE ( 'NONE', #4994, #5394, #1542, .T. ) ;
#791 = VECTOR ( 'NONE', #5043, 999.9999999999998863 ) ;
#792 = EDGE_LOOP ( 'NONE', ( #4472, #8675, #6580, #6728 ) ) ;
#793 = DIRECTION ( 'NONE',  ( -0.9519427500406433262, 0.000000000000000000, -0.3062760203559156125 ) ) ;
#794 = DIRECTION ( 'NONE',  ( 0.1696083962828272285, 0.000000000000000000, 0.9855115381924086648 ) ) ;
#795 = CARTESIAN_POINT ( 'NONE',  ( 0.4830264792950529906, -0.1433794608872670517, 0.8310882295317462143 ) ) ;
#796 = EDGE_LOOP ( 'NONE', ( #6603, #7364, #1567, #10010 ) ) ;
#797 = CARTESIAN_POINT ( 'NONE',  ( 0.7991187831734561930, 2.000000000000000000, 0.5342577985820717856 ) ) ;
#798 = AXIS2_PLACEMENT_3D ( 'NONE', #2917, #9134, #575 ) ;
#799 = DIRECTION ( 'NONE',  ( 0.5155608271417730926, 0.000000000000000000, 0.8568529824403313677 ) ) ;
#800 = EDGE_CURVE ( 'NONE', #10282, #1503, #1338, .T. ) ;
#801 = EDGE_CURVE ( 'NONE', #6465, #5191, #9321, .T. ) ;
#802 = PLANE ( 'NONE',  #137 ) ;
#803 = PLANE ( 'NONE',  #449 ) ;
#804 = CARTESIAN_POINT ( 'NONE',  ( 0.000000000000000000, 2.000000000000000000, 0.000000000000000000 ) ) ;
#805 = LINE ( 'NONE', #70, #4557 ) ;
#806 = AXIS2_PLACEMENT_3D ( 'NONE', #8780, #4872, #8731 ) ;
#807 = ORIENTED_EDGE ( 'NONE', *, *, #3618, .F. ) ;
#808 = ORIENTED_EDGE ( 'NONE', *, *, #2731, .F. ) ;
#809 = DIRECTION ( 'NONE',  ( 0.000000000000000000, 0.000000000000000000, -1.000000000000000000 ) ) ;
#810 = VERTEX_POINT ( 'NONE', #7030 ) ;
#811 = LINE ( 'NONE', #5001, #4922 ) ;
#812 = AXIS2_PLACEMENT_3D ( 'NONE', #5809, #3690, #1043 ) ;
#813 = EDGE_CURVE ( 'NONE', #6568, #5296, #10259, .T. ) ;
#814 = CARTESIAN_POINT ( 'NONE',  ( -0.8695550808797157805, -0.1450903546745302697, 2.068589794487261546 ) ) ;
#815 = PLANE ( 'NONE',  #889 ) ;
#816 = CARTESIAN_POINT ( 'NONE',  ( -2.049925530946080876, -3.006278401112418225E-16, 0.9126856491235206814 ) ) ;
#817 = LINE ( 'NONE', #10211, #8849 ) ;
#818 = ORIENTED_EDGE ( 'NONE', *, *, #9761, .F. ) ;
#819 = CARTESIAN_POINT ( 'NONE',  ( 1.189484353158689167, -0.1473724245436877356, 1.790317876362344851 ) ) ;
#820 = EDGE_LOOP ( 'NONE', ( #4579, #5635, #2301, #2019 ) ) ;
#821 = ORIENTED_EDGE ( 'NONE', *, *, #3794, .F. ) ;
#822 = EDGE_LOOP ( 'NONE', ( #5524, #5503, #6035, #7609 ) ) ;
#823 = DIRECTION ( 'NONE',  ( 0.000000000000000000, -1.000000000000000000, -0.000000000000000000 ) ) ;
#824 = LINE ( 'NONE', #6269, #8138 ) ;
#825 = DIRECTION ( 'NONE',  ( -0.9982034669914620073, 0.000000000000000000, -0.05991526087922019461 ) ) ;
#826 = CARTESIAN_POINT ( 'NONE',  ( -0.1798608697330999484, -2.981555974335137194E-16, 2.141905971878965254 ) ) ;
#827 = ORIENTED_EDGE ( 'NONE', *, *, #2040, .F. ) ;
#828 = CARTESIAN_POINT ( 'NONE',  ( -0.09772477418982747355, -2.981555974335137194E-16, 0.9562803425125572243 ) ) ;
#829 = CARTESIAN_POINT ( 'NONE',  ( 0.000000000000000000, 4.200000000000000178, 0.000000000000000000 ) ) ;
#830 = VECTOR ( 'NONE', #5052, 1000.000000000000000 ) ;
#831 = ORIENTED_EDGE ( 'NONE', *, *, #6085, .F. ) ;
#832 = EDGE_CURVE ( 'NONE', #1195, #9680, #6305, .T. ) ;
#833 = ORIENTED_EDGE ( 'NONE', *, *, #4826, .F. ) ;
#834 = AXIS2_PLACEMENT_3D ( 'NONE', #7720, #6893, #10063 ) ;
#835 = DIRECTION ( 'NONE',  ( -0.5854522923790199673, 0.000000000000000000, 0.8107068603065786805 ) ) ;
#836 = EDGE_CURVE ( 'NONE', #4511, #4322, #9483, .T. ) ;
#837 = AXIS2_PLACEMENT_3D ( 'NONE', #10046, #8541, #3005 ) ;
#838 = VERTEX_POINT ( 'NONE', #8641 ) ;
#839 = CARTESIAN_POINT ( 'NONE',  ( -0.2996782327926817424, -2.981555974335137194E-16, 0.9133538097345639262 ) ) ;
#840 = CARTESIAN_POINT ( 'NONE',  ( 0.2693968139907000903, -0.1448052212307967268, -2.132495364928979509 ) ) ;
#841 = ORIENTED_EDGE ( 'NONE', *, *, #8572, .T. ) ;
#842 = DIRECTION ( 'NONE',  ( 0.000000000000000000, 1.000000000000000000, -0.000000000000000000 ) ) ;
#843 = AXIS2_PLACEMENT_3D ( 'NONE', #1498, #1549, #664 ) ;
#844 = DIRECTION ( 'NONE',  ( 0.9639332430866773826, 0.000000000000000000, 0.2661441392787006199 ) ) ;
#845 = DIRECTION ( 'NONE',  ( -0.9998368636726751024, 0.000000000000000000, 0.01806228228072287098 ) ) ;
#846 = LINE ( 'NONE', #7224, #7312 ) ;
#847 = CARTESIAN_POINT ( 'NONE',  ( 0.8236591385239430130, -2.981555974335137194E-16, -0.4955883861556714121 ) ) ;
#848 = CARTESIAN_POINT ( 'NONE',  ( -0.09000938839286835857, -0.1427855095417420173, 2.147558947929733453 ) ) ;
#849 = CARTESIAN_POINT ( 'NONE',  ( 1.712096752485707141, 2.000000000000000000, 1.299552167079035092 ) ) ;
#850 = EDGE_CURVE ( 'NONE', #1964, #8024, #8696, .T. ) ;
#851 = EDGE_CURVE ( 'NONE', #2183, #9522, #1489, .T. ) ;
#852 = EDGE_CURVE ( 'NONE', #6663, #6957, #1440, .T. ) ;
#853 = VERTEX_POINT ( 'NONE', #8590 ) ;
#854 = DIRECTION ( 'NONE',  ( 0.000000000000000000, -1.000000000000000000, 0.000000000000000000 ) ) ;
#855 = CARTESIAN_POINT ( 'NONE',  ( -0.8792780351554217999, -2.981555974335137194E-16, -0.3884486605197750020 ) ) ;
#856 = ORIENTED_EDGE ( 'NONE', *, *, #9782, .T. ) ;
#857 = EDGE_CURVE ( 'NONE', #8416, #4632, #2949, .T. ) ;
#858 = AXIS2_PLACEMENT_3D ( 'NONE', #4270, #5901, #5116 ) ;
#859 = CARTESIAN_POINT ( 'NONE',  ( 1.758547659744509994, -3.006278401112418225E-16, 1.393807700132155603 ) ) ;
#860 = DIRECTION ( 'NONE',  ( 0.3315857306873711274, 0.000000000000000000, -0.9434250914643526054 ) ) ;
#861 = CARTESIAN_POINT ( 'NONE',  ( -0.8770254568504652903, 2.000000000000000000, -0.3935080342288066468 ) ) ;
#862 = CARTESIAN_POINT ( 'NONE',  ( -1.039600561562694647, -0.1432581301189111422, 1.988572465096284825 ) ) ;
#863 = LINE ( 'NONE', #2382, #6599 ) ;
#864 = DIRECTION ( 'NONE',  ( 0.9917495396061812851, 0.000000000000000000, 0.1281906809831648841 ) ) ;
#865 = VERTEX_POINT ( 'NONE', #7805 ) ;
#866 = LINE ( 'NONE', #4902, #9299 ) ;
#867 = AXIS2_PLACEMENT_3D ( 'NONE', #3114, #1645, #3057 ) ;
#868 = VERTEX_POINT ( 'NONE', #3843 ) ;
#869 = ORIENTED_EDGE ( 'NONE', *, *, #8446, .T. ) ;
#870 = EDGE_CURVE ( 'NONE', #3867, #5985, #3903, .T. ) ;
#871 = CARTESIAN_POINT ( 'NONE',  ( -2.194887756272253743, -3.006278401112418225E-16, -0.4665377947248689483 ) ) ;
#872 = LINE ( 'NONE', #5060, #9735 ) ;
#873 = VERTEX_POINT ( 'NONE', #6094 ) ;
#874 = DIRECTION ( 'NONE',  ( -0.5557886347590780263, 0.000000000000000000, 0.8313236394284960751 ) ) ;
#875 = DIRECTION ( 'NONE',  ( 0.000000000000000000, -1.000000000000000000, 0.000000000000000000 ) ) ;
#876 = LINE ( 'NONE', #3279, #7219 ) ;
#877 = CIRCLE ( 'NONE', #8037, 3.599999999999998757 ) ;
#878 = DIRECTION ( 'NONE',  ( 0.4420530731320754803, 0.000000000000000000, 0.8969888965502794687 ) ) ;
#879 = VECTOR ( 'NONE', #1763, 999.9999999999998863 ) ;
#880 = EDGE_LOOP ( 'NONE', ( #8534, #9389, #5492, #10025 ) ) ;
#881 = CARTESIAN_POINT ( 'NONE',  ( 0.9540240211766770617, -0.1473724245436877356, -0.1177301659910061776 ) ) ;
#882 = CARTESIAN_POINT ( 'NONE',  ( -0.6988304498648052476, 2.000000000000000000, 0.6600441101230591912 ) ) ;
#883 = VECTOR ( 'NONE', #9048, 1000.000000000000000 ) ;
#884 = VERTEX_POINT ( 'NONE', #2116 ) ;
#885 = FACE_OUTER_BOUND ( 'NONE', #1985, .T. ) ;
#886 = VECTOR ( 'NONE', #5948, 1000.000000000000000 ) ;
#887 = AXIS2_PLACEMENT_3D ( 'NONE', #7326, #5778, #1747 ) ;
#888 = ORIENTED_EDGE ( 'NONE', *, *, #7608, .T. ) ;
#889 = AXIS2_PLACEMENT_3D ( 'NONE', #8699, #4741, #8751 ) ;
#890 = CARTESIAN_POINT ( 'NONE',  ( 1.597348465557292041, 2.000000000000000000, -1.438259018540709810 ) ) ;
#891 = EDGE_CURVE ( 'NONE', #1050, #9306, #1646, .T. ) ;
#892 = VECTOR ( 'NONE', #8257, 1000.000000000000000 ) ;
#893 = ORIENTED_EDGE ( 'NONE', *, *, #4964, .F. ) ;
#894 = DIRECTION ( 'NONE',  ( 0.4975031811960894945, 0.000000000000000000, 0.8674621517390663783 ) ) ;
#895 = DIRECTION ( 'NONE',  ( 0.9775446146615754950, 0.000000000000000000, -0.2107285608220967332 ) ) ;
#896 = DIRECTION ( 'NONE',  ( 0.6234027750479839147, 0.000000000000000000, 0.7819008761105673555 ) ) ;
#897 = ORIENTED_EDGE ( 'NONE', *, *, #3286, .F. ) ;
#898 = VERTEX_POINT ( 'NONE', #8748 ) ;
#899 = CARTESIAN_POINT ( 'NONE',  ( 0.02289952236471387570, 2.000000000000000000, 0.9609879483333050310 ) ) ;
#900 = DIRECTION ( 'NONE',  ( 0.8345119301206949114, 0.000000000000000000, 0.5509898714915115736 ) ) ;
#901 = CARTESIAN_POINT ( 'NONE',  ( -0.5124017362655614027, -3.006278401112418225E-16, 2.184635950727860099 ) ) ;
#902 = DIRECTION ( 'NONE',  ( -0.4792273139124993420, 0.000000000000000000, 0.8776908234681565224 ) ) ;
#903 = PLANE ( 'NONE',  #6985 ) ;
#904 = FACE_OUTER_BOUND ( 'NONE', #5664, .T. ) ;
#905 = CARTESIAN_POINT ( 'NONE',  ( 2.148972967168877091, -0.1421340054777709416, -0.04501456663474825981 ) ) ;
#906 = EDGE_CURVE ( 'NONE', #7314, #8638, #3170, .T. ) ;
#907 = CARTESIAN_POINT ( 'NONE',  ( 0.8597777503361603291, -0.1418147860772172864, -0.4298888751680808862 ) ) ;
#908 = DIRECTION ( 'NONE',  ( 0.000000000000000000, -1.000000000000000000, 0.000000000000000000 ) ) ;
#909 = ORIENTED_EDGE ( 'NONE', *, *, #8065, .T. ) ;
#910 = VECTOR ( 'NONE', #8622, 1000.000000000000114 ) ;
#911 = DIRECTION ( 'NONE',  ( -0.3458705892201486276, 0.000000000000000000, 0.9382822259387135766 ) ) ;
#912 = ORIENTED_EDGE ( 'NONE', *, *, #9841, .F. ) ;
#913 = LINE ( 'NONE', #5000, #7529 ) ;
#914 = DIRECTION ( 'NONE',  ( 0.9060498331306388042, 0.000000000000000000, 0.4231710054858926484 ) ) ;
#915 = EDGE_CURVE ( 'NONE', #9282, #2975, #6354, .T. ) ;
#916 = EDGE_CURVE ( 'NONE', #3976, #1388, #811, .T. ) ;
#917 = EDGE_CURVE ( 'NONE', #7710, #5810, #9578, .T. ) ;
#918 = LINE ( 'NONE', #123, #6840 ) ;
#919 = DIRECTION ( 'NONE',  ( -0.9896890471220239904, 0.000000000000000000, -0.1432326429508999632 ) ) ;
#920 = DIRECTION ( 'NONE',  ( 0.9639332430866811574, 0.000000000000000000, -0.2661441392786874083 ) ) ;
#921 = ADVANCED_FACE ( 'NONE', ( #4052 ), #8795, .F. ) ;
#922 = VERTEX_POINT ( 'NONE', #7329 ) ;
#923 = VERTEX_POINT ( 'NONE', #1795 ) ;
#924 = ORIENTED_EDGE ( 'NONE', *, *, #6864, .F. ) ;
#925 = CARTESIAN_POINT ( 'NONE',  ( -1.919371412219096795, -0.1454656455588212438, -1.162412645533700051 ) ) ;
#926 = EDGE_LOOP ( 'NONE', ( #9214, #4972, #2908, #3738 ) ) ;
#927 = AXIS2_PLACEMENT_3D ( 'NONE', #8532, #2214, #9262 ) ;
#928 = DIRECTION ( 'NONE',  ( -0.1224747460865669019, 0.000000000000000000, 0.9924716301089070436 ) ) ;
#929 = ADVANCED_FACE ( 'NONE', ( #76 ), #176, .F. ) ;
#930 = LINE ( 'NONE', #9068, #4032 ) ;
#931 = EDGE_CURVE ( 'NONE', #9441, #9491, #4787, .T. ) ;
#932 = CARTESIAN_POINT ( 'NONE',  ( 0.6148617368345697942, 2.000000000000000000, -0.7388959801915035985 ) ) ;
#933 = VERTEX_POINT ( 'NONE', #4006 ) ;
#934 = DIRECTION ( 'NONE',  ( -0.8944271909999155223, 0.000000000000000000, -0.4472135954999585938 ) ) ;
#935 = CARTESIAN_POINT ( 'NONE',  ( -0.9303684665555630451, -0.1458670832290543395, -0.2417369260279381704 ) ) ;
#936 = ORIENTED_EDGE ( 'NONE', *, *, #6486, .F. ) ;
#937 = CARTESIAN_POINT ( 'NONE',  ( -0.3699492575029198482, -0.1496419838468801000, 0.8872202499038357448 ) ) ;
#938 = AXIS2_PLACEMENT_3D ( 'NONE', #5761, #6485, #9650 ) ;
#939 = ORIENTED_EDGE ( 'NONE', *, *, #4865, .F. ) ;
#940 = ORIENTED_EDGE ( 'NONE', *, *, #3022, .T. ) ;
#941 = CARTESIAN_POINT ( 'NONE',  ( -0.8597777503361603291, -2.981555974335137194E-16, 0.4298888751680808862 ) ) ;
#942 = VECTOR ( 'NONE', #8494, 999.9999999999998863 ) ;
#943 = ORIENTED_EDGE ( 'NONE', *, *, #6616, .T. ) ;
#944 = DIRECTION ( 'NONE',  ( -0.6976022685502395460, 0.000000000000000000, 0.7164852230950471412 ) ) ;
#945 = LINE ( 'NONE', #4870, #9931 ) ;
#946 = DIRECTION ( 'NONE',  ( -0.7723462619080221359, 0.000000000000000000, -0.6352017409584965746 ) ) ;
#947 = ORIENTED_EDGE ( 'NONE', *, *, #1989, .F. ) ;
#948 = ORIENTED_EDGE ( 'NONE', *, *, #1366, .F. ) ;
#949 = CARTESIAN_POINT ( 'NONE',  ( 0.3750546960483487346, -2.981555974335137194E-16, 0.8850741211550972043 ) ) ;
#950 = ADVANCED_FACE ( 'NONE', ( #6505, #8948, #7141 ), #6455, .T. ) ;
#951 = CARTESIAN_POINT ( 'NONE',  ( -1.758547659744529534, -0.1494084084223070152, 1.393807700132131400 ) ) ;
#952 = LINE ( 'NONE', #5567, #9152 ) ;
#953 = CARTESIAN_POINT ( 'NONE',  ( -0.4478004200876873897, -0.1421340054777718021, 0.8505862735405960162 ) ) ;
#954 = CARTESIAN_POINT ( 'NONE',  ( -0.2611680761981587939, -0.1456920279732068779, 0.9251018651701764517 ) ) ;
#955 = DIRECTION ( 'NONE',  ( 0.4607412416904165253, 0.000000000000000000, -0.8875345109941208399 ) ) ;
#956 = DIRECTION ( 'NONE',  ( 0.4792273139125055592, 0.000000000000000000, -0.8776908234681531917 ) ) ;
#957 = DIRECTION ( 'NONE',  ( 0.4607412416904103081, 0.000000000000000000, 0.8875345109941240596 ) ) ;
#958 = VECTOR ( 'NONE', #7604, 999.9999999999998863 ) ;
#959 = ORIENTED_EDGE ( 'NONE', *, *, #90, .T. ) ;
#960 = CARTESIAN_POINT ( 'NONE',  ( -0.6212577703813397800, -0.1459623876292454603, 2.057705009852658140 ) ) ;
#961 = DIRECTION ( 'NONE',  ( -0.05991526087920628213, 0.000000000000000000, -0.9982034669914630065 ) ) ;
#962 = ORIENTED_EDGE ( 'NONE', *, *, #8046, .F. ) ;
#963 = EDGE_CURVE ( 'NONE', #9512, #2183, #3363, .T. ) ;
#964 = EDGE_CURVE ( 'NONE', #9053, #3125, #6557, .T. ) ;
#965 = CARTESIAN_POINT ( 'NONE',  ( 0.5789693251283173359, -2.981555974335137194E-16, 0.7673439551640760525 ) ) ;
#966 = DIRECTION ( 'NONE',  ( -0.2050930954896678093, 0.000000000000000000, -0.9787424697960469544 ) ) ;
#967 = DIRECTION ( 'NONE',  ( -0.9817433889756530530, 0.000000000000000000, -0.1902101947914458802 ) ) ;
#968 = AXIS2_PLACEMENT_3D ( 'NONE', #4459, #10185, #6856 ) ;
#969 = CARTESIAN_POINT ( 'NONE',  ( -2.111371806538505869, 2.000000000000000000, -0.4027657127738751286 ) ) ;
#970 = PLANE ( 'NONE',  #764 ) ;
#971 = DIRECTION ( 'NONE',  ( 0.5333923310692395559, 0.000000000000000000, -0.8458679691042348958 ) ) ;
#972 = VERTEX_POINT ( 'NONE', #7964 ) ;
#973 = ORIENTED_EDGE ( 'NONE', *, *, #1363, .T. ) ;
#974 = DIRECTION ( 'NONE',  ( 0.002880682490158270170, 0.000000000000000000, -0.9999958508255876177 ) ) ;
#975 = ORIENTED_EDGE ( 'NONE', *, *, #987, .T. ) ;
#976 = VECTOR ( 'NONE', #4493, 1000.000000000000114 ) ;
#977 = CARTESIAN_POINT ( 'NONE',  ( -0.9540240211766758405, 2.000000000000000000, -0.1177301659910190285 ) ) ;
#978 = EDGE_CURVE ( 'NONE', #296, #4452, #2426, .T. ) ;
#979 = CARTESIAN_POINT ( 'NONE',  ( -2.049925530946075103, 2.000000000000000000, -0.9126856491235340041 ) ) ;
#980 = VECTOR ( 'NONE', #7952, 999.9999999999998863 ) ;
#981 = LINE ( 'NONE', #7397, #9228 ) ;
#982 = EDGE_LOOP ( 'NONE', ( #4409, #10188, #6652, #7882 ) ) ;
#983 = LINE ( 'NONE', #7449, #2622 ) ;
#984 = DIRECTION ( 'NONE',  ( 0.9978417078911527849, 0.000000000000000000, -0.06566525712176578267 ) ) ;
#985 = ORIENTED_EDGE ( 'NONE', *, *, #7713, .T. ) ;
#986 = EDGE_CURVE ( 'NONE', #510, #9281, #4148, .T. ) ;
#987 = EDGE_CURVE ( 'NONE', #5334, #4996, #2472, .T. ) ;
#988 = ADVANCED_FACE ( 'NONE', ( #4893 ), #1750, .F. ) ;
#989 = ORIENTED_EDGE ( 'NONE', *, *, #5298, .T. ) ;
#990 = VERTEX_POINT ( 'NONE', #8900 ) ;
#991 = EDGE_CURVE ( 'NONE', #9230, #9282, #4946, .T. ) ;
#992 = VERTEX_POINT ( 'NONE', #5254 ) ;
#993 = ORIENTED_EDGE ( 'NONE', *, *, #2629, .F. ) ;
#994 = CARTESIAN_POINT ( 'NONE',  ( -0.9602976163832700474, -2.981555974335137194E-16, -0.04301991323789973454 ) ) ;
#995 = ORIENTED_EDGE ( 'NONE', *, *, #1366, .T. ) ;
#996 = CARTESIAN_POINT ( 'NONE',  ( 1.944875419031339980, 2.000000000000000000, -0.9151889036038364234 ) ) ;
#997 = VERTEX_POINT ( 'NONE', #9979 ) ;
#998 = EDGE_CURVE ( 'NONE', #322, #1141, #1015, .T. ) ;
#999 = ORIENTED_EDGE ( 'NONE', *, *, #3719, .F. ) ;
#1000 = CARTESIAN_POINT ( 'NONE',  ( -0.6148617368345645762, 2.000000000000000000, 0.7388959801915081504 ) ) ;
#1001 = CARTESIAN_POINT ( 'NONE',  ( -0.9612567592082511547, -0.1432581301189111422, -0.002769087004216128252 ) ) ;
#1002 = VECTOR ( 'NONE', #8053, 1000.000000000000000 ) ;
#1003 = CARTESIAN_POINT ( 'NONE',  ( 0.5127291109526593837, -2.981555974335137194E-16, -0.8130996763915738779 ) ) ;
#1004 = PLANE ( 'NONE',  #3810 ) ;
#1005 = DIRECTION ( 'NONE',  ( 0.000000000000000000, -1.000000000000000000, 0.000000000000000000 ) ) ;
#1006 = CARTESIAN_POINT ( 'NONE',  ( 2.086346706177046872, 2.000000000000000000, 0.8260430970383898508 ) ) ;
#1007 = DIRECTION ( 'NONE',  ( -0.5901133345588764900, 0.000000000000000000, 0.8073204149380860395 ) ) ;
#1008 = LINE ( 'NONE', #8261, #9172 ) ;
#1009 = AXIS2_PLACEMENT_3D ( 'NONE', #5837, #971, #5005 ) ;
#1010 = VECTOR ( 'NONE', #9459, 1000.000000000000000 ) ;
#1011 = ORIENTED_EDGE ( 'NONE', *, *, #1340, .F. ) ;
#1012 = LINE ( 'NONE', #6452, #7551 ) ;
#1013 = VERTEX_POINT ( 'NONE', #9055 ) ;
#1014 = LINE ( 'NONE', #7380, #4715 ) ;
#1015 = LINE ( 'NONE', #1947, #8409 ) ;
#1016 = DIRECTION ( 'NONE',  ( 0.000000000000000000, 1.000000000000000000, -0.000000000000000000 ) ) ;
#1017 = EDGE_CURVE ( 'NONE', #2436, #3666, #2832, .T. ) ;
#1018 = LINE ( 'NONE', #9676, #9395 ) ;
#1019 = CARTESIAN_POINT ( 'NONE',  ( 0.4782302799131947779, -2.981555974335137194E-16, -0.8338573165359491890 ) ) ;
#1020 = PLANE ( 'NONE',  #1009 ) ;
#1021 = ORIENTED_EDGE ( 'NONE', *, *, #7356, .F. ) ;
#1022 = ORIENTED_EDGE ( 'NONE', *, *, #601, .F. ) ;
#1023 = ORIENTED_EDGE ( 'NONE', *, *, #8811, .T. ) ;
#1024 = PLANE ( 'NONE',  #1739 ) ;
#1025 = EDGE_LOOP ( 'NONE', ( #7279, #5956, #2385, #2961 ) ) ;
#1026 = DIRECTION ( 'NONE',  ( 0.4472135954999585383, 0.000000000000000000, -0.8944271909999155223 ) ) ;
#1027 = DIRECTION ( 'NONE',  ( 0.000000000000000000, -1.000000000000000000, 0.000000000000000000 ) ) ;
#1028 = LINE ( 'NONE', #3378, #4227 ) ;
#1029 = VECTOR ( 'NONE', #1733, 1000.000000000000000 ) ;
#1030 = CARTESIAN_POINT ( 'NONE',  ( -2.044243080056982631, -0.1458349236714011621, 0.6642148405983292481 ) ) ;
#1031 = ORIENTED_EDGE ( 'NONE', *, *, #596, .F. ) ;
#1032 = CARTESIAN_POINT ( 'NONE',  ( 0.1798608697330699169, -0.1439142420261020350, 2.141905971878967918 ) ) ;
#1033 = DIRECTION ( 'NONE',  ( 0.000000000000000000, 0.000000000000000000, -1.000000000000000000 ) ) ;
#1034 = ORIENTED_EDGE ( 'NONE', *, *, #6506, .T. ) ;
#1035 = VERTEX_POINT ( 'NONE', #4199 ) ;
#1036 = ORIENTED_EDGE ( 'NONE', *, *, #8589, .F. ) ;
#1037 = VECTOR ( 'NONE', #4421, 1000.000000000000114 ) ;
#1038 = VERTEX_POINT ( 'NONE', #8366 ) ;
#1039 = EDGE_CURVE ( 'NONE', #1920, #5046, #7381, .T. ) ;
#1040 = EDGE_CURVE ( 'NONE', #2183, #2599, #2729, .T. ) ;
#1041 = ADVANCED_FACE ( 'NONE', ( #6609 ), #5103, .F. ) ;
#1042 = VECTOR ( 'NONE', #7956, 1000.000000000000114 ) ;
#1043 = DIRECTION ( 'NONE',  ( 0.9948188822373297269, 0.000000000000000000, -0.1016631277507719644 ) ) ;
#1044 = ORIENTED_EDGE ( 'NONE', *, *, #2182, .T. ) ;
#1045 = DIRECTION ( 'NONE',  ( 0.8458679691042384485, 0.000000000000000000, -0.5333923310692336717 ) ) ;
#1046 = EDGE_CURVE ( 'NONE', #1916, #4047, #382, .T. ) ;
#1047 = AXIS2_PLACEMENT_3D ( 'NONE', #10093, #3111, #7962 ) ;
#1048 = ORIENTED_EDGE ( 'NONE', *, *, #469, .T. ) ;
#1049 = DIRECTION ( 'NONE',  ( 0.9035967632308919972, 0.000000000000000000, -0.4283840443791708252 ) ) ;
#1050 = VERTEX_POINT ( 'NONE', #6706 ) ;
#1051 = ORIENTED_EDGE ( 'NONE', *, *, #7632, .F. ) ;
#1052 = DIRECTION ( 'NONE',  ( 0.4283840443791707697, 0.000000000000000000, 0.9035967632308919972 ) ) ;
#1053 = CARTESIAN_POINT ( 'NONE',  ( 2.049925530946085761, -3.006278401112418225E-16, -0.9126856491235052493 ) ) ;
#1054 = CARTESIAN_POINT ( 'NONE',  ( -0.9540240211766758405, -2.981555974335137194E-16, -0.1177301659910190285 ) ) ;
#1055 = FACE_OUTER_BOUND ( 'NONE', #2151, .T. ) ;
#1056 = AXIS2_PLACEMENT_3D ( 'NONE', #3565, #189, #3536 ) ;
#1057 = VECTOR ( 'NONE', #5883, 1000.000000000000114 ) ;
#1058 = LINE ( 'NONE', #7370, #2615 ) ;
#1059 = LINE ( 'NONE', #221, #6898 ) ;
#1060 = EDGE_CURVE ( 'NONE', #6428, #1103, #2675, .T. ) ;
#1061 = CARTESIAN_POINT ( 'NONE',  ( -0.9540240211766762846, -2.981555974335137194E-16, 0.1177301659910124088 ) ) ;
#1062 = DIRECTION ( 'NONE',  ( 0.8875345109941240596, 0.000000000000000000, -0.4607412416904103081 ) ) ;
#1063 = ORIENTED_EDGE ( 'NONE', *, *, #5859, .F. ) ;
#1064 = CARTESIAN_POINT ( 'NONE',  ( 0.4478004200876929408, -0.1421340054777718021, -0.8505862735405930186 ) ) ;
#1065 = ORIENTED_EDGE ( 'NONE', *, *, #6896, .T. ) ;
#1066 = CARTESIAN_POINT ( 'NONE',  ( 0.7760454256538761308, 2.000000000000000000, -0.5672527851743708327 ) ) ;
#1067 = FACE_OUTER_BOUND ( 'NONE', #4797, .T. ) ;
#1068 = CARTESIAN_POINT ( 'NONE',  ( 0.5174051459242621220, -2.981555974335137194E-16, -0.8101321743626034300 ) ) ;
#1069 = CARTESIAN_POINT ( 'NONE',  ( 0.1798608697331147976, 2.000000000000000000, -2.141905971878964365 ) ) ;
#1070 = DIRECTION ( 'NONE',  ( -0.9967297739249312283, 0.000000000000000000, -0.08080691660715477731 ) ) ;
#1071 = PLANE ( 'NONE',  #843 ) ;
#1072 = ORIENTED_EDGE ( 'NONE', *, *, #1734, .T. ) ;
#1073 = LINE ( 'NONE', #7196, #7302 ) ;
#1074 = VECTOR ( 'NONE', #3773, 1000.000000000000000 ) ;
#1075 = VERTEX_POINT ( 'NONE', #8215 ) ;
#1076 = DIRECTION ( 'NONE',  ( 0.9864723538095478972, 0.000000000000000000, -0.1639277132441314400 ) ) ;
#1077 = DIRECTION ( 'NONE',  ( 0.000000000000000000, -1.000000000000000000, 0.000000000000000000 ) ) ;
#1078 = ORIENTED_EDGE ( 'NONE', *, *, #5209, .F. ) ;
#1079 = ORIENTED_EDGE ( 'NONE', *, *, #964, .T. ) ;
#1080 = LINE ( 'NONE', #4269, #4386 ) ;
#1081 = ADVANCED_FACE ( 'NONE', ( #9201 ), #4256, .F. ) ;
#1082 = VECTOR ( 'NONE', #7041, 1000.000000000000000 ) ;
#1083 = PLANE ( 'NONE',  #858 ) ;
#1084 = CARTESIAN_POINT ( 'NONE',  ( -2.049925530946073771, -0.1447218629912427057, -0.9126856491235340041 ) ) ;
#1085 = PLANE ( 'NONE',  #7394 ) ;
#1086 = ORIENTED_EDGE ( 'NONE', *, *, #5850, .T. ) ;
#1087 = LINE ( 'NONE', #5853, #1952 ) ;
#1088 = CARTESIAN_POINT ( 'NONE',  ( -2.236053101125679898, -3.006278401112418225E-16, 0.1877666250610601772 ) ) ;
#1089 = ORIENTED_EDGE ( 'NONE', *, *, #8631, .F. ) ;
#1090 = ORIENTED_EDGE ( 'NONE', *, *, #987, .F. ) ;
#1091 = ORIENTED_EDGE ( 'NONE', *, *, #6359, .F. ) ;
#1092 = ADVANCED_FACE ( 'NONE', ( #1067 ), #1846, .F. ) ;
#1093 = EDGE_LOOP ( 'NONE', ( #3886, #390, #4267, #1315 ) ) ;
#1094 = VECTOR ( 'NONE', #920, 1000.000000000000114 ) ;
#1095 = DIRECTION ( 'NONE',  ( -0.8195017574610932165, 0.000000000000000000, -0.5730766698428575445 ) ) ;
#1096 = ORIENTED_EDGE ( 'NONE', *, *, #5966, .T. ) ;
#1097 = CARTESIAN_POINT ( 'NONE',  ( 0.4782302799131891158, -0.1473724245436886238, 0.8338573165359526307 ) ) ;
#1098 = CARTESIAN_POINT ( 'NONE',  ( 0.6105945004202757431, -0.1442935096704878739, 0.7424261451638811682 ) ) ;
#1099 = ORIENTED_EDGE ( 'NONE', *, *, #7928, .F. ) ;
#1100 = AXIS2_PLACEMENT_3D ( 'NONE', #10119, #8719, #6218 ) ;
#1101 = CARTESIAN_POINT ( 'NONE',  ( 0.2693968139907002568, 2.000000000000000000, -2.132495364928979509 ) ) ;
#1102 = ORIENTED_EDGE ( 'NONE', *, *, #2568, .F. ) ;
#1103 = VERTEX_POINT ( 'NONE', #279 ) ;
#1104 = EDGE_CURVE ( 'NONE', #1923, #5397, #1165, .T. ) ;
#1105 = DIRECTION ( 'NONE',  ( -0.000000000000000000, 1.000000000000000000, -0.000000000000000000 ) ) ;
#1106 = CARTESIAN_POINT ( 'NONE',  ( 2.119107720340032142, -0.1453987955827127088, -0.7379513846696512669 ) ) ;
#1107 = DIRECTION ( 'NONE',  ( 0.4041033210507404827, 0.000000000000000000, 0.9147133463089747174 ) ) ;
#1108 = EDGE_CURVE ( 'NONE', #9013, #4116, #3625, .T. ) ;
#1109 = VECTOR ( 'NONE', #5122, 1000.000000000000000 ) ;
#1110 = DIRECTION ( 'NONE',  ( 0.5204888928356471434, 0.000000000000000000, 0.8538684397696885142 ) ) ;
#1111 = VERTEX_POINT ( 'NONE', #9001 ) ;
#1112 = FACE_OUTER_BOUND ( 'NONE', #4697, .T. ) ;
#1113 = ORIENTED_EDGE ( 'NONE', *, *, #8910, .F. ) ;
#1114 = EDGE_CURVE ( 'NONE', #4592, #6765, #330, .T. ) ;
#1115 = ADVANCED_FACE ( 'NONE', ( #6759 ), #6657, .F. ) ;
#1116 = CARTESIAN_POINT ( 'NONE',  ( 0.9605295310403396680, -0.1447179299707544164, -0.03748659714900877404 ) ) ;
#1117 = ORIENTED_EDGE ( 'NONE', *, *, #8166, .T. ) ;
#1118 = PLANE ( 'NONE',  #3034 ) ;
#1119 = CARTESIAN_POINT ( 'NONE',  ( 2.014635500889852882, -2.981555974335137194E-16, -0.7492362266910297386 ) ) ;
#1120 = CARTESIAN_POINT ( 'NONE',  ( -2.009908089764438355, 2.000000000000000000, -0.9977270404474622989 ) ) ;
#1121 = DIRECTION ( 'NONE',  ( 0.000000000000000000, 1.000000000000000000, -0.000000000000000000 ) ) ;
#1122 = CARTESIAN_POINT ( 'NONE',  ( 0.6705776782266664737, -0.1456470276146848986, -0.6887291212301976939 ) ) ;
#1123 = VECTOR ( 'NONE', #2386, 1000.000000000000114 ) ;
#1124 = ORIENTED_EDGE ( 'NONE', *, *, #6014, .T. ) ;
#1125 = ORIENTED_EDGE ( 'NONE', *, *, #4672, .T. ) ;
#1126 = DIRECTION ( 'NONE',  ( 0.1696083962828272285, 0.000000000000000000, 0.9855115381924086648 ) ) ;
#1127 = VERTEX_POINT ( 'NONE', #436 ) ;
#1128 = ORIENTED_EDGE ( 'NONE', *, *, #10074, .F. ) ;
#1129 = EDGE_CURVE ( 'NONE', #7454, #2436, #2053, .T. ) ;
#1130 = DIRECTION ( 'NONE',  ( -0.5382568124111074548, 0.000000000000000000, 0.8427808753721420798 ) ) ;
#1131 = VECTOR ( 'NONE', #2150, 1000.000000000000114 ) ;
#1132 = CARTESIAN_POINT ( 'NONE',  ( 0.8695550808796884690, -0.1442935096704878739, 2.068589794487275313 ) ) ;
#1133 = CARTESIAN_POINT ( 'NONE',  ( 0.1032326095015394379, -0.1453987955827127088, 0.9557014456941506086 ) ) ;
#1134 = DIRECTION ( 'NONE',  ( -0.9035967632308891107, 0.000000000000000000, 0.4283840443791767649 ) ) ;
#1135 = ORIENTED_EDGE ( 'NONE', *, *, #8963, .T. ) ;
#1136 = DIRECTION ( 'NONE',  ( -0.7450692948612637201, 0.000000000000000000, 0.6669870657328665908 ) ) ;
#1137 = CARTESIAN_POINT ( 'NONE',  ( -2.111371806538508533, 2.000000000000000000, 0.4027657127738601406 ) ) ;
#1138 = AXIS2_PLACEMENT_3D ( 'NONE', #2037, #6852, #10015 ) ;
#1139 = VERTEX_POINT ( 'NONE', #1119 ) ;
#1140 = EDGE_LOOP ( 'NONE', ( #9918, #9586, #5306, #6833 ) ) ;
#1141 = VERTEX_POINT ( 'NONE', #7480 ) ;
#1142 = CARTESIAN_POINT ( 'NONE',  ( 0.8770254568504708415, 2.000000000000000000, -0.3935080342287944344 ) ) ;
#1143 = AXIS2_PLACEMENT_3D ( 'NONE', #4246, #5770, #9614 ) ;
#1144 = ORIENTED_EDGE ( 'NONE', *, *, #7730, .F. ) ;
#1145 = LINE ( 'NONE', #1198, #1623 ) ;
#1147 = EDGE_CURVE ( 'NONE', #9556, #8356, #3522, .T. ) ;
#1146 = DIRECTION ( 'NONE',  ( -0.6555985552360034108, 0.000000000000000000, 0.7551096174546215734 ) ) ;
#1148 = DIRECTION ( 'NONE',  ( 0.7723462619080264657, 0.000000000000000000, -0.6352017409584912455 ) ) ;
#1149 = AXIS2_PLACEMENT_3D ( 'NONE', #9256, #4573, #2935 ) ;
#1150 = ORIENTED_EDGE ( 'NONE', *, *, #9421, .F. ) ;
#1151 = DIRECTION ( 'NONE',  ( 0.9501623903509414104, 0.000000000000000000, -0.3117554040631613788 ) ) ;
#1152 = DIRECTION ( 'NONE',  ( -0.5155608271417669863, 0.000000000000000000, -0.8568529824403349204 ) ) ;
#1153 = ORIENTED_EDGE ( 'NONE', *, *, #3719, .T. ) ;
#1154 = ORIENTED_EDGE ( 'NONE', *, *, #6203, .F. ) ;
#1155 = LINE ( 'NONE', #3562, #2316 ) ;
#1156 = CARTESIAN_POINT ( 'NONE',  ( 2.070264362223233956, -0.1460293543205271327, -0.5780281959734717701 ) ) ;
#1157 = PLANE ( 'NONE',  #6404 ) ;
#1158 = LINE ( 'NONE', #3513, #4070 ) ;
#1159 = ORIENTED_EDGE ( 'NONE', *, *, #5020, .F. ) ;
#1160 = DIRECTION ( 'NONE',  ( -0.000000000000000000, 1.000000000000000000, -0.000000000000000000 ) ) ;
#1161 = ORIENTED_EDGE ( 'NONE', *, *, #7676, .F. ) ;
#1162 = VECTOR ( 'NONE', #5630, 999.9999999999998863 ) ;
#1163 = PLANE ( 'NONE',  #5734 ) ;
#1164 = ORIENTED_EDGE ( 'NONE', *, *, #6075, .T. ) ;
#1165 = LINE ( 'NONE', #9104, #147 ) ;
#1166 = VECTOR ( 'NONE', #4387, 1000.000000000000000 ) ;
#1167 = LINE ( 'NONE', #3420, #670 ) ;
#1168 = VECTOR ( 'NONE', #3741, 1000.000000000000000 ) ;
#1169 = EDGE_CURVE ( 'NONE', #9010, #8198, #5309, .T. ) ;
#1170 = EDGE_CURVE ( 'NONE', #8985, #9224, #9308, .T. ) ;
#1171 = EDGE_CURVE ( 'NONE', #9860, #6758, #3777, .T. ) ;
#1172 = CARTESIAN_POINT ( 'NONE',  ( -0.8021835618679581392, -0.1454656455588212438, 0.5296449358157053755 ) ) ;
#1173 = FACE_OUTER_BOUND ( 'NONE', #7500, .T. ) ;
#1174 = VECTOR ( 'NONE', #2497, 999.9999999999998863 ) ;
#1175 = VERTEX_POINT ( 'NONE', #1477 ) ;
#1176 = DIRECTION ( 'NONE',  ( 0.000000000000000000, 0.000000000000000000, -1.000000000000000000 ) ) ;
#1177 = EDGE_CURVE ( 'NONE', #354, #5701, #6291, .T. ) ;
#1178 = ORIENTED_EDGE ( 'NONE', *, *, #10237, .T. ) ;
#1179 = CARTESIAN_POINT ( 'NONE',  ( 3.000384657911015863E-16, 4.200000000000000178, 2.450000000000000178 ) ) ;
#1180 = LINE ( 'NONE', #4370, #6563 ) ;
#1181 = VERTEX_POINT ( 'NONE', #9361 ) ;
#1182 = ORIENTED_EDGE ( 'NONE', *, *, #2512, .F. ) ;
#1183 = VECTOR ( 'NONE', #8614, 999.9999999999998863 ) ;
#1184 = DIRECTION ( 'NONE',  ( 0.1281906809831648564, 0.000000000000000000, -0.9917495396061811741 ) ) ;
#1185 = AXIS2_PLACEMENT_3D ( 'NONE', #3341, #944, #6484 ) ;
#1186 = DIRECTION ( 'NONE',  ( 0.3901695736214481069, 0.000000000000000000, -0.9207430172529452728 ) ) ;
#1187 = DIRECTION ( 'NONE',  ( -0.2716932703613611499, 0.000000000000000000, -0.9623838978496827012 ) ) ;
#1188 = DIRECTION ( 'NONE',  ( -0.6824443384624659936, 0.000000000000000000, -0.7309375656651716513 ) ) ;
#1189 = EDGE_CURVE ( 'NONE', #6071, #1038, #8579, .T. ) ;
#1190 = ORIENTED_EDGE ( 'NONE', *, *, #5129, .F. ) ;
#1191 = DIRECTION ( 'NONE',  ( -0.2514790358596445952, 0.000000000000000000, -0.9678627457047324079 ) ) ;
#1192 = PLANE ( 'NONE',  #1609 ) ;
#1193 = EDGE_LOOP ( 'NONE', ( #4372, #10157, #2828, #5006 ) ) ;
#1194 = ORIENTED_EDGE ( 'NONE', *, *, #273, .F. ) ;
#1195 = VERTEX_POINT ( 'NONE', #489 ) ;
#1196 = PLANE ( 'NONE',  #5688 ) ;
#1197 = VERTEX_POINT ( 'NONE', #8526 ) ;
#1198 = CARTESIAN_POINT ( 'NONE',  ( -0.3324718211827816794, -2.981555974335137194E-16, 0.9019338740095036444 ) ) ;
#1199 = CARTESIAN_POINT ( 'NONE',  ( 1.356673771595358735, -0.1483595806240759762, -1.787351687275285261 ) ) ;
#1200 = DIRECTION ( 'NONE',  ( -0.02382238369847871490, 0.000000000000000000, 0.9997162067481563108 ) ) ;
#1201 = VERTEX_POINT ( 'NONE', #3674 ) ;
#1202 = DIRECTION ( 'NONE',  ( -0.000000000000000000, 1.000000000000000000, -0.000000000000000000 ) ) ;
#1203 = AXIS2_PLACEMENT_3D ( 'NONE', #1453, #6890, #8501 ) ;
#1204 = ORIENTED_EDGE ( 'NONE', *, *, #3250, .T. ) ;
#1205 = ORIENTED_EDGE ( 'NONE', *, *, #4356, .F. ) ;
#1206 = EDGE_CURVE ( 'NONE', #10329, #3591, #1426, .T. ) ;
#1207 = CARTESIAN_POINT ( 'NONE',  ( -0.8695550808797160025, 2.000000000000000000, 2.068589794487263323 ) ) ;
#1208 = FACE_OUTER_BOUND ( 'NONE', #9643, .T. ) ;
#1209 = VECTOR ( 'NONE', #7836, 1000.000000000000227 ) ;
#1210 = VERTEX_POINT ( 'NONE', #7075 ) ;
#1211 = PLANE ( 'NONE',  #9388 ) ;
#1212 = DIRECTION ( 'NONE',  ( 0.08654807566955789733, 0.000000000000000000, -0.9962476753287288211 ) ) ;
#1213 = VECTOR ( 'NONE', #9249, 1000.000000000000000 ) ;
#1214 = VERTEX_POINT ( 'NONE', #2106 ) ;
#1215 = LINE ( 'NONE', #486, #8554 ) ;
#1216 = ORIENTED_EDGE ( 'NONE', *, *, #201, .T. ) ;
#1217 = AXIS2_PLACEMENT_3D ( 'NONE', #1837, #6697, #5140 ) ;
#1218 = LINE ( 'NONE', #4412, #10180 ) ;
#1219 = CARTESIAN_POINT ( 'NONE',  ( -0.9576537852278307339, -2.981555974335137194E-16, 0.08319526792549286620 ) ) ;
#1220 = VECTOR ( 'NONE', #5311, 1000.000000000000114 ) ;
#1221 = EDGE_CURVE ( 'NONE', #8426, #9316, #6865, .T. ) ;
#1222 = CARTESIAN_POINT ( 'NONE',  ( 0.9605295310403387798, -2.981555974335137194E-16, 0.03748659714902839724 ) ) ;
#1223 = DIRECTION ( 'NONE',  ( -0.6976022685502245579, 0.000000000000000000, -0.7164852230950616852 ) ) ;
#1224 = DIRECTION ( 'NONE',  ( 0.9060498331306389153, 0.000000000000000000, 0.4231710054858927039 ) ) ;
#1225 = VECTOR ( 'NONE', #4328, 1000.000000000000000 ) ;
#1226 = ORIENTED_EDGE ( 'NONE', *, *, #7251, .T. ) ;
#1227 = DIRECTION ( 'NONE',  ( -0.002880682490137731477, 0.000000000000000000, -0.9999958508255877287 ) ) ;
#1228 = VERTEX_POINT ( 'NONE', #9468 ) ;
#1229 = DIRECTION ( 'NONE',  ( -0.000000000000000000, 1.000000000000000000, 0.000000000000000000 ) ) ;
#1230 = ORIENTED_EDGE ( 'NONE', *, *, #1377, .T. ) ;
#1231 = ADVANCED_FACE ( 'NONE', ( #2314 ), #8421, .F. ) ;
#1232 = ADVANCED_FACE ( 'NONE', ( #1375 ), #5468, .F. ) ;
#1233 = CARTESIAN_POINT ( 'NONE',  ( 0.000000000000000000, 4.200000000000000178, 3.600000000000000089 ) ) ;
#1234 = ADVANCED_FACE ( 'NONE', ( #10248 ), #644, .F. ) ;
#1235 = CARTESIAN_POINT ( 'NONE',  ( 0.8742577899074580605, -0.1442935096704878739, 1.963615146004443091 ) ) ;
#1236 = EDGE_CURVE ( 'NONE', #8620, #5334, #7793, .T. ) ;
#1237 = VECTOR ( 'NONE', #1005, 1000.000000000000000 ) ;
#1238 = VECTOR ( 'NONE', #3627, 1000.000000000000000 ) ;
#1239 = CARTESIAN_POINT ( 'NONE',  ( 0.6705776782266618108, 2.000000000000000000, 0.6887291212302023569 ) ) ;
#1240 = LINE ( 'NONE', #1396, #9595 ) ;
#1241 = ORIENTED_EDGE ( 'NONE', *, *, #2655, .T. ) ;
#1242 = CARTESIAN_POINT ( 'NONE',  ( -1.861473433499374330, -2.981555974335137194E-16, 1.074722187920194916 ) ) ;
#1243 = AXIS2_PLACEMENT_3D ( 'NONE', #8158, #5629, #7282 ) ;
#1244 = DIRECTION ( 'NONE',  ( -0.9692955389115962550, 0.000000000000000000, 0.2458986747546196838 ) ) ;
#1245 = ORIENTED_EDGE ( 'NONE', *, *, #8166, .F. ) ;
#1246 = VECTOR ( 'NONE', #1656, 999.9999999999998863 ) ;
#1247 = ORIENTED_EDGE ( 'NONE', *, *, #4827, .F. ) ;
#1248 = EDGE_LOOP ( 'NONE', ( #6894, #7005, #2294, #8310 ) ) ;
#1249 = EDGE_CURVE ( 'NONE', #744, #1486, #10135, .T. ) ;
#1250 = EDGE_CURVE ( 'NONE', #8877, #9775, #8475, .T. ) ;
#1251 = EDGE_CURVE ( 'NONE', #8041, #2299, #10190, .T. ) ;
#1252 = DIRECTION ( 'NONE',  ( 0.7947849549989060014, 0.000000000000000000, -0.6068911560629194346 ) ) ;
#1253 = DIRECTION ( 'NONE',  ( -0.3654446344290447346, 0.000000000000000000, -0.9308330780365628998 ) ) ;
#1254 = VERTEX_POINT ( 'NONE', #3043 ) ;
#1255 = DIRECTION ( 'NONE',  ( -0.9948188822373305040, 0.000000000000000000, 0.1016631277507650533 ) ) ;
#1256 = DIRECTION ( 'NONE',  ( 0.000000000000000000, -1.000000000000000000, 0.000000000000000000 ) ) ;
#1257 = ORIENTED_EDGE ( 'NONE', *, *, #7898, .F. ) ;
#1258 = DIRECTION ( 'NONE',  ( -0.1696083962828338343, 0.000000000000000000, 0.9855115381924075546 ) ) ;
#1259 = LINE ( 'NONE', #6064, #1306 ) ;
#1260 = ORIENTED_EDGE ( 'NONE', *, *, #5850, .F. ) ;
#1261 = EDGE_LOOP ( 'NONE', ( #4961, #86, #7985, #9494 ) ) ;
#1262 = EDGE_CURVE ( 'NONE', #5123, #8943, #6240, .T. ) ;
#1263 = AXIS2_PLACEMENT_3D ( 'NONE', #1700, #4844, #7193 ) ;
#1264 = DIRECTION ( 'NONE',  ( 0.7164852230950471412, 0.000000000000000000, 0.6976022685502396570 ) ) ;
#1265 = ORIENTED_EDGE ( 'NONE', *, *, #3537, .T. ) ;
#1266 = LINE ( 'NONE', #2877, #1213 ) ;
#1267 = DIRECTION ( 'NONE',  ( -0.2050930954896678649, 0.000000000000000000, -0.9787424697960470654 ) ) ;
#1268 = DIRECTION ( 'NONE',  ( 0.9896890471220229912, 0.000000000000000000, 0.1432326429509068466 ) ) ;
#1269 = EDGE_CURVE ( 'NONE', #6739, #6535, #4466, .T. ) ;
#1270 = EDGE_LOOP ( 'NONE', ( #4254, #7799, #9130, #6988 ) ) ;
#1271 = SURFACE_STYLE_USAGE ( .BOTH. , #2048 ) ;
#1272 = VERTEX_POINT ( 'NONE', #2462 ) ;
#1273 = VECTOR ( 'NONE', #6282, 999.9999999999998863 ) ;
#1274 = CARTESIAN_POINT ( 'NONE',  ( 0.1376839174504019270, -2.981555974335137194E-16, -0.9513492333743153173 ) ) ;
#1275 = DIRECTION ( 'NONE',  ( -0.2050930954896811875, 0.000000000000000000, 0.9787424697960442899 ) ) ;
#1276 = LINE ( 'NONE', #490, #4 ) ;
#1277 = DIRECTION ( 'NONE',  ( 0.000000000000000000, -1.000000000000000000, 0.000000000000000000 ) ) ;
#1278 = CARTESIAN_POINT ( 'NONE',  ( -0.2345538076625606205, -3.006278401112418225E-16, -2.231630410227371186 ) ) ;
#1279 = VERTEX_POINT ( 'NONE', #1530 ) ;
#1280 = ADVANCED_FACE ( 'NONE', ( #2513 ), #66, .F. ) ;
#1281 = ORIENTED_EDGE ( 'NONE', *, *, #1060, .F. ) ;
#1282 = EDGE_CURVE ( 'NONE', #8290, #853, #952, .T. ) ;
#1283 = CARTESIAN_POINT ( 'NONE',  ( -0.7821687833936645795, -3.006278401112418225E-16, -2.103188477247120325 ) ) ;
#1284 = ORIENTED_EDGE ( 'NONE', *, *, #1314, .T. ) ;
#1285 = ORIENTED_EDGE ( 'NONE', *, *, #747, .F. ) ;
#1286 = DIRECTION ( 'NONE',  ( -0.9382822259387160191, 0.000000000000000000, -0.3458705892201420773 ) ) ;
#1287 = ADVANCED_FACE ( 'NONE', ( #4877 ), #5714, .F. ) ;
#1288 = DIRECTION ( 'NONE',  ( -0.1639277132441447071, 0.000000000000000000, 0.9864723538095456767 ) ) ;
#1289 = VECTOR ( 'NONE', #7858, 1000.000000000000114 ) ;
#1290 = FACE_OUTER_BOUND ( 'NONE', #7603, .T. ) ;
#1291 = FACE_OUTER_BOUND ( 'NONE', #6437, .T. ) ;
#1292 = DIRECTION ( 'NONE',  ( 0.000000000000000000, -1.000000000000000000, 0.000000000000000000 ) ) ;
#1293 = ORIENTED_EDGE ( 'NONE', *, *, #8910, .T. ) ;
#1294 = CARTESIAN_POINT ( 'NONE',  ( -1.712096752485716245, -0.1487670180785271301, -1.299552167079023102 ) ) ;
#1295 = DIRECTION ( 'NONE',  ( 0.4093665898583241924, 0.000000000000000000, -0.9123699880573487020 ) ) ;
#1296 = ORIENTED_EDGE ( 'NONE', *, *, #8664, .F. ) ;
#1297 = EDGE_LOOP ( 'NONE', ( #5314, #196, #1438, #2521 ) ) ;
#1298 = FACE_OUTER_BOUND ( 'NONE', #820, .T. ) ;
#1299 = ADVANCED_FACE ( 'NONE', ( #4134 ), #4089, .F. ) ;
#1300 = VECTOR ( 'NONE', #6790, 1000.000000000000000 ) ;
#1301 = ORIENTED_EDGE ( 'NONE', *, *, #4410, .F. ) ;
#1302 = ORIENTED_EDGE ( 'NONE', *, *, #2086, .T. ) ;
#1303 = DIRECTION ( 'NONE',  ( 0.9997162067481566439, 0.000000000000000000, -0.02382238369846467058 ) ) ;
#1304 = DIRECTION ( 'NONE',  ( 0.2050930954896879599, 0.000000000000000000, -0.9787424697960427356 ) ) ;
#1305 = DIRECTION ( 'NONE',  ( -0.02382238369847172743, 0.000000000000000000, -0.9997162067481565328 ) ) ;
#1306 = VECTOR ( 'NONE', #2762, 1000.000000000000114 ) ;
#1307 = EDGE_CURVE ( 'NONE', #2843, #8083, #8882, .T. ) ;
#1308 = ADVANCED_FACE ( 'NONE', ( #4829 ), #802, .F. ) ;
#1309 = ORIENTED_EDGE ( 'NONE', *, *, #6786, .T. ) ;
#1310 = CARTESIAN_POINT ( 'NONE',  ( 0.9554158832771028065, -0.1442935096704870135, -2.030362102316336959 ) ) ;
#1311 = EDGE_CURVE ( 'NONE', #8997, #9415, #3202, .T. ) ;
#1312 = CARTESIAN_POINT ( 'NONE',  ( -0.5789693251283276609, 2.000000000000000000, 0.7673439551640682810 ) ) ;
#1313 = ORIENTED_EDGE ( 'NONE', *, *, #9601, .F. ) ;
#1314 = EDGE_CURVE ( 'NONE', #4745, #7349, #4726, .T. ) ;
#1315 = ORIENTED_EDGE ( 'NONE', *, *, #5582, .F. ) ;
#1316 = ORIENTED_EDGE ( 'NONE', *, *, #6662, .T. ) ;
#1317 = VECTOR ( 'NONE', #10105, 1000.000000000000000 ) ;
#1318 = CARTESIAN_POINT ( 'NONE',  ( 0.02289952236473404013, 2.000000000000000000, -0.9609879483333043648 ) ) ;
#1319 = ORIENTED_EDGE ( 'NONE', *, *, #6914, .T. ) ;
#1320 = CARTESIAN_POINT ( 'NONE',  ( 1.635749363218296670, -3.006278401112418225E-16, 1.536070895913177692 ) ) ;
#1321 = EDGE_CURVE ( 'NONE', #5707, #240, #1583, .T. ) ;
#1322 = CARTESIAN_POINT ( 'NONE',  ( -0.3699492575029198482, 2.000000000000000000, 0.8872202499038357448 ) ) ;
#1323 = EDGE_LOOP ( 'NONE', ( #2270, #1707, #2734, #224 ) ) ;
#1324 = PLANE ( 'NONE',  #6424 ) ;
#1325 = ORIENTED_EDGE ( 'NONE', *, *, #6243, .F. ) ;
#1326 = FACE_OUTER_BOUND ( 'NONE', #3964, .T. ) ;
#1327 = CARTESIAN_POINT ( 'NONE',  ( -0.9408267182697711561, 2.000000000000000000, -0.1971479423075970239 ) ) ;
#1328 = DIRECTION ( 'NONE',  ( -0.8848652934418774763, 0.000000000000000000, 0.4658469839572003113 ) ) ;
#1329 = LINE ( 'NONE', #6867, #2224 ) ;
#1330 = DIRECTION ( 'NONE',  ( -0.8749152647210679534, 0.000000000000000000, 0.4842760365308856896 ) ) ;
#1331 = ORIENTED_EDGE ( 'NONE', *, *, #7991, .T. ) ;
#1332 = ORIENTED_EDGE ( 'NONE', *, *, #800, .F. ) ;
#1333 = CARTESIAN_POINT ( 'NONE',  ( -2.145202938358542255, 2.000000000000000000, 0.1349647290583720627 ) ) ;
#1334 = FACE_OUTER_BOUND ( 'NONE', #6330, .T. ) ;
#1335 = ORIENTED_EDGE ( 'NONE', *, *, #5221, .T. ) ;
#1336 = ORIENTED_EDGE ( 'NONE', *, *, #6963, .T. ) ;
#1337 = DIRECTION ( 'NONE',  ( -0.08080691660714134361, 0.000000000000000000, -0.9967297739249322275 ) ) ;
#1338 = LINE ( 'NONE', #6976, #4464 ) ;
#1339 = VECTOR ( 'NONE', #3171, 999.9999999999998863 ) ;
#1340 = EDGE_CURVE ( 'NONE', #4013, #506, #1735, .T. ) ;
#1341 = LINE ( 'NONE', #1493, #1671 ) ;
#1342 = DIRECTION ( 'NONE',  ( 0.000000000000000000, 0.000000000000000000, -1.000000000000000000 ) ) ;
#1343 = CARTESIAN_POINT ( 'NONE',  ( 1.335122602884941667, -2.981555974335137194E-16, 1.684505494231960387 ) ) ;
#1344 = LINE ( 'NONE', #2122, #2922 ) ;
#1345 = ORIENTED_EDGE ( 'NONE', *, *, #5356, .T. ) ;
#1346 = LINE ( 'NONE', #1398, #6949 ) ;
#1347 = ORIENTED_EDGE ( 'NONE', *, *, #963, .T. ) ;
#1348 = VECTOR ( 'NONE', #4619, 1000.000000000000000 ) ;
#1349 = ORIENTED_EDGE ( 'NONE', *, *, #7681, .F. ) ;
#1350 = ORIENTED_EDGE ( 'NONE', *, *, #7053, .F. ) ;
#1351 = LINE ( 'NONE', #9231, #9547 ) ;
#1352 = LINE ( 'NONE', #9393, #9311 ) ;
#1353 = DIRECTION ( 'NONE',  ( 0.7551096174546304551, 0.000000000000000000, -0.6555985552359933077 ) ) ;
#1354 = CARTESIAN_POINT ( 'NONE',  ( 1.869011007952391168, -0.1478946242935122724, -1.241767944784117228 ) ) ;
#1355 = ORIENTED_EDGE ( 'NONE', *, *, #5094, .T. ) ;
#1356 = DIRECTION ( 'NONE',  ( 0.9787424697960470654, 0.000000000000000000, -0.2050930954896678371 ) ) ;
#1357 = CARTESIAN_POINT ( 'NONE',  ( 0.6212577703813537688, -2.981555974335137194E-16, -2.057705009852653699 ) ) ;
#1358 = ORIENTED_EDGE ( 'NONE', *, *, #2887, .F. ) ;
#1359 = LINE ( 'NONE', #419, #6851 ) ;
#1360 = VECTOR ( 'NONE', #8965, 1000.000000000000000 ) ;
#1361 = VERTEX_POINT ( 'NONE', #3299 ) ;
#1362 = EDGE_CURVE ( 'NONE', #6715, #6050, #9518, .T. ) ;
#1363 = EDGE_CURVE ( 'NONE', #8298, #4630, #2364, .T. ) ;
#1364 = EDGE_CURVE ( 'NONE', #6328, #4185, #9567, .T. ) ;
#1365 = LINE ( 'NONE', #3032, #6524 ) ;
#1366 = EDGE_CURVE ( 'NONE', #9788, #3500, #7903, .T. ) ;
#1367 = ORIENTED_EDGE ( 'NONE', *, *, #5592, .F. ) ;
#1368 = VECTOR ( 'NONE', #9373, 1000.000000000000114 ) ;
#1369 = DIRECTION ( 'NONE',  ( 0.9817433889756542742, 0.000000000000000000, 0.1902101947914392743 ) ) ;
#1370 = CARTESIAN_POINT ( 'NONE',  ( -2.014635500889842668, -2.981555974335137194E-16, -0.7492362266910574942 ) ) ;
#1371 = EDGE_LOOP ( 'NONE', ( #7391, #8548, #10178, #9882 ) ) ;
#1372 = DIRECTION ( 'NONE',  ( -0.9998368636726747694, 0.000000000000000000, -0.01806228228073674877 ) ) ;
#1373 = ORIENTED_EDGE ( 'NONE', *, *, #10133, .F. ) ;
#1374 = DIRECTION ( 'NONE',  ( -0.9896890471220239904, 0.000000000000000000, -0.1432326429508999632 ) ) ;
#1375 = FACE_OUTER_BOUND ( 'NONE', #3480, .T. ) ;
#1376 = VECTOR ( 'NONE', #1708, 999.9999999999998863 ) ;
#1377 = EDGE_CURVE ( 'NONE', #3000, #884, #7131, .T. ) ;
#1378 = CARTESIAN_POINT ( 'NONE',  ( -0.1408970818120470758, -3.006278401112418225E-16, -2.239494985231588409 ) ) ;
#1379 = DIRECTION ( 'NONE',  ( 0.03899732433764601519, 0.000000000000000000, -0.9992393150264378132 ) ) ;
#1380 = VECTOR ( 'NONE', #1027, 1000.000000000000000 ) ;
#1381 = LINE ( 'NONE', #10031, #8076 ) ;
#1382 = CARTESIAN_POINT ( 'NONE',  ( 0.8792780351554272400, -2.981555974335137194E-16, -0.3884486605197628450 ) ) ;
#1383 = VECTOR ( 'NONE', #9301, 1000.000000000000114 ) ;
#1384 = ORIENTED_EDGE ( 'NONE', *, *, #2628, .F. ) ;
#1385 = VECTOR ( 'NONE', #4474, 1000.000000000000000 ) ;
#1386 = VERTEX_POINT ( 'NONE', #3995 ) ;
#1387 = PLANE ( 'NONE',  #7064 ) ;
#1388 = VERTEX_POINT ( 'NONE', #15 ) ;
#1389 = ORIENTED_EDGE ( 'NONE', *, *, #6733, .F. ) ;
#1390 = LINE ( 'NONE', #4373, #3538 ) ;
#1391 = PLANE ( 'NONE',  #8955 ) ;
#1392 = LINE ( 'NONE', #558, #3844 ) ;
#1393 = VECTOR ( 'NONE', #244, 1000.000000000000114 ) ;
#1394 = LINE ( 'NONE', #3795, #3061 ) ;
#1395 = DIRECTION ( 'NONE',  ( -0.000000000000000000, 1.000000000000000000, -0.000000000000000000 ) ) ;
#1396 = CARTESIAN_POINT ( 'NONE',  ( 0.06312143415530466206, 2.000000000000000000, -0.9591860661605567939 ) ) ;
#1397 = ORIENTED_EDGE ( 'NONE', *, *, #5640, .T. ) ;
#1398 = CARTESIAN_POINT ( 'NONE',  ( -2.145202938358541811, -0.1433794608872670517, 0.1349647290583720349 ) ) ;
#1399 = ORIENTED_EDGE ( 'NONE', *, *, #9476, .T. ) ;
#1400 = EDGE_CURVE ( 'NONE', #9736, #4229, #6396, .T. ) ;
#1401 = ORIENTED_EDGE ( 'NONE', *, *, #4468, .T. ) ;
#1402 = CARTESIAN_POINT ( 'NONE',  ( 0.5833806464172418549, 2.000000000000000000, 0.7639955800606361702 ) ) ;
#1403 = CARTESIAN_POINT ( 'NONE',  ( -1.501477460193428204, 2.000000000000000000, 1.667559658024768243 ) ) ;
#1404 = CARTESIAN_POINT ( 'NONE',  ( 0.8410217014933238922, 2.000000000000000000, -0.4655155449430893322 ) ) ;
#1405 = CARTESIAN_POINT ( 'NONE',  ( -1.815371723283503380, -0.1487670180785271301, 1.318944761103839625 ) ) ;
#1406 = ORIENTED_EDGE ( 'NONE', *, *, #5655, .T. ) ;
#1407 = CARTESIAN_POINT ( 'NONE',  ( 0.06312143415530466206, -0.1447218629912427057, -0.9591860661605567939 ) ) ;
#1408 = CARTESIAN_POINT ( 'NONE',  ( 2.212499041939553823, 2.000000000000000000, -0.3742162021574441111 ) ) ;
#1409 = ORIENTED_EDGE ( 'NONE', *, *, #8942, .F. ) ;
#1410 = CARTESIAN_POINT ( 'NONE',  ( -0.8947733005277485052, -2.981555974335137194E-16, 0.3512875825147625530 ) ) ;
#1411 = VECTOR ( 'NONE', #4320, 999.9999999999998863 ) ;
#1412 = DIRECTION ( 'NONE',  ( -0.9229756359820493472, 0.000000000000000000, -0.3848583835432607403 ) ) ;
#1413 = VERTEX_POINT ( 'NONE', #7998 ) ;
#1414 = EDGE_CURVE ( 'NONE', #5689, #9733, #846, .T. ) ;
#1415 = LINE ( 'NONE', #2146, #2506 ) ;
#1416 = EDGE_CURVE ( 'NONE', #1824, #2663, #317, .T. ) ;
#1417 = ORIENTED_EDGE ( 'NONE', *, *, #1938, .T. ) ;
#1418 = CARTESIAN_POINT ( 'NONE',  ( 0.000000000000000000, -22.29461818466508305, 3.600000000000000089 ) ) ;
#1419 = CARTESIAN_POINT ( 'NONE',  ( -0.2221997420524755296, 2.000000000000000000, 0.9352269775825545750 ) ) ;
#1420 = CARTESIAN_POINT ( 'NONE',  ( -0.09000938839285330118, -2.981555974335137194E-16, -2.147558947929734341 ) ) ;
#1421 = ORIENTED_EDGE ( 'NONE', *, *, #5286, .F. ) ;
#1422 = CARTESIAN_POINT ( 'NONE',  ( -2.236053101125678122, 2.000000000000000000, -0.1877666250610747489 ) ) ;
#1423 = ORIENTED_EDGE ( 'NONE', *, *, #9476, .F. ) ;
#1424 = EDGE_CURVE ( 'NONE', #9332, #8974, #5872, .T. ) ;
#1425 = LINE ( 'NONE', #4465, #4024 ) ;
#1426 = LINE ( 'NONE', #591, #9642 ) ;
#1427 = PLANE ( 'NONE',  #6579 ) ;
#1428 = DIRECTION ( 'NONE',  ( 0.000000000000000000, -1.000000000000000000, 0.000000000000000000 ) ) ;
#1429 = CARTESIAN_POINT ( 'NONE',  ( -0.6705776782266571479, -0.1456470276146848986, -0.6887291212302067978 ) ) ;
#1430 = CARTESIAN_POINT ( 'NONE',  ( 2.241954552820975000, 2.000000000000000000, -0.09396573644626109167 ) ) ;
#1431 = EDGE_CURVE ( 'NONE', #4976, #4656, #5822, .T. ) ;
#1432 = ORIENTED_EDGE ( 'NONE', *, *, #5532, .F. ) ;
#1433 = EDGE_CURVE ( 'NONE', #8638, #2941, #5924, .T. ) ;
#1434 = ORIENTED_EDGE ( 'NONE', *, *, #2887, .T. ) ;
#1435 = VECTOR ( 'NONE', #9862, 1000.000000000000114 ) ;
#1436 = DIRECTION ( 'NONE',  ( 0.000000000000000000, -1.000000000000000000, 0.000000000000000000 ) ) ;
#1437 = ORIENTED_EDGE ( 'NONE', *, *, #1104, .T. ) ;
#1438 = ORIENTED_EDGE ( 'NONE', *, *, #3661, .F. ) ;
#1439 = CARTESIAN_POINT ( 'NONE',  ( -2.145202938358540923, -0.1433794608872670517, -0.1349647290583870229 ) ) ;
#1440 = LINE ( 'NONE', #8487, #1289 ) ;
#1441 = DIRECTION ( 'NONE',  ( 0.6712685943056559967, 0.000000000000000000, 0.7412141892185474257 ) ) ;
#1442 = AXIS2_PLACEMENT_3D ( 'NONE', #3694, #9023, #4433 ) ;
#1443 = CARTESIAN_POINT ( 'NONE',  ( -1.430330258545863487, -0.1496419838468801000, -1.728972275089657895 ) ) ;
#1444 = CARTESIAN_POINT ( 'NONE',  ( -0.7026215908543927968, 2.000000000000000000, 0.6560069550177258790 ) ) ;
#1445 = DIRECTION ( 'NONE',  ( 0.000000000000000000, 0.000000000000000000, -1.000000000000000000 ) ) ;
#1446 = FACE_OUTER_BOUND ( 'NONE', #8524, .T. ) ;
#1447 = ORIENTED_EDGE ( 'NONE', *, *, #7873, .F. ) ;
#1448 = LINE ( 'NONE', #10267, #6476 ) ;
#1449 = ORIENTED_EDGE ( 'NONE', *, *, #7809, .T. ) ;
#1450 = ORIENTED_EDGE ( 'NONE', *, *, #7356, .T. ) ;
#1451 = ADVANCED_FACE ( 'NONE', ( #3509 ), #9092, .F. ) ;
#1452 = ORIENTED_EDGE ( 'NONE', *, *, #5078, .F. ) ;
#1453 = CARTESIAN_POINT ( 'NONE',  ( 0.2611680761981650667, -0.1456920279732068779, -0.9251018651701748974 ) ) ;
#1454 = PLANE ( 'NONE',  #4312 ) ;
#1455 = CARTESIAN_POINT ( 'NONE',  ( 0.2558339143048314890, -0.1498172852299859137, 0.9265911899310586008 ) ) ;
#1456 = CARTESIAN_POINT ( 'NONE',  ( 0.6452641508340518639, -2.981555974335137194E-16, -0.7125001056945863276 ) ) ;
#1457 = VERTEX_POINT ( 'NONE', #8148 ) ;
#1458 = CARTESIAN_POINT ( 'NONE',  ( 0.8410217014933205615, -0.1427855095417420173, 0.4655155449430952164 ) ) ;
#1459 = CARTESIAN_POINT ( 'NONE',  ( -0.3699492575029016961, -0.1496419838468801000, -0.8872202499038435164 ) ) ;
#1460 = AXIS2_PLACEMENT_3D ( 'NONE', #5552, #8029, #4861 ) ;
#1461 = ORIENTED_EDGE ( 'NONE', *, *, #2057, .F. ) ;
#1462 = LINE ( 'NONE', #4764, #2000 ) ;
#1463 = DIRECTION ( 'NONE',  ( 0.000000000000000000, 1.000000000000000000, -0.000000000000000000 ) ) ;
#1464 = VERTEX_POINT ( 'NONE', #7419 ) ;
#1465 = LINE ( 'NONE', #5242, #4859 ) ;
#1466 = AXIS2_PLACEMENT_3D ( 'NONE', #9864, #7516, #2608 ) ;
#1467 = EDGE_CURVE ( 'NONE', #8193, #1214, #1155, .T. ) ;
#1468 = ORIENTED_EDGE ( 'NONE', *, *, #6358, .F. ) ;
#1469 = CARTESIAN_POINT ( 'NONE',  ( 1.815371723283513372, 2.000000000000000000, -1.318944761103827412 ) ) ;
#1470 = CARTESIAN_POINT ( 'NONE',  ( 0.7912632493768595454, -0.1450903546745302697, -1.998502838381145397 ) ) ;
#1471 = DIRECTION ( 'NONE',  ( -0.000000000000000000, 1.000000000000000000, 0.000000000000000000 ) ) ;
#1472 = VECTOR ( 'NONE', #5328, 1000.000000000000114 ) ;
#1473 = ORIENTED_EDGE ( 'NONE', *, *, #5149, .F. ) ;
#1474 = CARTESIAN_POINT ( 'NONE',  ( 0.4478004200876929408, -2.981555974335137194E-16, -0.8505862735405930186 ) ) ;
#1475 = ORIENTED_EDGE ( 'NONE', *, *, #7782, .F. ) ;
#1476 = FACE_OUTER_BOUND ( 'NONE', #6718, .T. ) ;
#1477 = CARTESIAN_POINT ( 'NONE',  ( -1.919371412219104789, -3.006278401112418225E-16, 1.162412645533686728 ) ) ;
#1478 = CARTESIAN_POINT ( 'NONE',  ( 0.4428924704590154193, 2.000000000000000000, 0.8531520876005035392 ) ) ;
#1479 = VECTOR ( 'NONE', #9659, 1000.000000000000000 ) ;
#1480 = LINE ( 'NONE', #114, #9331 ) ;
#1481 = CARTESIAN_POINT ( 'NONE',  ( 0.8792780351554272400, -0.1494084084223078757, -0.3884486605197628450 ) ) ;
#1482 = ORIENTED_EDGE ( 'NONE', *, *, #1262, .T. ) ;
#1483 = ORIENTED_EDGE ( 'NONE', *, *, #4243, .F. ) ;
#1484 = PLANE ( 'NONE',  #1911 ) ;
#1485 = CARTESIAN_POINT ( 'NONE',  ( 1.121961427204648754, -3.006278401112418225E-16, 1.943294196050997735 ) ) ;
#1486 = VERTEX_POINT ( 'NONE', #1207 ) ;
#1487 = ORIENTED_EDGE ( 'NONE', *, *, #1250, .T. ) ;
#1488 = DIRECTION ( 'NONE',  ( -0.9864723538095456767, 0.000000000000000000, -0.1639277132441447071 ) ) ;
#1489 = LINE ( 'NONE', #9272, #9787 ) ;
#1490 = EDGE_CURVE ( 'NONE', #2361, #2926, #1888, .T. ) ;
#1491 = EDGE_CURVE ( 'NONE', #1457, #4680, #7574, .T. ) ;
#1492 = ADVANCED_FACE ( 'NONE', ( #7469 ), #9869, .F. ) ;
#1493 = CARTESIAN_POINT ( 'NONE',  ( -1.869011007952374293, -0.1467932918244574947, -1.241767944784143207 ) ) ;
#1494 = CARTESIAN_POINT ( 'NONE',  ( -0.8436897371696940873, 2.000000000000000000, 0.4606624060642665053 ) ) ;
#1495 = DIRECTION ( 'NONE',  ( 0.8875345109941177313, 0.000000000000000000, 0.4607412416904224095 ) ) ;
#1496 = CARTESIAN_POINT ( 'NONE',  ( -0.5345450792948667207, 2.000000000000000000, -2.081915628221654213 ) ) ;
#1497 = EDGE_CURVE ( 'NONE', #2017, #1361, #5041, .T. ) ;
#1498 = CARTESIAN_POINT ( 'NONE',  ( -0.7550506452478080721, -0.1438055149296448287, -0.5949123868917636226 ) ) ;
#1499 = ORIENTED_EDGE ( 'NONE', *, *, #4704, .F. ) ;
#1500 = CARTESIAN_POINT ( 'NONE',  ( 1.501477460193439306, -0.1496419838468801000, -1.667559658024756475 ) ) ;
#1501 = CARTESIAN_POINT ( 'NONE',  ( -0.9554158832770892618, -3.006278401112418225E-16, 2.030362102316344508 ) ) ;
#1502 = ORIENTED_EDGE ( 'NONE', *, *, #836, .T. ) ;
#1503 = VERTEX_POINT ( 'NONE', #9921 ) ;
#1504 = VECTOR ( 'NONE', #7954, 1000.000000000000227 ) ;
#1505 = ORIENTED_EDGE ( 'NONE', *, *, #288, .F. ) ;
#1506 = LINE ( 'NONE', #5641, #7047 ) ;
#1507 = CARTESIAN_POINT ( 'NONE',  ( -2.241954552820973667, -3.006278401112418225E-16, -0.09396573644629083177 ) ) ;
#1508 = DIRECTION ( 'NONE',  ( -0.9888474094770509648, 0.000000000000000000, 0.1489322019259954610 ) ) ;
#1509 = EDGE_CURVE ( 'NONE', #4699, #7200, #5969, .T. ) ;
#1510 = DIRECTION ( 'NONE',  ( -0.01806228228072287098, 0.000000000000000000, -0.9998368636726751024 ) ) ;
#1511 = VECTOR ( 'NONE', #3619, 1000.000000000000000 ) ;
#1512 = EDGE_LOOP ( 'NONE', ( #1113, #7708, #893, #52 ) ) ;
#1513 = FACE_OUTER_BOUND ( 'NONE', #4028, .T. ) ;
#1514 = VECTOR ( 'NONE', #2264, 1000.000000000000000 ) ;
#1515 = DIRECTION ( 'NONE',  ( 0.8875345109941177313, 0.000000000000000000, 0.4607412416904224095 ) ) ;
#1516 = VECTOR ( 'NONE', #8236, 1000.000000000000114 ) ;
#1517 = ORIENTED_EDGE ( 'NONE', *, *, #3911, .F. ) ;
#1518 = CARTESIAN_POINT ( 'NONE',  ( 1.121961427204648531, -0.1461575717926111573, 1.943294196050997513 ) ) ;
#1519 = CARTESIAN_POINT ( 'NONE',  ( 0.1798608697331147699, -0.1439142420261029232, -2.141905971878964365 ) ) ;
#1520 = ORIENTED_EDGE ( 'NONE', *, *, #3827, .T. ) ;
#1521 = CARTESIAN_POINT ( 'NONE',  ( -0.9210301919172702023, -0.1499342098531314116, 0.2751828674594820612 ) ) ;
#1522 = ORIENTED_EDGE ( 'NONE', *, *, #1017, .T. ) ;
#1523 = CARTESIAN_POINT ( 'NONE',  ( -0.1798608697330848216, -0.1439142420261020350, -2.141905971878966142 ) ) ;
#1524 = DIRECTION ( 'NONE',  ( 0.9035967632308861130, 0.000000000000000000, 0.4283840443791830377 ) ) ;
#1525 = DIRECTION ( 'NONE',  ( 0.7412141892185383218, 0.000000000000000000, 0.6712685943056660998 ) ) ;
#1526 = ORIENTED_EDGE ( 'NONE', *, *, #4662, .T. ) ;
#1527 = FACE_OUTER_BOUND ( 'NONE', #208, .T. ) ;
#1528 = VERTEX_POINT ( 'NONE', #5769 ) ;
#1529 = EDGE_CURVE ( 'NONE', #5173, #4285, #7368, .T. ) ;
#1530 = CARTESIAN_POINT ( 'NONE',  ( -0.6034353314822433756, -3.006278401112418225E-16, -2.161262496148836920 ) ) ;
#1531 = CARTESIAN_POINT ( 'NONE',  ( -0.7516106207556795260, -2.981555974335137194E-16, -0.5992526176276987693 ) ) ;
#1532 = CARTESIAN_POINT ( 'NONE',  ( 1.280637217848605847, -3.006278401112418225E-16, -1.842595477255266845 ) ) ;
#1533 = VECTOR ( 'NONE', #6493, 1000.000000000000000 ) ;
#1534 = CARTESIAN_POINT ( 'NONE',  ( -0.2693968139906703363, -0.1448052212307962827, -2.132495364928983062 ) ) ;
#1535 = VERTEX_POINT ( 'NONE', #1834 ) ;
#1536 = ORIENTED_EDGE ( 'NONE', *, *, #7332, .F. ) ;
#1537 = DIRECTION ( 'NONE',  ( 0.6866441927842316106, 0.000000000000000000, -0.7269936399417061823 ) ) ;
#1538 = VERTEX_POINT ( 'NONE', #2613 ) ;
#1539 = VECTOR ( 'NONE', #5898, 1000.000000000000000 ) ;
#1540 = EDGE_CURVE ( 'NONE', #4003, #3180, #4293, .T. ) ;
#1541 = CARTESIAN_POINT ( 'NONE',  ( -17.49999999999997868, 0.000000000000000000, 1.084202172485504434E-15 ) ) ;
#1542 = LINE ( 'NONE', #6926, #7960 ) ;
#1543 = CARTESIAN_POINT ( 'NONE',  ( -2.243922854409345469, -0.1421340054777718021, -8.023096076392732812E-15 ) ) ;
#1544 = EDGE_CURVE ( 'NONE', #441, #9775, #9141, .T. ) ;
#1545 = AXIS2_PLACEMENT_3D ( 'NONE', #10195, #6244, #9424 ) ;
#1546 = PLANE ( 'NONE',  #5408 ) ;
#1547 = CARTESIAN_POINT ( 'NONE',  ( 2.137669494649466539, -0.1443895770494182107, 0.2246781174859192043 ) ) ;
#1548 = DIRECTION ( 'NONE',  ( 0.3654446344290512294, 0.000000000000000000, 0.9308330780365602353 ) ) ;
#1549 = DIRECTION ( 'NONE',  ( -0.7854795351794386926, 0.000000000000000000, -0.6188876310076756315 ) ) ;
#1550 = ORIENTED_EDGE ( 'NONE', *, *, #5344, .T. ) ;
#1551 = ORIENTED_EDGE ( 'NONE', *, *, #978, .T. ) ;
#1552 = ORIENTED_EDGE ( 'NONE', *, *, #5968, .F. ) ;
#1553 = EDGE_CURVE ( 'NONE', #640, #10146, #215, .T. ) ;
#1554 = EDGE_CURVE ( 'NONE', #2402, #9138, #1783, .T. ) ;
#1555 = VERTEX_POINT ( 'NONE', #9768 ) ;
#1556 = DIRECTION ( 'NONE',  ( 0.000000000000000000, 1.000000000000000000, -0.000000000000000000 ) ) ;
#1557 = EDGE_CURVE ( 'NONE', #4660, #1766, #6594, .T. ) ;
#1558 = VECTOR ( 'NONE', #8887, 1000.000000000000114 ) ;
#1559 = VECTOR ( 'NONE', #6142, 1000.000000000000000 ) ;
#1560 = FACE_OUTER_BOUND ( 'NONE', #9114, .T. ) ;
#1561 = PLANE ( 'NONE',  #7010 ) ;
#1562 = CARTESIAN_POINT ( 'NONE',  ( 0.000000000000000000, 4.200000000000000178, -2.450000000000000178 ) ) ;
#1563 = ORIENTED_EDGE ( 'NONE', *, *, #5512, .F. ) ;
#1564 = FACE_OUTER_BOUND ( 'NONE', #3642, .T. ) ;
#1565 = DIRECTION ( 'NONE',  ( -0.5155608271417670974, 0.000000000000000000, -0.8568529824403350315 ) ) ;
#1566 = AXIS2_PLACEMENT_3D ( 'NONE', #560, #2847, #9167 ) ;
#1567 = ORIENTED_EDGE ( 'NONE', *, *, #9026, .F. ) ;
#1568 = EDGE_CURVE ( 'NONE', #9474, #868, #1415, .T. ) ;
#1569 = EDGE_CURVE ( 'NONE', #2154, #1050, #8410, .T. ) ;
#1570 = LINE ( 'NONE', #7831, #3339 ) ;
#1571 = ADVANCED_FACE ( 'NONE', ( #6123 ), #6224, .F. ) ;
#1572 = EDGE_LOOP ( 'NONE', ( #3041, #7649, #719, #9638 ) ) ;
#1573 = CARTESIAN_POINT ( 'NONE',  ( 1.471395926836254864, -2.981555974335137194E-16, -1.566877516375035473 ) ) ;
#1574 = EDGE_LOOP ( 'NONE', ( #1924, #8827, #1409, #4440 ) ) ;
#1575 = AXIS2_PLACEMENT_3D ( 'NONE', #2931, #7013, #7126 ) ;
#1576 = DIRECTION ( 'NONE',  ( 0.000000000000000000, -1.000000000000000000, 0.000000000000000000 ) ) ;
#1577 = CARTESIAN_POINT ( 'NONE',  ( 2.194887756272257739, -3.006278401112418225E-16, -0.4665377947248380841 ) ) ;
#1578 = ORIENTED_EDGE ( 'NONE', *, *, #7943, .T. ) ;
#1579 = ADVANCED_FACE ( 'NONE', ( #6173 ), #9407, .F. ) ;
#1580 = FACE_OUTER_BOUND ( 'NONE', #5151, .T. ) ;
#1581 = AXIS2_PLACEMENT_3D ( 'NONE', #7779, #2300, #7000 ) ;
#1582 = DIRECTION ( 'NONE',  ( -0.5901133345588652768, 0.000000000000000000, -0.8073204149380943662 ) ) ;
#1583 = LINE ( 'NONE', #3254, #647 ) ;
#1584 = CARTESIAN_POINT ( 'NONE',  ( 1.335122602884976084, -2.981555974335137194E-16, -1.684505494231932632 ) ) ;
#1585 = CARTESIAN_POINT ( 'NONE',  ( 1.404491242304748866, -2.981555974335137194E-16, 1.627118764909674331 ) ) ;
#1586 = DIRECTION ( 'NONE',  ( -0.000000000000000000, 1.000000000000000000, -0.000000000000000000 ) ) ;
#1587 = ORIENTED_EDGE ( 'NONE', *, *, #2331, .T. ) ;
#1588 = ORIENTED_EDGE ( 'NONE', *, *, #1821, .T. ) ;
#1589 = DIRECTION ( 'NONE',  ( -0.000000000000000000, 1.000000000000000000, -0.000000000000000000 ) ) ;
#1590 = LINE ( 'NONE', #5424, #5903 ) ;
#1591 = ORIENTED_EDGE ( 'NONE', *, *, #8949, .T. ) ;
#1592 = CARTESIAN_POINT ( 'NONE',  ( -0.4428924704590094796, -0.1483595806240759762, -0.8531520876005064258 ) ) ;
#1593 = CARTESIAN_POINT ( 'NONE',  ( -0.2611680761981522436, -2.981555974335137194E-16, -0.9251018651701783391 ) ) ;
#1594 = VECTOR ( 'NONE', #5939, 999.9999999999998863 ) ;
#1595 = FACE_OUTER_BOUND ( 'NONE', #1822, .T. ) ;
#1596 = EDGE_CURVE ( 'NONE', #2599, #5126, #2095, .T. ) ;
#1597 = LINE ( 'NONE', #4790, #9056 ) ;
#1598 = DIRECTION ( 'NONE',  ( 0.5854522923790143052, 0.000000000000000000, 0.8107068603065827883 ) ) ;
#1599 = LINE ( 'NONE', #3267, #2258 ) ;
#1600 = LINE ( 'NONE', #7864, #3188 ) ;
#1601 = VECTOR ( 'NONE', #4393, 1000.000000000000114 ) ;
#1602 = ORIENTED_EDGE ( 'NONE', *, *, #5859, .T. ) ;
#1603 = DIRECTION ( 'NONE',  ( 0.9896890471220229912, 0.000000000000000000, 0.1432326429509068466 ) ) ;
#1604 = ORIENTED_EDGE ( 'NONE', *, *, #8618, .F. ) ;
#1605 = VERTEX_POINT ( 'NONE', #5352 ) ;
#1606 = ORIENTED_EDGE ( 'NONE', *, *, #4176, .F. ) ;
#1607 = EDGE_CURVE ( 'NONE', #5296, #5607, #3765, .T. ) ;
#1608 = CARTESIAN_POINT ( 'NONE',  ( 3.600000000000000533, -3.031000827889698763E-16, 0.000000000000000000 ) ) ;
#1609 = AXIS2_PLACEMENT_3D ( 'NONE', #5953, #8233, #4382 ) ;
#1610 = DIRECTION ( 'NONE',  ( -0.2050930954896811598, 0.000000000000000000, 0.9787424697960441788 ) ) ;
#1611 = CARTESIAN_POINT ( 'NONE',  ( -0.1431626797720589594, -0.1458349236714011621, -0.9505402001424608782 ) ) ;
#1612 = DIRECTION ( 'NONE',  ( -0.9828229611194690962, 0.000000000000000000, -0.1845508794245058759 ) ) ;
#1613 = ORIENTED_EDGE ( 'NONE', *, *, #765, .F. ) ;
#1614 = CARTESIAN_POINT ( 'NONE',  ( -0.1798608697330999484, -0.1439142420261020350, 2.141905971878965254 ) ) ;
#1615 = CARTESIAN_POINT ( 'NONE',  ( -0.7550506452478121799, 2.000000000000000000, 0.5949123868917582936 ) ) ;
#1616 = EDGE_CURVE ( 'NONE', #6693, #3124, #2253, .T. ) ;
#1617 = ORIENTED_EDGE ( 'NONE', *, *, #438, .F. ) ;
#1618 = ORIENTED_EDGE ( 'NONE', *, *, #3089, .F. ) ;
#1619 = PLANE ( 'NONE',  #336 ) ;
#1620 = EDGE_CURVE ( 'NONE', #506, #8789, #8464, .T. ) ;
#1621 = EDGE_CURVE ( 'NONE', #4075, #3867, #6953, .T. ) ;
#1622 = EDGE_CURVE ( 'NONE', #7716, #8754, #5402, .T. ) ;
#1623 = VECTOR ( 'NONE', #6741, 1000.000000000000114 ) ;
#1624 = ORIENTED_EDGE ( 'NONE', *, *, #1416, .F. ) ;
#1625 = EDGE_CURVE ( 'NONE', #3585, #9971, #7731, .T. ) ;
#1626 = DIRECTION ( 'NONE',  ( 0.4420530731320880258, 0.000000000000000000, -0.8969888965502732514 ) ) ;
#1627 = LINE ( 'NONE', #6335, #6519 ) ;
#1628 = CARTESIAN_POINT ( 'NONE',  ( -0.6452641508340466459, -2.981555974335137194E-16, 0.7125001056945909905 ) ) ;
#1629 = EDGE_LOOP ( 'NONE', ( #6832, #3709, #8571, #423 ) ) ;
#1630 = CARTESIAN_POINT ( 'NONE',  ( 1.919371412219113004, 2.000000000000000000, -1.162412645533674072 ) ) ;
#1631 = CARTESIAN_POINT ( 'NONE',  ( 0.8622402173287481153, -0.1487670180785271301, 0.4249282675784938346 ) ) ;
#1632 = VECTOR ( 'NONE', #207, 1000.000000000000000 ) ;
#1633 = CARTESIAN_POINT ( 'NONE',  ( -17.49999999999997868, 0.000000000000000000, -1.999999999999998224 ) ) ;
#1634 = DIRECTION ( 'NONE',  ( 0.7686738296558961459, 0.000000000000000000, -0.6396409489722638675 ) ) ;
#1635 = DIRECTION ( 'NONE',  ( 0.000000000000000000, 1.000000000000000000, -0.000000000000000000 ) ) ;
#1636 = LINE ( 'NONE', #8787, #8830 ) ;
#1637 = EDGE_CURVE ( 'NONE', #9939, #4285, #6850, .T. ) ;
#1638 = LINE ( 'NONE', #7849, #5063 ) ;
#1639 = VECTOR ( 'NONE', #9545, 1000.000000000000000 ) ;
#1640 = ORIENTED_EDGE ( 'NONE', *, *, #4201, .F. ) ;
#1641 = ORIENTED_EDGE ( 'NONE', *, *, #4890, .F. ) ;
#1642 = DIRECTION ( 'NONE',  ( -0.7947849549989018936, 0.000000000000000000, 0.6068911560629250967 ) ) ;
#1643 = CARTESIAN_POINT ( 'NONE',  ( -0.3324718211827816794, -0.1499342098531318279, 0.9019338740095036444 ) ) ;
#1644 = ORIENTED_EDGE ( 'NONE', *, *, #8268, .F. ) ;
#1645 = DIRECTION ( 'NONE',  ( 0.5382568124110959085, 0.000000000000000000, 0.8427808753721494073 ) ) ;
#1646 = LINE ( 'NONE', #1593, #4754 ) ;
#1647 = VECTOR ( 'NONE', #8114, 1000.000000000000114 ) ;
#1648 = CARTESIAN_POINT ( 'NONE',  ( 0.9576537852278312890, -0.1450903546745302697, -0.08319526792548603833 ) ) ;
#1649 = LINE ( 'NONE', #3960, #1722 ) ;
#1650 = FACE_OUTER_BOUND ( 'NONE', #3069, .T. ) ;
#1651 = DIRECTION ( 'NONE',  ( 0.1281906809831648564, 0.000000000000000000, -0.9917495396061811741 ) ) ;
#1652 = VECTOR ( 'NONE', #2207, 1000.000000000000227 ) ;
#1653 = ORIENTED_EDGE ( 'NONE', *, *, #7519, .T. ) ;
#1654 = VERTEX_POINT ( 'NONE', #7003 ) ;
#1655 = ORIENTED_EDGE ( 'NONE', *, *, #7841, .T. ) ;
#1656 = DIRECTION ( 'NONE',  ( -0.7686738296558828232, 0.000000000000000000, -0.6396409489722799657 ) ) ;
#1657 = LINE ( 'NONE', #4850, #9078 ) ;
#1658 = VERTEX_POINT ( 'NONE', #4505 ) ;
#1659 = CARTESIAN_POINT ( 'NONE',  ( -0.9612567592082511547, 2.000000000000000000, -0.002769087004216128252 ) ) ;
#1660 = EDGE_CURVE ( 'NONE', #990, #2583, #3818, .T. ) ;
#1661 = DIRECTION ( 'NONE',  ( 0.002880682490144836471, 0.000000000000000000, 0.9999958508255877287 ) ) ;
#1662 = LINE ( 'NONE', #4857, #7712 ) ;
#1663 = DIRECTION ( 'NONE',  ( 0.000000000000000000, -1.000000000000000000, 0.000000000000000000 ) ) ;
#1664 = ORIENTED_EDGE ( 'NONE', *, *, #3732, .F. ) ;
#1665 = CARTESIAN_POINT ( 'NONE',  ( 0.8947733005277438423, -0.1498172852299859137, 0.3512875825147747655 ) ) ;
#1666 = CARTESIAN_POINT ( 'NONE',  ( -0.4478004200876873897, -2.981555974335137194E-16, 0.8505862735405960162 ) ) ;
#1667 = VECTOR ( 'NONE', #6242, 1000.000000000000000 ) ;
#1668 = ORIENTED_EDGE ( 'NONE', *, *, #2525, .F. ) ;
#1669 = ORIENTED_EDGE ( 'NONE', *, *, #2803, .F. ) ;
#1670 = CARTESIAN_POINT ( 'NONE',  ( -1.869011007952373404, -3.006278401112418225E-16, -1.241767944784143207 ) ) ;
#1671 = VECTOR ( 'NONE', #9323, 1000.000000000000000 ) ;
#1672 = VECTOR ( 'NONE', #2974, 1000.000000000000000 ) ;
#1673 = ORIENTED_EDGE ( 'NONE', *, *, #4122, .T. ) ;
#1674 = CARTESIAN_POINT ( 'NONE',  ( -0.5174051459242514639, -2.981555974335137194E-16, -0.8101321743626104244 ) ) ;
#1675 = CARTESIAN_POINT ( 'NONE',  ( -0.1828415940552526042, 2.000000000000000000, 0.9437113840839904677 ) ) ;
#1676 = ORIENTED_EDGE ( 'NONE', *, *, #2086, .F. ) ;
#1677 = VECTOR ( 'NONE', #3403, 1000.000000000000114 ) ;
#1678 = EDGE_CURVE ( 'NONE', #1127, #6739, #1365, .T. ) ;
#1679 = EDGE_CURVE ( 'NONE', #9505, #2663, #5455, .T. ) ;
#1680 = PLANE ( 'NONE',  #7743 ) ;
#1681 = VECTOR ( 'NONE', #8650, 1000.000000000000114 ) ;
#1682 = EDGE_CURVE ( 'NONE', #3493, #2481, #1465, .T. ) ;
#1683 = DIRECTION ( 'NONE',  ( 0.9362739751521681475, 0.000000000000000000, 0.3512706128510568737 ) ) ;
#1684 = CARTESIAN_POINT ( 'NONE',  ( -0.8927345626982070570, 2.000000000000000000, 0.3564368464825540816 ) ) ;
#1685 = CARTESIAN_POINT ( 'NONE',  ( -0.8436897371696908676, 2.000000000000000000, -0.4606624060642723895 ) ) ;
#1686 = CARTESIAN_POINT ( 'NONE',  ( -0.8792780351554245755, -0.1494084084223078757, 0.3884486605197689513 ) ) ;
#1687 = ADVANCED_FACE ( 'NONE', ( #475 ), #3664, .F. ) ;
#1688 = CARTESIAN_POINT ( 'NONE',  ( 0.9581172076848537555, -0.1461575717926111573, 0.07767651707282888229 ) ) ;
#1689 = LINE ( 'NONE', #3105, #1002 ) ;
#1690 = DIRECTION ( 'NONE',  ( -0.4041033210507340434, 0.000000000000000000, -0.9147133463089773819 ) ) ;
#1691 = ORIENTED_EDGE ( 'NONE', *, *, #8241, .T. ) ;
#1692 = EDGE_CURVE ( 'NONE', #4211, #2113, #529, .T. ) ;
#1693 = FACE_OUTER_BOUND ( 'NONE', #6122, .T. ) ;
#1694 = ORIENTED_EDGE ( 'NONE', *, *, #1621, .F. ) ;
#1695 = EDGE_CURVE ( 'NONE', #8351, #2838, #10071, .T. ) ;
#1696 = LINE ( 'NONE', #4892, #4546 ) ;
#1697 = CARTESIAN_POINT ( 'NONE',  ( 0.9473335580173334325, 2.000000000000000000, -0.1630378938179900539 ) ) ;
#1698 = LINE ( 'NONE', #8749, #4853 ) ;
#1699 = LINE ( 'NONE', #862, #8894 ) ;
#1700 = CARTESIAN_POINT ( 'NONE',  ( -0.7760454256538800166, -0.1454566137144368831, 0.5672527851743653926 ) ) ;
#1701 = VERTEX_POINT ( 'NONE', #4029 ) ;
#1702 = AXIS2_PLACEMENT_3D ( 'NONE', #3251, #8783, #265 ) ;
#1703 = EDGE_LOOP ( 'NONE', ( #3332, #1725, #1051, #10035 ) ) ;
#1704 = VERTEX_POINT ( 'NONE', #3090 ) ;
#1705 = LINE ( 'NONE', #3231, #7408 ) ;
#1706 = LINE ( 'NONE', #925, #2071 ) ;
#1707 = ORIENTED_EDGE ( 'NONE', *, *, #790, .T. ) ;
#1708 = DIRECTION ( 'NONE',  ( -0.002880682490151775799, 0.000000000000000000, 0.9999958508255877287 ) ) ;
#1709 = LINE ( 'NONE', #6672, #5897 ) ;
#1710 = VECTOR ( 'NONE', #1959, 1000.000000000000114 ) ;
#1711 = DIRECTION ( 'NONE',  ( 0.000000000000000000, -1.000000000000000000, 0.000000000000000000 ) ) ;
#1712 = ORIENTED_EDGE ( 'NONE', *, *, #9649, .F. ) ;
#1713 = PLANE ( 'NONE',  #10296 ) ;
#1714 = ADVANCED_FACE ( 'NONE', ( #101 ), #789, .F. ) ;
#1715 = CARTESIAN_POINT ( 'NONE',  ( 0.06312143415528455315, -2.981555974335137194E-16, 0.9591860661605581262 ) ) ;
#1716 = VECTOR ( 'NONE', #5720, 1000.000000000000000 ) ;
#1717 = ORIENTED_EDGE ( 'NONE', *, *, #4232, .F. ) ;
#1718 = VECTOR ( 'NONE', #9873, 1000.000000000000000 ) ;
#1719 = MECHANICAL_DESIGN_GEOMETRIC_PRESENTATION_REPRESENTATION (  '', ( #8051 ), #9715 ) ;
#1720 = EDGE_LOOP ( 'NONE', ( #5978, #1487, #5316, #7621 ) ) ;
#1721 = VERTEX_POINT ( 'NONE', #1670 ) ;
#1722 = VECTOR ( 'NONE', #4059, 1000.000000000000000 ) ;
#1723 = DIRECTION ( 'NONE',  ( 0.000000000000000000, -1.000000000000000000, 0.000000000000000000 ) ) ;
#1724 = AXIS2_PLACEMENT_3D ( 'NONE', #7705, #7812, #6149 ) ;
#1725 = ORIENTED_EDGE ( 'NONE', *, *, #4496, .T. ) ;
#1726 = EDGE_CURVE ( 'NONE', #1555, #2799, #6331, .T. ) ;
#1727 = CARTESIAN_POINT ( 'NONE',  ( -1.113470241830498253, -0.1461575717926111573, 1.838557898296883319 ) ) ;
#1728 = EDGE_CURVE ( 'NONE', #4996, #4749, #2451, .T. ) ;
#1729 = LINE ( 'NONE', #3558, #3298 ) ;
#1730 = ORIENTED_EDGE ( 'NONE', *, *, #3140, .F. ) ;
#1731 = ORIENTED_EDGE ( 'NONE', *, *, #2067, .T. ) ;
#1732 = DIRECTION ( 'NONE',  ( 0.000000000000000000, 0.000000000000000000, 1.000000000000000000 ) ) ;
#1733 = DIRECTION ( 'NONE',  ( 0.000000000000000000, 1.000000000000000000, -0.000000000000000000 ) ) ;
#1734 = EDGE_CURVE ( 'NONE', #1964, #7818, #3982, .T. ) ;
#1735 = LINE ( 'NONE', #9711, #4661 ) ;
#1736 = CARTESIAN_POINT ( 'NONE',  ( 2.092653697217584874, -0.1459816899409636104, -0.4908274934775900822 ) ) ;
#1737 = VECTOR ( 'NONE', #8686, 1000.000000000000000 ) ;
#1738 = PLANE ( 'NONE',  #4973 ) ;
#1739 = AXIS2_PLACEMENT_3D ( 'NONE', #8223, #4265, #8072 ) ;
#1740 = CARTESIAN_POINT ( 'NONE',  ( -0.9194294835318219672, -2.981555974335137194E-16, -0.2804846694184796596 ) ) ;
#1741 = VECTOR ( 'NONE', #860, 1000.000000000000227 ) ;
#1742 = DIRECTION ( 'NONE',  ( 0.9998368636726747694, 0.000000000000000000, 0.01806228228074379175 ) ) ;
#1743 = CARTESIAN_POINT ( 'NONE',  ( 0.4428924704590154193, -0.1483595806240759762, 0.8531520876005035392 ) ) ;
#1744 = ADVANCED_FACE ( 'NONE', ( #4867 ), #5653, .F. ) ;
#1745 = ORIENTED_EDGE ( 'NONE', *, *, #7741, .T. ) ;
#1746 = VECTOR ( 'NONE', #6552, 1000.000000000000000 ) ;
#1747 = DIRECTION ( 'NONE',  ( 0.7124542072270260151, 0.000000000000000000, 0.7017186064260444445 ) ) ;
#1748 = ORIENTED_EDGE ( 'NONE', *, *, #3100, .F. ) ;
#1749 = LINE ( 'NONE', #8947, #8705 ) ;
#1750 = PLANE ( 'NONE',  #2566 ) ;
#1751 = EDGE_CURVE ( 'NONE', #5175, #10079, #3288, .T. ) ;
#1752 = EDGE_CURVE ( 'NONE', #441, #3804, #56, .T. ) ;
#1753 = LINE ( 'NONE', #8112, #5738 ) ;
#1754 = PLANE ( 'NONE',  #4940 ) ;
#1755 = ORIENTED_EDGE ( 'NONE', *, *, #9245, .F. ) ;
#1756 = CYLINDRICAL_SURFACE ( 'NONE', #4987, 3.599999999999998757 ) ;
#1757 = VERTEX_POINT ( 'NONE', #10284 ) ;
#1758 = ORIENTED_EDGE ( 'NONE', *, *, #2936, .T. ) ;
#1759 = CARTESIAN_POINT ( 'NONE',  ( -0.8436897371696940873, -2.981555974335137194E-16, 0.4606624060642665053 ) ) ;
#1760 = VERTEX_POINT ( 'NONE', #890 ) ;
#1761 = VECTOR ( 'NONE', #6868, 999.9999999999998863 ) ;
#1762 = CARTESIAN_POINT ( 'NONE',  ( 0.000000000000000000, 4.200000000000000178, 0.000000000000000000 ) ) ;
#1763 = DIRECTION ( 'NONE',  ( -0.5204888928356650180, 0.000000000000000000, 0.8538684397696777451 ) ) ;
#1764 = CARTESIAN_POINT ( 'NONE',  ( -0.9602976163832703804, -0.1442935096704878739, 0.04301991323789317728 ) ) ;
#1765 = EDGE_CURVE ( 'NONE', #249, #9099, #4080, .T. ) ;
#1766 = VERTEX_POINT ( 'NONE', #7261 ) ;
#1767 = CARTESIAN_POINT ( 'NONE',  ( -1.113470241830498475, 2.000000000000000000, 1.838557898296882875 ) ) ;
#1768 = PLANE ( 'NONE',  #3775 ) ;
#1769 = ORIENTED_EDGE ( 'NONE', *, *, #1490, .F. ) ;
#1770 = VECTOR ( 'NONE', #5032, 999.9999999999998863 ) ;
#1771 = ORIENTED_EDGE ( 'NONE', *, *, #3603, .T. ) ;
#1772 = ORIENTED_EDGE ( 'NONE', *, *, #2568, .T. ) ;
#1773 = EDGE_LOOP ( 'NONE', ( #1468, #9243, #5922, #665 ) ) ;
#1774 = ORIENTED_EDGE ( 'NONE', *, *, #7941, .T. ) ;
#1775 = LINE ( 'NONE', #4236, #2271 ) ;
#1776 = CARTESIAN_POINT ( 'NONE',  ( 0.5833806464172578421, -0.1456920279732068779, -0.7639955800606238467 ) ) ;
#1777 = DIRECTION ( 'NONE',  ( 0.9147133463089690553, 0.000000000000000000, 0.4041033210507533058 ) ) ;
#1778 = EDGE_LOOP ( 'NONE', ( #1086, #4016, #9941, #6281 ) ) ;
#1779 = ORIENTED_EDGE ( 'NONE', *, *, #1221, .T. ) ;
#1780 = DIRECTION ( 'NONE',  ( 0.5557886347590722531, 0.000000000000000000, -0.8313236394284998498 ) ) ;
#1781 = DIRECTION ( 'NONE',  ( 0.8969888965502732514, 0.000000000000000000, 0.4420530731320879703 ) ) ;
#1782 = EDGE_CURVE ( 'NONE', #6948, #2125, #8673, .T. ) ;
#1783 = LINE ( 'NONE', #4988, #1677 ) ;
#1784 = PLANE ( 'NONE',  #4323 ) ;
#1785 = AXIS2_PLACEMENT_3D ( 'NONE', #219, #9771, #3406 ) ;
#1786 = DIRECTION ( 'NONE',  ( 0.9623838978496807028, 0.000000000000000000, 0.2716932703613678113 ) ) ;
#1787 = DIRECTION ( 'NONE',  ( -0.000000000000000000, 1.000000000000000000, 0.000000000000000000 ) ) ;
#1788 = LINE ( 'NONE', #3303, #6052 ) ;
#1789 = VECTOR ( 'NONE', #4593, 1000.000000000000000 ) ;
#1790 = ORIENTED_EDGE ( 'NONE', *, *, #857, .T. ) ;
#1791 = CARTESIAN_POINT ( 'NONE',  ( 1.758547659744539970, -0.1494084084223070152, -1.393807700132118965 ) ) ;
#1792 = CARTESIAN_POINT ( 'NONE',  ( -0.8695550808797025688, -3.006278401112418225E-16, -2.068589794487269540 ) ) ;
#1793 = ORIENTED_EDGE ( 'NONE', *, *, #5790, .F. ) ;
#1794 = DIRECTION ( 'NONE',  ( 0.2514790358596649122, 0.000000000000000000, -0.9678627457047270788 ) ) ;
#1795 = CARTESIAN_POINT ( 'NONE',  ( 2.148151099483868176, -3.006278401112418225E-16, 0.6485650548147248173 ) ) ;
#1796 = LINE ( 'NONE', #5002, #8330 ) ;
#1797 = AXIS2_PLACEMENT_3D ( 'NONE', #4406, #3038, #4563 ) ;
#1798 = CARTESIAN_POINT ( 'NONE',  ( -0.9540240211766762846, -0.1473724245436877356, 0.1177301659910124088 ) ) ;
#1799 = CARTESIAN_POINT ( 'NONE',  ( -0.6034353314822433756, 2.000000000000000000, -2.161262496148836920 ) ) ;
#1800 = ORIENTED_EDGE ( 'NONE', *, *, #3732, .T. ) ;
#1801 = DIRECTION ( 'NONE',  ( 0.000000000000000000, 1.000000000000000000, 0.000000000000000000 ) ) ;
#1802 = ORIENTED_EDGE ( 'NONE', *, *, #5915, .F. ) ;
#1803 = CARTESIAN_POINT ( 'NONE',  ( -0.2221997420524755296, -0.1459816899409631941, 0.9352269775825545750 ) ) ;
#1804 = ORIENTED_EDGE ( 'NONE', *, *, #5722, .F. ) ;
#1805 = AXIS2_PLACEMENT_3D ( 'NONE', #8242, #308, #9756 ) ;
#1806 = EDGE_CURVE ( 'NONE', #5303, #2113, #3144, .T. ) ;
#1807 = ADVANCED_FACE ( 'NONE', ( #8725 ), #1619, .F. ) ;
#1808 = CARTESIAN_POINT ( 'NONE',  ( 0.2944111163135921805, -2.981555974335137194E-16, 0.9150651996209729910 ) ) ;
#1809 = EDGE_CURVE ( 'NONE', #3774, #4383, #7166, .T. ) ;
#1810 = DIRECTION ( 'NONE',  ( -0.9362739751521705900, 0.000000000000000000, 0.3512706128510505454 ) ) ;
#1811 = DIRECTION ( 'NONE',  ( 0.2514790358596513120, 0.000000000000000000, 0.9678627457047307425 ) ) ;
#1812 = EDGE_CURVE ( 'NONE', #4119, #7439, #4767, .T. ) ;
#1813 = CARTESIAN_POINT ( 'NONE',  ( -0.3277990464325142295, 2.000000000000000000, -2.219850797170503931 ) ) ;
#1814 = ORIENTED_EDGE ( 'NONE', *, *, #7561, .T. ) ;
#1815 = CARTESIAN_POINT ( 'NONE',  ( -0.04699317460290163700, -0.1418147860772172864, 2.243430725046201335 ) ) ;
#1816 = LINE ( 'NONE', #882, #8272 ) ;
#1817 = ORIENTED_EDGE ( 'NONE', *, *, #3638, .T. ) ;
#1818 = LINE ( 'NONE', #8865, #6015 ) ;
#1819 = ORIENTED_EDGE ( 'NONE', *, *, #7484, .F. ) ;
#1820 = EDGE_LOOP ( 'NONE', ( #8868, #5214, #97, #8770 ) ) ;
#1821 = EDGE_CURVE ( 'NONE', #8615, #6565, #8087, .T. ) ;
#1822 = EDGE_LOOP ( 'NONE', ( #9319, #10304, #5724, #5869 ) ) ;
#1823 = CARTESIAN_POINT ( 'NONE',  ( 1.356673771595322098, -3.006278401112418225E-16, 1.787351687275312351 ) ) ;
#1824 = VERTEX_POINT ( 'NONE', #1573 ) ;
#1825 = DIRECTION ( 'NONE',  ( 0.9948188822373283946, 0.000000000000000000, 0.1016631277507859255 ) ) ;
#1826 = LINE ( 'NONE', #1727, #7430 ) ;
#1827 = ORIENTED_EDGE ( 'NONE', *, *, #8307, .F. ) ;
#1828 = LINE ( 'NONE', #4128, #1960 ) ;
#1829 = ORIENTED_EDGE ( 'NONE', *, *, #7530, .F. ) ;
#1830 = ORIENTED_EDGE ( 'NONE', *, *, #8848, .T. ) ;
#1831 = DIRECTION ( 'NONE',  ( 0.5557886347590605958, 0.000000000000000000, 0.8313236394285077324 ) ) ;
#1832 = FACE_OUTER_BOUND ( 'NONE', #127, .T. ) ;
#1833 = VECTOR ( 'NONE', #4007, 1000.000000000000000 ) ;
#1834 = CARTESIAN_POINT ( 'NONE',  ( 1.861473433499359453, -2.981555974335137194E-16, 1.074722187920221117 ) ) ;
#1835 = DIRECTION ( 'NONE',  ( 0.000000000000000000, 1.000000000000000000, -0.000000000000000000 ) ) ;
#1836 = LINE ( 'NONE', #8203, #791 ) ;
#1837 = CARTESIAN_POINT ( 'NONE',  ( -0.1774015163344722368, -0.1487670180785271301, 0.9447491344100912292 ) ) ;
#1838 = DIRECTION ( 'NONE',  ( 0.8944271909999155223, 0.000000000000000000, -0.4472135954999585938 ) ) ;
#1839 = VECTOR ( 'NONE', #8595, 1000.000000000000114 ) ;
#1840 = EDGE_CURVE ( 'NONE', #7325, #4976, #7940, .T. ) ;
#1841 = AXIS2_PLACEMENT_3D ( 'NONE', #3696, #2697, #8391 ) ;
#1842 = ORIENTED_EDGE ( 'NONE', *, *, #9495, .T. ) ;
#1843 = LINE ( 'NONE', #4095, #2875 ) ;
#1844 = ORIENTED_EDGE ( 'NONE', *, *, #3313, .T. ) ;
#1845 = DIRECTION ( 'NONE',  ( 0.9519427500406412168, 0.000000000000000000, 0.3062760203559222738 ) ) ;
#1846 = PLANE ( 'NONE',  #3078 ) ;
#1847 = LINE ( 'NONE', #9780, #4008 ) ;
#1848 = LINE ( 'NONE', #3421, #4561 ) ;
#1849 = LINE ( 'NONE', #5731, #8260 ) ;
#1850 = DIRECTION ( 'NONE',  ( -0.8227898466237305586, 0.000000000000000000, -0.5683457295457561287 ) ) ;
#1851 = ORIENTED_EDGE ( 'NONE', *, *, #3236, .F. ) ;
#1852 = VERTEX_POINT ( 'NONE', #9557 ) ;
#1853 = VERTEX_POINT ( 'NONE', #2405 ) ;
#1854 = EDGE_CURVE ( 'NONE', #9523, #1535, #4814, .T. ) ;
#1855 = CARTESIAN_POINT ( 'NONE',  ( 1.919371412219112560, -0.1467932918244574947, -1.162412645533672961 ) ) ;
#1856 = ORIENTED_EDGE ( 'NONE', *, *, #1540, .T. ) ;
#1857 = LINE ( 'NONE', #5062, #1539 ) ;
#1858 = EDGE_CURVE ( 'NONE', #624, #9971, #1627, .T. ) ;
#1859 = CARTESIAN_POINT ( 'NONE',  ( 1.597348465557292041, -2.981555974335137194E-16, -1.438259018540709810 ) ) ;
#1860 = LINE ( 'NONE', #3485, #7230 ) ;
#1861 = AXIS2_PLACEMENT_3D ( 'NONE', #2413, #2459, #844 ) ;
#1862 = DIRECTION ( 'NONE',  ( -0.000000000000000000, 1.000000000000000000, 0.000000000000000000 ) ) ;
#1863 = EDGE_CURVE ( 'NONE', #9224, #8671, #4819, .T. ) ;
#1864 = ORIENTED_EDGE ( 'NONE', *, *, #6051, .F. ) ;
#1865 = DIRECTION ( 'NONE',  ( -0.000000000000000000, 1.000000000000000000, -0.000000000000000000 ) ) ;
#1866 = DIRECTION ( 'NONE',  ( 0.9967297739249322275, 0.000000000000000000, -0.08080691660714134361 ) ) ;
#1867 = ORIENTED_EDGE ( 'NONE', *, *, #6836, .T. ) ;
#1868 = EDGE_CURVE ( 'NONE', #873, #2653, #6387, .T. ) ;
#1869 = ORIENTED_EDGE ( 'NONE', *, *, #7427, .F. ) ;
#1870 = ORIENTED_EDGE ( 'NONE', *, *, #5531, .F. ) ;
#1871 = VECTOR ( 'NONE', #1105, 1000.000000000000000 ) ;
#1872 = EDGE_LOOP ( 'NONE', ( #726, #2233, #1641, #2102 ) ) ;
#1873 = VECTOR ( 'NONE', #91, 1000.000000000000000 ) ;
#1874 = AXIS2_PLACEMENT_3D ( 'NONE', #1942, #2042, #5246 ) ;
#1875 = CARTESIAN_POINT ( 'NONE',  ( -1.189484353158713370, -2.981555974335137194E-16, 1.790317876362329086 ) ) ;
#1876 = ADVANCED_FACE ( 'NONE', ( #5661 ), #3881, .F. ) ;
#1877 = EDGE_CURVE ( 'NONE', #7662, #7036, #2307, .T. ) ;
#1878 = ORIENTED_EDGE ( 'NONE', *, *, #6219, .T. ) ;
#1879 = LINE ( 'NONE', #104, #8171 ) ;
#1880 = LINE ( 'NONE', #5083, #3269 ) ;
#1881 = VECTOR ( 'NONE', #8312, 1000.000000000000000 ) ;
#1882 = VERTEX_POINT ( 'NONE', #5610 ) ;
#1883 = CARTESIAN_POINT ( 'NONE',  ( -0.4117887667798655338, 2.000000000000000000, -0.8685921001945069442 ) ) ;
#1884 = ORIENTED_EDGE ( 'NONE', *, *, #3455, .T. ) ;
#1885 = VECTOR ( 'NONE', #9784, 1000.000000000000000 ) ;
#1886 = ORIENTED_EDGE ( 'NONE', *, *, #1039, .F. ) ;
#1887 = DIRECTION ( 'NONE',  ( 0.1489322019260090613, 0.000000000000000000, -0.9888474094770489664 ) ) ;
#1888 = LINE ( 'NONE', #5090, #6487 ) ;
#1889 = AXIS2_PLACEMENT_3D ( 'NONE', #8102, #1890, #1939 ) ;
#1890 = DIRECTION ( 'NONE',  ( -0.8568529824403277040, 0.000000000000000000, -0.5155608271417791988 ) ) ;
#1891 = ORIENTED_EDGE ( 'NONE', *, *, #212, .F. ) ;
#1892 = LINE ( 'NONE', #222, #8047 ) ;
#1893 = ADVANCED_FACE ( 'NONE', ( #4034 ), #3247, .F. ) ;
#1894 = CARTESIAN_POINT ( 'NONE',  ( 0.2345538076625907631, 2.000000000000000000, -2.231630410227367189 ) ) ;
#1895 = VERTEX_POINT ( 'NONE', #4871 ) ;
#1896 = ORIENTED_EDGE ( 'NONE', *, *, #6471, .F. ) ;
#1897 = CARTESIAN_POINT ( 'NONE',  ( -0.6148617368345592471, -2.981555974335137194E-16, -0.7388959801915123693 ) ) ;
#1898 = CARTESIAN_POINT ( 'NONE',  ( 0.9194294835318199688, 2.000000000000000000, 0.2804846694184860434 ) ) ;
#1899 = CARTESIAN_POINT ( 'NONE',  ( 1.280637217848568543, -0.1483595806240759762, 1.842595477255293268 ) ) ;
#1900 = LINE ( 'NONE', #7485, #3901 ) ;
#1901 = DIRECTION ( 'NONE',  ( -0.8674621517390628256, 0.000000000000000000, -0.4975031811960954342 ) ) ;
#1902 = EDGE_LOOP ( 'NONE', ( #4106, #7688, #5373, #4941 ) ) ;
#1903 = LINE ( 'NONE', #9938, #4891 ) ;
#1904 = VECTOR ( 'NONE', #1831, 1000.000000000000000 ) ;
#1905 = ORIENTED_EDGE ( 'NONE', *, *, #478, .T. ) ;
#1906 = CARTESIAN_POINT ( 'NONE',  ( 0.9557185851998063475, -2.981555974335137194E-16, 1.925282605420721271 ) ) ;
#1907 = DIRECTION ( 'NONE',  ( -0.3654446344290575022, 0.000000000000000000, 0.9308330780365577928 ) ) ;
#1908 = ORIENTED_EDGE ( 'NONE', *, *, #5021, .F. ) ;
#1909 = ORIENTED_EDGE ( 'NONE', *, *, #1491, .T. ) ;
#1910 = CARTESIAN_POINT ( 'NONE',  ( 1.966364586821990779, -0.1439148779360118480, 1.081018079512533037 ) ) ;
#1911 = AXIS2_PLACEMENT_3D ( 'NONE', #7754, #706, #6299 ) ;
#1912 = CARTESIAN_POINT ( 'NONE',  ( -2.243922854409345913, -3.006278401112418225E-16, -7.535205098774255816E-15 ) ) ;
#1913 = ADVANCED_FACE ( 'NONE', ( #5867 ), #3501, .F. ) ;
#1914 = PLANE ( 'NONE',  #8220 ) ;
#1915 = LINE ( 'NONE', #4968, #2892 ) ;
#1916 = VERTEX_POINT ( 'NONE', #261 ) ;
#1917 = DIRECTION ( 'NONE',  ( -0.9519427500406433262, 0.000000000000000000, -0.3062760203559155570 ) ) ;
#1918 = CARTESIAN_POINT ( 'NONE',  ( 0.7516106207556875196, -2.981555974335137194E-16, -0.5992526176276885552 ) ) ;
#1919 = ADVANCED_FACE ( 'NONE', ( #6488 ), #9816, .F. ) ;
#1920 = VERTEX_POINT ( 'NONE', #8875 ) ;
#1921 = DIRECTION ( 'NONE',  ( 0.000000000000000000, -1.000000000000000000, 0.000000000000000000 ) ) ;
#1922 = ORIENTED_EDGE ( 'NONE', *, *, #4949, .T. ) ;
#1923 = VERTEX_POINT ( 'NONE', #206 ) ;
#1924 = ORIENTED_EDGE ( 'NONE', *, *, #10022, .F. ) ;
#1925 = ORIENTED_EDGE ( 'NONE', *, *, #4170, .T. ) ;
#1926 = DIRECTION ( 'NONE',  ( 0.9362739751521729215, 0.000000000000000000, -0.3512706128510444392 ) ) ;
#1927 = ORIENTED_EDGE ( 'NONE', *, *, #8253, .F. ) ;
#1928 = VECTOR ( 'NONE', #984, 999.9999999999998863 ) ;
#1929 = DIRECTION ( 'NONE',  ( 0.000000000000000000, -1.000000000000000000, 0.000000000000000000 ) ) ;
#1930 = VERTEX_POINT ( 'NONE', #8091 ) ;
#1931 = ORIENTED_EDGE ( 'NONE', *, *, #1660, .F. ) ;
#1932 = EDGE_CURVE ( 'NONE', #4283, #8690, #2607, .T. ) ;
#1933 = EDGE_CURVE ( 'NONE', #2799, #4592, #2142, .T. ) ;
#1934 = EDGE_CURVE ( 'NONE', #7029, #4523, #1359, .T. ) ;
#1935 = DIRECTION ( 'NONE',  ( -0.1281906809831440397, 0.000000000000000000, -0.9917495396061839497 ) ) ;
#1936 = FACE_OUTER_BOUND ( 'NONE', #1629, .T. ) ;
#1937 = VECTOR ( 'NONE', #9803, 1000.000000000000000 ) ;
#1938 = EDGE_CURVE ( 'NONE', #9215, #1201, #8512, .T. ) ;
#1939 = DIRECTION ( 'NONE',  ( -0.5155608271417791988, 0.000000000000000000, 0.8568529824403277040 ) ) ;
#1940 = CARTESIAN_POINT ( 'NONE',  ( -1.919371412219104123, -0.1467932918244574947, 1.162412645533686728 ) ) ;
#1941 = EDGE_LOOP ( 'NONE', ( #1669, #2505, #5747, #5962 ) ) ;
#1942 = CARTESIAN_POINT ( 'NONE',  ( 0.7516106207556875196, -0.1458670832290543395, -0.5992526176276885552 ) ) ;
#1943 = ORIENTED_EDGE ( 'NONE', *, *, #6558, .T. ) ;
#1944 = PLANE ( 'NONE',  #3225 ) ;
#1945 = ORIENTED_EDGE ( 'NONE', *, *, #357, .T. ) ;
#1946 = CARTESIAN_POINT ( 'NONE',  ( -1.758547659744520875, 2.000000000000000000, -1.393807700132144056 ) ) ;
#1947 = CARTESIAN_POINT ( 'NONE',  ( -1.404491242304759524, -0.1496419838468801000, -1.627118764909665227 ) ) ;
#1948 = EDGE_CURVE ( 'NONE', #6789, #2843, #7672, .T. ) ;
#1949 = LINE ( 'NONE', #7481, #6348 ) ;
#1950 = CARTESIAN_POINT ( 'NONE',  ( 0.4468946144997151260, 2.000000000000000000, -2.102473859139055268 ) ) ;
#1951 = CARTESIAN_POINT ( 'NONE',  ( -2.226228852475061526, 2.000000000000000000, 0.2812381072119613523 ) ) ;
#1952 = VECTOR ( 'NONE', #8919, 1000.000000000000000 ) ;
#1953 = EDGE_LOOP ( 'NONE', ( #1347, #8231, #9630, #1800 ) ) ;
#1954 = LINE ( 'NONE', #4367, #1037 ) ;
#1955 = ORIENTED_EDGE ( 'NONE', *, *, #2696, .T. ) ;
#1956 = CARTESIAN_POINT ( 'NONE',  ( 0.6034353314822271663, 2.000000000000000000, 2.161262496148841805 ) ) ;
#1957 = ORIENTED_EDGE ( 'NONE', *, *, #491, .T. ) ;
#1958 = ORIENTED_EDGE ( 'NONE', *, *, #1988, .F. ) ;
#1959 = DIRECTION ( 'NONE',  ( 0.9519427500406453246, 0.000000000000000000, -0.3062760203559090622 ) ) ;
#1960 = VECTOR ( 'NONE', #1929, 1000.000000000000000 ) ;
#1961 = LINE ( 'NONE', #5166, #10238 ) ;
#1962 = DIRECTION ( 'NONE',  ( -0.9948188822373305040, 0.000000000000000000, 0.1016631277507650533 ) ) ;
#1963 = CARTESIAN_POINT ( 'NONE',  ( -0.8436897371696908676, -2.981555974335137194E-16, -0.4606624060642723895 ) ) ;
#1964 = VERTEX_POINT ( 'NONE', #3610 ) ;
#1965 = LINE ( 'NONE', #1294, #458 ) ;
#1966 = PLANE ( 'NONE',  #610 ) ;
#1967 = VECTOR ( 'NONE', #8437, 1000.000000000000114 ) ;
#1968 = ORIENTED_EDGE ( 'NONE', *, *, #7732, .F. ) ;
#1969 = ADVANCED_FACE ( 'NONE', ( #2812 ), #2031, .F. ) ;
#1970 = ORIENTED_EDGE ( 'NONE', *, *, #5021, .T. ) ;
#1971 = ORIENTED_EDGE ( 'NONE', *, *, #213, .F. ) ;
#1972 = VECTOR ( 'NONE', #2718, 1000.000000000000000 ) ;
#1973 = ORIENTED_EDGE ( 'NONE', *, *, #660, .F. ) ;
#1974 = VERTEX_POINT ( 'NONE', #4450 ) ;
#1975 = LINE ( 'NONE', #7668, #6132 ) ;
#1976 = CARTESIAN_POINT ( 'NONE',  ( 1.861473433499381880, 2.000000000000000000, -1.074722187920181815 ) ) ;
#1977 = VECTOR ( 'NONE', #3829, 1000.000000000000227 ) ;
#1978 = EDGE_LOOP ( 'NONE', ( #9654, #9754, #1072, #6130, #6440, #5639, #9764, #975, #7198, #600, #6907, #1216, #8976, #9454, #6208, #5624, #2853, #200, #4014, #2850, #8864, #2010, #6230, #4371, #5370, #10112, #8511, #9793, #4120, #2987, #3423, #1417, #1520, #4426, #10038, #9352, #9151, #2587, #5425, #5382, #5226, #9867, #7774, #1434, #6905, #2339, #3900, #652, #5130, #4838, #3648, #2374, #6747, #1878, #2337, #6017, #7625, #7840, #5132, #8844, #3917, #470, #300, #10005, #8156, #9855, #7001, #9187, #2079, #8467, #9444, #4304, #531, #9128, #5248, #5684, #2930, #10158, #1587, #5965, #94, #3326, #259, #8854, #2680, #515, #2114, #3969, #2444, #7011, #9074, #5841, #3127, #7564, #7925, #8905, #7490, #8398, #10002, #4277, #8756, #6365, #10234, #6525, #551, #786, #48, #4650, #2126, #5349, #1164, #9705, #2600, #1117, #4001, #4036, #7768, #9008, #5015, #3128, #1399, #3783, #869, #5120, #5157, #6516, #2981, #2111, #2247, #7209, #909, #8568, #400, #3672, #9801, #6140, #535, #8119, #9988, #1437, #6120, #1957, #10244, #888, #5056, #3122, #9854, #9996, #841, #6337, #1691, #4281, #9410, #4568, #2654, #3931, #315, #39, #9984, #8169, #3031, #3616, #8957, #7540, #6683, #3599, #617, #3465, #4659, #7737, #9465, #8823, #9879, #2571, #8518, #3348, #2749, #9359, #8104, #1981, #6627, #9962, #3528, #7698, #3178, #4475, #6324, #6166, #9606, #6973, #9076, #9177, #6883, #5776, #9066, #6216, #8717, #8634, #3724, #5791, #5708, #1817, #4849, #2544, #7803, #9897, #5134, #9042, #3945, #7310, #10256, #1856, #6087, #9037, #7464, #7414, #6158, #4027, #10107, #4121, #5623, #4982, #5488, #2076, #9648, #10055, #4916, #8005, #9818, #5174, #4794, #5828, #5944, #7648, #7934, #8346, #7963, #10217, #6951, #1204, #7195, #3956, #4332, #10283, #9178, #770, #3839, #2480, #4607, #9515, #9159, #6197, #7073, #2047, #7197, #8020, #6415, #3717, #3817, #9480, #3424, #5954, #274, #411, #7908, #2152, #7085, #456, #1905, #1309, #725, #9496, #6899, #2093, #9835, #9950, #4670, #9550, #1925, #10279, #2593, #460, #9124, #9145, #8793, #5237, #2203, #4317, #3836, #9182, #3520, #6845, #2453, #3894, #3070, #1970, #181, #4502, #8621, #1945 ) ) ;
#1979 = DIRECTION ( 'NONE',  ( 0.9035967632308861130, 0.000000000000000000, 0.4283840443791830377 ) ) ;
#1980 = ORIENTED_EDGE ( 'NONE', *, *, #8446, .F. ) ;
#1981 = ORIENTED_EDGE ( 'NONE', *, *, #3087, .T. ) ;
#1982 = EDGE_CURVE ( 'NONE', #3229, #7259, #9088, .T. ) ;
#1983 = CARTESIAN_POINT ( 'NONE',  ( 0.8236591385239325769, 2.000000000000000000, 0.4955883861556886205 ) ) ;
#1984 = CARTESIAN_POINT ( 'NONE',  ( -0.3750546960483544523, -0.1433794608872670517, -0.8850741211550946508 ) ) ;
#1985 = EDGE_LOOP ( 'NONE', ( #5170, #4524, #1804, #5027 ) ) ;
#1986 = CARTESIAN_POINT ( 'NONE',  ( 0.02289952236473404013, -0.1438055149296439406, -0.9609879483333043648 ) ) ;
#1987 = EDGE_CURVE ( 'NONE', #6739, #6807, #5507, .T. ) ;
#1988 = EDGE_CURVE ( 'NONE', #2236, #8439, #1462, .T. ) ;
#1989 = EDGE_CURVE ( 'NONE', #7765, #9599, #3139, .T. ) ;
#1990 = ORIENTED_EDGE ( 'NONE', *, *, #9284, .F. ) ;
#1991 = VECTOR ( 'NONE', #230, 999.9999999999998863 ) ;
#1992 = LINE ( 'NONE', #4306, #729 ) ;
#1993 = ORIENTED_EDGE ( 'NONE', *, *, #7129, .T. ) ;
#1994 = EDGE_CURVE ( 'NONE', #7927, #240, #1570, .T. ) ;
#1995 = CARTESIAN_POINT ( 'NONE',  ( -0.8207902148049740498, 2.000000000000000000, 0.5003255422690228160 ) ) ;
#1996 = CARTESIAN_POINT ( 'NONE',  ( -0.4830264792950583197, 2.000000000000000000, -0.8310882295317429946 ) ) ;
#1997 = VECTOR ( 'NONE', #3688, 1000.000000000000000 ) ;
#1998 = DIRECTION ( 'NONE',  ( -0.9742326696776242301, 0.000000000000000000, -0.2255453509447911398 ) ) ;
#1999 = CARTESIAN_POINT ( 'NONE',  ( -0.3324718211827631942, -0.1499342098531314116, -0.9019338740095103057 ) ) ;
#2000 = VECTOR ( 'NONE', #7056, 1000.000000000000000 ) ;
#2001 = EDGE_CURVE ( 'NONE', #2132, #8623, #3028, .T. ) ;
#2002 = EDGE_LOOP ( 'NONE', ( #8225, #2479, #7957, #6109 ) ) ;
#2003 = ADVANCED_FACE ( 'NONE', ( #8771 ), #2354, .F. ) ;
#2004 = DIRECTION ( 'NONE',  ( -0.000000000000000000, -1.000000000000000000, -0.000000000000000000 ) ) ;
#2005 = ORIENTED_EDGE ( 'NONE', *, *, #2894, .F. ) ;
#2006 = EDGE_CURVE ( 'NONE', #6175, #1555, #8669, .T. ) ;
#2007 = DIRECTION ( 'NONE',  ( 0.000000000000000000, -1.000000000000000000, 0.000000000000000000 ) ) ;
#2008 = DIRECTION ( 'NONE',  ( -0.5683457295457615688, 0.000000000000000000, 0.8227898466237268948 ) ) ;
#2009 = VERTEX_POINT ( 'NONE', #2494 ) ;
#2010 = ORIENTED_EDGE ( 'NONE', *, *, #4141, .T. ) ;
#2011 = VECTOR ( 'NONE', #425, 999.9999999999998863 ) ;
#2012 = CARTESIAN_POINT ( 'NONE',  ( 0.9540240211766748413, -0.1473724245436886238, 0.1177301659910256898 ) ) ;
#2013 = AXIS2_PLACEMENT_3D ( 'NONE', #8702, #864, #1651 ) ;
#2014 = DIRECTION ( 'NONE',  ( -0.9453198122460623187, 0.000000000000000000, -0.3261448337396586350 ) ) ;
#2015 = CARTESIAN_POINT ( 'NONE',  ( 0.1431626797720720878, 2.000000000000000000, -0.9505402001424588798 ) ) ;
#2016 = CARTESIAN_POINT ( 'NONE',  ( 0.6988304498648002516, -0.1459623876292463207, -0.6600441101230642982 ) ) ;
#2017 = VERTEX_POINT ( 'NONE', #2545 ) ;
#2018 = DIRECTION ( 'NONE',  ( -0.2514790358596578068, 0.000000000000000000, 0.9678627457047290772 ) ) ;
#2019 = ORIENTED_EDGE ( 'NONE', *, *, #7811, .F. ) ;
#2020 = EDGE_CURVE ( 'NONE', #8600, #8041, #1818, .T. ) ;
#2021 = ORIENTED_EDGE ( 'NONE', *, *, #4374, .F. ) ;
#2022 = VERTEX_POINT ( 'NONE', #8133 ) ;
#2023 = CARTESIAN_POINT ( 'NONE',  ( -0.9576537852278307339, -0.1450903546745302697, 0.08319526792549286620 ) ) ;
#2024 = DIRECTION ( 'NONE',  ( -0.9978417078911521187, 0.000000000000000000, 0.06566525712177297136 ) ) ;
#2025 = VECTOR ( 'NONE', #4945, 1000.000000000000000 ) ;
#2026 = ADVANCED_FACE ( 'NONE', ( #885 ), #8084, .F. ) ;
#2027 = VERTEX_POINT ( 'NONE', #9027 ) ;
#2028 = CARTESIAN_POINT ( 'NONE',  ( 2.126385852261808651, -0.1451609609644690935, -0.3139973441491870076 ) ) ;
#2029 = CARTESIAN_POINT ( 'NONE',  ( -0.02289952236472731981, -0.1438055149296448287, 0.9609879483333045869 ) ) ;
#2030 = VERTEX_POINT ( 'NONE', #4226 ) ;
#2031 = PLANE ( 'NONE',  #682 ) ;
#2032 = CARTESIAN_POINT ( 'NONE',  ( -0.4117887667798715290, -2.981555974335137194E-16, 0.8685921001945040576 ) ) ;
#2033 = CIRCLE ( 'NONE', #7214, 3.599999999999998757 ) ;
#2034 = ORIENTED_EDGE ( 'NONE', *, *, #9741, .F. ) ;
#2035 = ORIENTED_EDGE ( 'NONE', *, *, #3734, .T. ) ;
#2036 = CARTESIAN_POINT ( 'NONE',  ( -0.2558339143048442565, 2.000000000000000000, 0.9265911899310548261 ) ) ;
#2037 = CARTESIAN_POINT ( 'NONE',  ( -0.9396752671476377161, -0.1460357895205570966, 0.2025650939263782813 ) ) ;
#2038 = EDGE_CURVE ( 'NONE', #4344, #1013, #2651, .T. ) ;
#2039 = VECTOR ( 'NONE', #415, 1000.000000000000000 ) ;
#2040 = EDGE_CURVE ( 'NONE', #6736, #6006, #3439, .T. ) ;
#2041 = ORIENTED_EDGE ( 'NONE', *, *, #7354, .F. ) ;
#2042 = DIRECTION ( 'NONE',  ( 0.7819008761105626926, 0.000000000000000000, -0.6234027750479897989 ) ) ;
#2043 = PLANE ( 'NONE',  #8840 ) ;
#2044 = CARTESIAN_POINT ( 'NONE',  ( 1.335122602884976084, 2.000000000000000000, -1.684505494231932410 ) ) ;
#2045 = EDGE_LOOP ( 'NONE', ( #4700, #3322, #2760, #5562 ) ) ;
#2046 = EDGE_CURVE ( 'NONE', #1503, #7581, #4175, .T. ) ;
#2047 = ORIENTED_EDGE ( 'NONE', *, *, #6289, .T. ) ;
#2048 = SURFACE_SIDE_STYLE ('',( #5977 ) ) ;
#2049 = ORIENTED_EDGE ( 'NONE', *, *, #251, .F. ) ;
#2050 = VECTOR ( 'NONE', #1663, 1000.000000000000000 ) ;
#2051 = VECTOR ( 'NONE', #3415, 999.9999999999998863 ) ;
#2052 = DIRECTION ( 'NONE',  ( 0.000000000000000000, 1.000000000000000000, -0.000000000000000000 ) ) ;
#2053 = LINE ( 'NONE', #1898, #10143 ) ;
#2054 = CARTESIAN_POINT ( 'NONE',  ( -2.137669494649469204, -2.981555974335137194E-16, 0.2246781174858908381 ) ) ;
#2055 = DIRECTION ( 'NONE',  ( 0.4041033210507532503, 0.000000000000000000, -0.9147133463089689442 ) ) ;
#2056 = CARTESIAN_POINT ( 'NONE',  ( 0.000000000000000000, 0.000000000000000000, -3.600000000000000089 ) ) ;
#2057 = EDGE_CURVE ( 'NONE', #3428, #4003, #2748, .T. ) ;
#2058 = VECTOR ( 'NONE', #9434, 1000.000000000000000 ) ;
#2059 = VERTEX_POINT ( 'NONE', #3492 ) ;
#2060 = CARTESIAN_POINT ( 'NONE',  ( 0.7550506452478039643, -0.1438055149296439406, 0.5949123868917688407 ) ) ;
#2061 = ORIENTED_EDGE ( 'NONE', *, *, #47, .T. ) ;
#2062 = DIRECTION ( 'NONE',  ( 0.3117554040631614343, 0.000000000000000000, 0.9501623903509415214 ) ) ;
#2063 = ORIENTED_EDGE ( 'NONE', *, *, #8126, .T. ) ;
#2064 = ORIENTED_EDGE ( 'NONE', *, *, #6462, .F. ) ;
#2065 = FACE_OUTER_BOUND ( 'NONE', #9874, .T. ) ;
#2066 = ADVANCED_FACE ( 'NONE', ( #1298 ), #9125, .F. ) ;
#2067 = EDGE_CURVE ( 'NONE', #5095, #3108, #3596, .T. ) ;
#2068 = EDGE_CURVE ( 'NONE', #2682, #4595, #9075, .T. ) ;
#2069 = DIRECTION ( 'NONE',  ( 0.2917883312151642872, 0.000000000000000000, -0.9564829166099463320 ) ) ;
#2070 = VECTOR ( 'NONE', #6773, 1000.000000000000114 ) ;
#2071 = VECTOR ( 'NONE', #7292, 1000.000000000000000 ) ;
#2072 = ADVANCED_FACE ( 'NONE', ( #2855 ), #6108, .F. ) ;
#2073 = CARTESIAN_POINT ( 'NONE',  ( 0.000000000000000000, 3.200000000000000622, -2.450000000000000178 ) ) ;
#2074 = DIRECTION ( 'NONE',  ( 0.9978417078911516747, 0.000000000000000000, 0.06566525712177977148 ) ) ;
#2075 = DIRECTION ( 'NONE',  ( 0.3708014161143509124, 0.000000000000000000, 0.9287121781303355750 ) ) ;
#2076 = ORIENTED_EDGE ( 'NONE', *, *, #7355, .T. ) ;
#2077 = CARTESIAN_POINT ( 'NONE',  ( 0.9303684665555662647, -0.1458670832290543395, -0.2417369260279255971 ) ) ;
#2078 = VECTOR ( 'NONE', #2377, 1000.000000000000227 ) ;
#2079 = ORIENTED_EDGE ( 'NONE', *, *, #3450, .T. ) ;
#2080 = VECTOR ( 'NONE', #6821, 1000.000000000000000 ) ;
#2081 = ORIENTED_EDGE ( 'NONE', *, *, #6171, .F. ) ;
#2082 = ORIENTED_EDGE ( 'NONE', *, *, #9285, .T. ) ;
#2083 = DIRECTION ( 'NONE',  ( -0.9519427500406474341, 0.000000000000000000, 0.3062760203559026784 ) ) ;
#2084 = LINE ( 'NONE', #9498, #7980 ) ;
#2085 = CARTESIAN_POINT ( 'NONE',  ( 0.2558339143048314890, 2.000000000000000000, 0.9265911899310586008 ) ) ;
#2086 = EDGE_CURVE ( 'NONE', #6586, #7865, #3802, .T. ) ;
#2087 = CARTESIAN_POINT ( 'NONE',  ( 0.9408267182697738207, -0.1491166960093056604, -0.1971479423075842841 ) ) ;
#2088 = DIRECTION ( 'NONE',  ( -0.000000000000000000, 1.000000000000000000, -0.000000000000000000 ) ) ;
#2089 = DIRECTION ( 'NONE',  ( 0.3261448337396650188, 0.000000000000000000, -0.9453198122460600983 ) ) ;
#2090 = EDGE_LOOP ( 'NONE', ( #3685, #1673, #3504, #1869 ) ) ;
#2091 = LINE ( 'NONE', #5295, #2137 ) ;
#2092 = EDGE_LOOP ( 'NONE', ( #7451, #5593, #6459, #2581 ) ) ;
#2093 = ORIENTED_EDGE ( 'NONE', *, *, #5878, .T. ) ;
#2094 = VECTOR ( 'NONE', #4364, 1000.000000000000000 ) ;
#2095 = LINE ( 'NONE', #9298, #8343 ) ;
#2096 = LINE ( 'NONE', #6798, #5654 ) ;
#2097 = ORIENTED_EDGE ( 'NONE', *, *, #6670, .T. ) ;
#2098 = LINE ( 'NONE', #4560, #4896 ) ;
#2099 = LINE ( 'NONE', #4510, #5649 ) ;
#2100 = ORIENTED_EDGE ( 'NONE', *, *, #10014, .F. ) ;
#2101 =( LENGTH_UNIT ( ) NAMED_UNIT ( * ) SI_UNIT ( .MILLI., .METRE. ) );
#2102 = ORIENTED_EDGE ( 'NONE', *, *, #1311, .T. ) ;
#2103 = EDGE_CURVE ( 'NONE', #7716, #7493, #3858, .T. ) ;
#2104 = VECTOR ( 'NONE', #2305, 1000.000000000000114 ) ;
#2105 = CARTESIAN_POINT ( 'NONE',  ( -0.1774015163344524471, -0.1487670180785271301, -0.9447491344100950039 ) ) ;
#2106 = CARTESIAN_POINT ( 'NONE',  ( -1.471395926836233548, 2.000000000000000000, -1.566877516375055457 ) ) ;
#2107 = DIRECTION ( 'NONE',  ( 0.1489322019259884389, 0.000000000000000000, 0.9888474094770520750 ) ) ;
#2108 = LINE ( 'NONE', #8582, #9240 ) ;
#2109 = DIRECTION ( 'NONE',  ( 0.5901133345588596146, 0.000000000000000000, 0.8073204149380985850 ) ) ;
#2110 = ORIENTED_EDGE ( 'NONE', *, *, #3937, .T. ) ;
#2111 = ORIENTED_EDGE ( 'NONE', *, *, #2001, .T. ) ;
#2112 = CARTESIAN_POINT ( 'NONE',  ( 1.035502725338395491, -0.1447179299707552769, -1.883572464931645873 ) ) ;
#2113 = VERTEX_POINT ( 'NONE', #3968 ) ;
#2114 = ORIENTED_EDGE ( 'NONE', *, *, #5784, .T. ) ;
#2115 = LINE ( 'NONE', #7597, #8197 ) ;
#2116 = CARTESIAN_POINT ( 'NONE',  ( 2.145202938358542255, 2.000000000000000000, -0.1349647290583581849 ) ) ;
#2117 = CARTESIAN_POINT ( 'NONE',  ( 0.4204692142881912287, -3.006278401112418225E-16, -2.204176811505025757 ) ) ;
#2118 = VECTOR ( 'NONE', #297, 999.9999999999998863 ) ;
#2119 = VECTOR ( 'NONE', #8540, 1000.000000000000000 ) ;
#2120 = CARTESIAN_POINT ( 'NONE',  ( 2.086346706177045984, -3.006278401112418225E-16, 0.8260430970383897398 ) ) ;
#2121 = FACE_OUTER_BOUND ( 'NONE', #5074, .T. ) ;
#2122 = CARTESIAN_POINT ( 'NONE',  ( -0.05759418846819586157, 2.000000000000000000, -0.9595338109837904250 ) ) ;
#2123 = VERTEX_POINT ( 'NONE', #4648 ) ;
#2124 = CARTESIAN_POINT ( 'NONE',  ( 1.035502725338395491, -2.981555974335137194E-16, -1.883572464931645873 ) ) ;
#2125 = VERTEX_POINT ( 'NONE', #618 ) ;
#2126 = ORIENTED_EDGE ( 'NONE', *, *, #7977, .T. ) ;
#2127 = EDGE_CURVE ( 'NONE', #6312, #4185, #6987, .T. ) ;
#2128 = EDGE_CURVE ( 'NONE', #4633, #3142, #4698, .T. ) ;
#2129 = ADVANCED_FACE ( 'NONE', ( #6369 ), #5494, .F. ) ;
#2130 = VECTOR ( 'NONE', #6118, 999.9999999999998863 ) ;
#2131 = EDGE_LOOP ( 'NONE', ( #10154, #7357, #8463, #9318 ) ) ;
#2132 = VERTEX_POINT ( 'NONE', #4015 ) ;
#2133 = DIRECTION ( 'NONE',  ( 0.9998368636726749914, 0.000000000000000000, -0.01806228228072980987 ) ) ;
#2134 = EDGE_CURVE ( 'NONE', #5991, #2389, #7291, .T. ) ;
#2135 = DIRECTION ( 'NONE',  ( 0.000000000000000000, -1.000000000000000000, 0.000000000000000000 ) ) ;
#2136 = DIRECTION ( 'NONE',  ( 0.000000000000000000, -1.000000000000000000, 0.000000000000000000 ) ) ;
#2137 = VECTOR ( 'NONE', #1202, 1000.000000000000000 ) ;
#2138 = EDGE_LOOP ( 'NONE', ( #7233, #2801, #5603, #522 ) ) ;
#2139 = DIRECTION ( 'NONE',  ( -0.4093665898583050966, 0.000000000000000000, -0.9123699880573573617 ) ) ;
#2140 = DIRECTION ( 'NONE',  ( 0.7982682711663759978, 0.000000000000000000, 0.6023020564874780325 ) ) ;
#2141 = ORIENTED_EDGE ( 'NONE', *, *, #5784, .F. ) ;
#2142 = LINE ( 'NONE', #2867, #9016 ) ;
#2143 = EDGE_CURVE ( 'NONE', #922, #2321, #1705, .T. ) ;
#2144 = ORIENTED_EDGE ( 'NONE', *, *, #5255, .T. ) ;
#2145 = AXIS2_PLACEMENT_3D ( 'NONE', #10209, #4742, #7093 ) ;
#2146 = CARTESIAN_POINT ( 'NONE',  ( 0.7294759924352766101, 2.000000000000000000, -0.6260087870205616190 ) ) ;
#2147 = ORIENTED_EDGE ( 'NONE', *, *, #3603, .F. ) ;
#2148 = FACE_OUTER_BOUND ( 'NONE', #4919, .T. ) ;
#2149 = LINE ( 'NONE', #3720, #8337 ) ;
#2150 = DIRECTION ( 'NONE',  ( 0.9828229611194677640, 0.000000000000000000, 0.1845508794245127870 ) ) ;
#2151 = EDGE_LOOP ( 'NONE', ( #2021, #459, #6511, #5391 ) ) ;
#2152 = ORIENTED_EDGE ( 'NONE', *, *, #5768, .T. ) ;
#2153 = DIRECTION ( 'NONE',  ( -0.7854795351794431335, 0.000000000000000000, 0.6188876310076700804 ) ) ;
#2154 = VERTEX_POINT ( 'NONE', #871 ) ;
#2155 = CARTESIAN_POINT ( 'NONE',  ( 0.9557185851998062365, 2.000000000000000000, 1.925282605420721493 ) ) ;
#2156 = DIRECTION ( 'NONE',  ( -0.9382822259387160191, 0.000000000000000000, -0.3458705892201420773 ) ) ;
#2157 = LINE ( 'NONE', #9118, #9409 ) ;
#2158 = DIRECTION ( 'NONE',  ( -0.4231710054858739967, 0.000000000000000000, -0.9060498331306475750 ) ) ;
#2159 = EDGE_CURVE ( 'NONE', #9445, #7314, #131, .T. ) ;
#2160 = PLANE ( 'NONE',  #383 ) ;
#2161 = DIRECTION ( 'NONE',  ( 0.9978417078911516747, 0.000000000000000000, 0.06566525712177977148 ) ) ;
#2162 = VECTOR ( 'NONE', #3046, 999.9999999999998863 ) ;
#2163 = ORIENTED_EDGE ( 'NONE', *, *, #6709, .T. ) ;
#2164 = ORIENTED_EDGE ( 'NONE', *, *, #8419, .F. ) ;
#2165 = FACE_OUTER_BOUND ( 'NONE', #2700, .T. ) ;
#2166 = ORIENTED_EDGE ( 'NONE', *, *, #8772, .T. ) ;
#2167 = ORIENTED_EDGE ( 'NONE', *, *, #3414, .F. ) ;
#2168 = DIRECTION ( 'NONE',  ( -0.9639332430866828227, 0.000000000000000000, 0.2661441392786809135 ) ) ;
#2169 = VECTOR ( 'NONE', #5341, 1000.000000000000000 ) ;
#2170 = CARTESIAN_POINT ( 'NONE',  ( 0.7912632493768595454, 2.000000000000000000, -1.998502838381145397 ) ) ;
#2171 = VECTOR ( 'NONE', #6200, 1000.000000000000114 ) ;
#2172 = LINE ( 'NONE', #5270, #5187 ) ;
#2173 = CARTESIAN_POINT ( 'NONE',  ( 0.05759418846820252985, -2.981555974335137194E-16, 0.9595338109837900920 ) ) ;
#2174 = CARTESIAN_POINT ( 'NONE',  ( 0.5508761081120544523, 2.000000000000000000, -0.7877548720748752675 ) ) ;
#2175 = DIRECTION ( 'NONE',  ( 0.000000000000000000, -1.000000000000000000, 0.000000000000000000 ) ) ;
#2176 = EDGE_CURVE ( 'NONE', #1279, #6143, #6566, .T. ) ;
#2177 = ORIENTED_EDGE ( 'NONE', *, *, #6161, .T. ) ;
#2178 = LINE ( 'NONE', #3913, #6307 ) ;
#2179 = CARTESIAN_POINT ( 'NONE',  ( 0.9602976163832700474, -2.981555974335137194E-16, 0.04301991323790607669 ) ) ;
#2180 = VERTEX_POINT ( 'NONE', #9737 ) ;
#2181 = VECTOR ( 'NONE', #14, 1000.000000000000000 ) ;
#2182 = EDGE_CURVE ( 'NONE', #2388, #2323, #2585, .T. ) ;
#2183 = VERTEX_POINT ( 'NONE', #237 ) ;
#2184 = LINE ( 'NONE', #5386, #6714 ) ;
#2185 = DIRECTION ( 'NONE',  ( 0.000000000000000000, -1.000000000000000000, 0.000000000000000000 ) ) ;
#2186 = LINE ( 'NONE', #4545, #331 ) ;
#2187 = LINE ( 'NONE', #2293, #1718 ) ;
#2188 = ORIENTED_EDGE ( 'NONE', *, *, #5591, .F. ) ;
#2189 = CARTESIAN_POINT ( 'NONE',  ( 0.8436897371696876480, 2.000000000000000000, 0.4606624060642782736 ) ) ;
#2190 = CARTESIAN_POINT ( 'NONE',  ( -0.7294759924352722802, -0.1447218629912427057, 0.6260087870205670590 ) ) ;
#2191 = ADVANCED_FACE ( 'NONE', ( #3425 ), #6463, .F. ) ;
#2192 = EDGE_LOOP ( 'NONE', ( #1814, #1336, #4747, #2995 ) ) ;
#2193 = ORIENTED_EDGE ( 'NONE', *, *, #6601, .F. ) ;
#2194 = CARTESIAN_POINT ( 'NONE',  ( 0.9473335580173301018, 2.000000000000000000, 0.1630378938180099269 ) ) ;
#2195 = ADVANCED_FACE ( 'NONE', ( #496 ), #9160, .F. ) ;
#2196 = EDGE_CURVE ( 'NONE', #6848, #2424, #8325, .T. ) ;
#2197 = EDGE_CURVE ( 'NONE', #7100, #6999, #4264, .T. ) ;
#2198 = ORIENTED_EDGE ( 'NONE', *, *, #5078, .T. ) ;
#2199 = VECTOR ( 'NONE', #2168, 1000.000000000000114 ) ;
#2200 = DIRECTION ( 'NONE',  ( 0.8427808753721494073, 0.000000000000000000, -0.5382568124110959085 ) ) ;
#2201 = CARTESIAN_POINT ( 'NONE',  ( -2.148972967168876202, 2.000000000000000000, -0.04501456663477697989 ) ) ;
#2202 = FACE_OUTER_BOUND ( 'NONE', #525, .T. ) ;
#2203 = ORIENTED_EDGE ( 'NONE', *, *, #4112, .T. ) ;
#2204 = LINE ( 'NONE', #2362, #579 ) ;
#2205 = ORIENTED_EDGE ( 'NONE', *, *, #9375, .T. ) ;
#2206 = FACE_OUTER_BOUND ( 'NONE', #9937, .T. ) ;
#2207 = DIRECTION ( 'NONE',  ( 0.04475363562199190237, 0.000000000000000000, -0.9989980541015152093 ) ) ;
#2208 = VECTOR ( 'NONE', #1556, 1000.000000000000000 ) ;
#2209 = DIRECTION ( 'NONE',  ( 0.8875345109941240596, 0.000000000000000000, -0.4607412416904103636 ) ) ;
#2210 = DIRECTION ( 'NONE',  ( -0.000000000000000000, 1.000000000000000000, -0.000000000000000000 ) ) ;
#2211 = VECTOR ( 'NONE', #7046, 999.9999999999998863 ) ;
#2212 = EDGE_CURVE ( 'NONE', #1254, #5297, #6716, .T. ) ;
#2213 = FACE_OUTER_BOUND ( 'NONE', #9815, .T. ) ;
#2214 = DIRECTION ( 'NONE',  ( 0.9989980541015162085, 0.000000000000000000, -0.04475363562197142570 ) ) ;
#2215 = AXIS2_PLACEMENT_3D ( 'NONE', #907, #1838, #4299 ) ;
#2216 = ORIENTED_EDGE ( 'NONE', *, *, #1046, .T. ) ;
#2217 = VECTOR ( 'NONE', #5141, 1000.000000000000000 ) ;
#2218 = VECTOR ( 'NONE', #3622, 1000.000000000000114 ) ;
#2219 = ORIENTED_EDGE ( 'NONE', *, *, #6578, .T. ) ;
#2220 = DIRECTION ( 'NONE',  ( 0.9828229611194677640, 0.000000000000000000, 0.1845508794245127593 ) ) ;
#2221 = CARTESIAN_POINT ( 'NONE',  ( 2.137669494649466539, 2.000000000000000000, 0.2246781174859190100 ) ) ;
#2222 = ORIENTED_EDGE ( 'NONE', *, *, #9406, .T. ) ;
#2223 = VERTEX_POINT ( 'NONE', #1906 ) ;
#2224 = VECTOR ( 'NONE', #2055, 1000.000000000000000 ) ;
#2225 = CARTESIAN_POINT ( 'NONE',  ( 1.904845299228174804, -2.981555974335137194E-16, -0.9958290570375245565 ) ) ;
#2226 = CARTESIAN_POINT ( 'NONE',  ( 0.4204692142881906181, -0.1454566137144368831, -2.204176811505024869 ) ) ;
#2227 = PLANE ( 'NONE',  #4346 ) ;
#2228 = VECTOR ( 'NONE', #4273, 999.9999999999998863 ) ;
#2229 = DIRECTION ( 'NONE',  ( -0.9982034669914630065, 0.000000000000000000, 0.05991526087920628213 ) ) ;
#2230 = CARTESIAN_POINT ( 'NONE',  ( 0.7550506452478165098, -2.981555974335137194E-16, -0.5949123868917531865 ) ) ;
#2231 = CARTESIAN_POINT ( 'NONE',  ( -0.5789693251283276609, -0.1432581301189111422, 0.7673439551640682810 ) ) ;
#2232 = DIRECTION ( 'NONE',  ( 0.9992393150264378132, 0.000000000000000000, 0.03899732433764601519 ) ) ;
#2233 = ORIENTED_EDGE ( 'NONE', *, *, #2322, .T. ) ;
#2234 = CARTESIAN_POINT ( 'NONE',  ( -0.3750546960483606140, -0.1433794608872670517, 0.8850741211550920973 ) ) ;
#2235 = VERTEX_POINT ( 'NONE', #6768 ) ;
#2236 = VERTEX_POINT ( 'NONE', #1179 ) ;
#2237 = CARTESIAN_POINT ( 'NONE',  ( 2.086346706177062860, -0.1447218629912427057, -0.8260430970383457749 ) ) ;
#2238 = ORIENTED_EDGE ( 'NONE', *, *, #4690, .T. ) ;
#2239 = DIRECTION ( 'NONE',  ( -0.9888474094770489664, 0.000000000000000000, -0.1489322019260090613 ) ) ;
#2240 = ADVANCED_FACE ( 'NONE', ( #4369 ), #7538, .F. ) ;
#2241 = CARTESIAN_POINT ( 'NONE',  ( -0.3584601446948637027, -2.981555974335137194E-16, -2.119343636482120541 ) ) ;
#2242 = CARTESIAN_POINT ( 'NONE',  ( -0.7294759924352722802, 2.000000000000000000, 0.6260087870205670590 ) ) ;
#2243 = DIRECTION ( 'NONE',  ( 0.002880682490158270170, 0.000000000000000000, -0.9999958508255876177 ) ) ;
#2244 = ORIENTED_EDGE ( 'NONE', *, *, #2067, .F. ) ;
#2245 = CARTESIAN_POINT ( 'NONE',  ( -0.8021835618679543645, -0.1454656455588212438, -0.5296449358157109266 ) ) ;
#2246 = FACE_OUTER_BOUND ( 'NONE', #6472, .T. ) ;
#2247 = ORIENTED_EDGE ( 'NONE', *, *, #4707, .T. ) ;
#2248 = VECTOR ( 'NONE', #6170, 1000.000000000000114 ) ;
#2249 = CARTESIAN_POINT ( 'NONE',  ( -0.5463284409049794510, -2.981555974335137194E-16, -0.7909155831216888588 ) ) ;
#2250 = AXIS2_PLACEMENT_3D ( 'NONE', #5039, #1052, #8987 ) ;
#2251 = PLANE ( 'NONE',  #3084 ) ;
#2252 = VERTEX_POINT ( 'NONE', #8692 ) ;
#2253 = LINE ( 'NONE', #2194, #8012 ) ;
#2254 = ORIENTED_EDGE ( 'NONE', *, *, #7992, .F. ) ;
#2255 = LINE ( 'NONE', #4667, #1209 ) ;
#2256 = DIRECTION ( 'NONE',  ( 0.3261448337396650188, 0.000000000000000000, -0.9453198122460600983 ) ) ;
#2257 = ORIENTED_EDGE ( 'NONE', *, *, #2319, .T. ) ;
#2258 = VECTOR ( 'NONE', #3222, 1000.000000000000114 ) ;
#2259 = EDGE_CURVE ( 'NONE', #8349, #9916, #7852, .T. ) ;
#2260 = EDGE_CURVE ( 'NONE', #3498, #3785, #6089, .T. ) ;
#2261 = CARTESIAN_POINT ( 'NONE',  ( 0.2611680761981456378, 2.000000000000000000, 0.9251018651701803375 ) ) ;
#2262 = VERTEX_POINT ( 'NONE', #3110 ) ;
#2263 = EDGE_CURVE ( 'NONE', #2059, #4205, #5318, .T. ) ;
#2264 = DIRECTION ( 'NONE',  ( -0.000000000000000000, 1.000000000000000000, 0.000000000000000000 ) ) ;
#2265 = DIRECTION ( 'NONE',  ( 0.03899732433764601519, 0.000000000000000000, -0.9992393150264378132 ) ) ;
#2266 = CARTESIAN_POINT ( 'NONE',  ( 0.3699492575029079133, -0.1496419838468801000, 0.8872202499038410739 ) ) ;
#2267 = CARTESIAN_POINT ( 'NONE',  ( -1.035502725338369956, 2.000000000000000000, -1.883572464931660972 ) ) ;
#2268 = CARTESIAN_POINT ( 'NONE',  ( -0.3376626519355324652, 2.000000000000000000, -0.9000034213569690911 ) ) ;
#2269 = EDGE_LOOP ( 'NONE', ( #3287, #9463, #9402, #2457 ) ) ;
#2270 = ORIENTED_EDGE ( 'NONE', *, *, #3597, .F. ) ;
#2271 = VECTOR ( 'NONE', #258, 1000.000000000000000 ) ;
#2272 = CARTESIAN_POINT ( 'NONE',  ( 2.212499041939553379, -0.1456920279732068779, -0.3742162021574436670 ) ) ;
#2273 = ORIENTED_EDGE ( 'NONE', *, *, #5762, .T. ) ;
#2274 = VERTEX_POINT ( 'NONE', #1333 ) ;
#2275 = ADVANCED_FACE ( 'NONE', ( #5526 ), #1484, .F. ) ;
#2276 = DIRECTION ( 'NONE',  ( 0.000000000000000000, 1.000000000000000000, 0.000000000000000000 ) ) ;
#2277 = LINE ( 'NONE', #6253, #4801 ) ;
#2278 = DIRECTION ( 'NONE',  ( 0.9207430172529531553, 0.000000000000000000, -0.3901695736214295662 ) ) ;
#2279 = VECTOR ( 'NONE', #9692, 1000.000000000000000 ) ;
#2280 = DIRECTION ( 'NONE',  ( 0.000000000000000000, -1.000000000000000000, 0.000000000000000000 ) ) ;
#2281 = DIRECTION ( 'NONE',  ( 0.9623838978496807028, 0.000000000000000000, 0.2716932703613678668 ) ) ;
#2282 = CARTESIAN_POINT ( 'NONE',  ( 0.09000938839283828541, -0.1427855095417411291, 2.147558947929734785 ) ) ;
#2283 = LINE ( 'NONE', #5487, #1681 ) ;
#2284 = VERTEX_POINT ( 'NONE', #4525 ) ;
#2285 = CARTESIAN_POINT ( 'NONE',  ( -0.1376839174504086438, -2.981555974335137194E-16, 0.9513492333743143181 ) ) ;
#2286 = CARTESIAN_POINT ( 'NONE',  ( -0.3584601446948637027, -0.1454566137144368831, -2.119343636482120541 ) ) ;
#2287 = ORIENTED_EDGE ( 'NONE', *, *, #8891, .T. ) ;
#2288 = ORIENTED_EDGE ( 'NONE', *, *, #5164, .T. ) ;
#2289 = EDGE_LOOP ( 'NONE', ( #6461, #6539, #1475, #7208 ) ) ;
#2290 = CARTESIAN_POINT ( 'NONE',  ( 0.6934102960787993375, -3.006278401112418225E-16, 2.134097452749637025 ) ) ;
#2291 = LINE ( 'NONE', #7930, #299 ) ;
#2292 = LINE ( 'NONE', #5500, #9387 ) ;
#2293 = CARTESIAN_POINT ( 'NONE',  ( -0.8597777503361603291, 2.000000000000000000, 0.4298888751680808862 ) ) ;
#2294 = ORIENTED_EDGE ( 'NONE', *, *, #8183, .F. ) ;
#2295 = CARTESIAN_POINT ( 'NONE',  ( 0.9612567592082511547, -0.1432581301189111422, -0.002769087004202684145 ) ) ;
#2296 = EDGE_CURVE ( 'NONE', #6923, #7071, #9478, .T. ) ;
#2297 = DIRECTION ( 'NONE',  ( 0.7450692948612589461, 0.000000000000000000, -0.6669870657328719199 ) ) ;
#2298 = VECTOR ( 'NONE', #6526, 1000.000000000000114 ) ;
#2299 = VERTEX_POINT ( 'NONE', #9524 ) ;
#2300 = DIRECTION ( 'NONE',  ( -0.7309375656651621034, 0.000000000000000000, -0.6824443384624762077 ) ) ;
#2301 = ORIENTED_EDGE ( 'NONE', *, *, #8618, .T. ) ;
#2302 = DIRECTION ( 'NONE',  ( 0.000000000000000000, 1.000000000000000000, -0.000000000000000000 ) ) ;
#2303 = CIRCLE ( 'NONE', #8972, 2.450000000000000178 ) ;
#2304 = ORIENTED_EDGE ( 'NONE', *, *, #9783, .F. ) ;
#2305 = DIRECTION ( 'NONE',  ( 0.6824443384624812037, 0.000000000000000000, -0.7309375656651574404 ) ) ;
#2306 = EDGE_CURVE ( 'NONE', #8867, #7945, #8743, .T. ) ;
#2307 = LINE ( 'NONE', #2409, #5189 ) ;
#2308 = CARTESIAN_POINT ( 'NONE',  ( 1.280637217848568099, -3.006278401112418225E-16, 1.842595477255292824 ) ) ;
#2309 = AXIS2_PLACEMENT_3D ( 'NONE', #675, #3864, #3075 ) ;
#2310 = VERTEX_POINT ( 'NONE', #4942 ) ;
#2311 = DIRECTION ( 'NONE',  ( -0.6234027750480001240, 0.000000000000000000, 0.7819008761105544769 ) ) ;
#2312 = ORIENTED_EDGE ( 'NONE', *, *, #5656, .T. ) ;
#2313 = EDGE_CURVE ( 'NONE', #506, #9224, #8106, .T. ) ;
#2314 = FACE_OUTER_BOUND ( 'NONE', #6220, .T. ) ;
#2315 = CARTESIAN_POINT ( 'NONE',  ( -1.035502725338382390, -0.1447179299707552769, 1.883572464931653201 ) ) ;
#2316 = VECTOR ( 'NONE', #4347, 1000.000000000000000 ) ;
#2317 = CARTESIAN_POINT ( 'NONE',  ( -0.1376839174504086438, 2.000000000000000000, 0.9513492333743143181 ) ) ;
#2318 = EDGE_CURVE ( 'NONE', #4065, #1882, #3165, .T. ) ;
#2319 = EDGE_CURVE ( 'NONE', #7346, #6332, #7184, .T. ) ;
#2320 = CARTESIAN_POINT ( 'NONE',  ( 2.194887756272248858, 2.000000000000000000, 0.4665377947248842694 ) ) ;
#2321 = VERTEX_POINT ( 'NONE', #4836 ) ;
#2322 = EDGE_CURVE ( 'NONE', #6693, #1464, #5777, .T. ) ;
#2323 = VERTEX_POINT ( 'NONE', #3209 ) ;
#2324 = DIRECTION ( 'NONE',  ( 0.8674621517390596059, 0.000000000000000000, 0.4975031811961012629 ) ) ;
#2325 = ORIENTED_EDGE ( 'NONE', *, *, #4716, .F. ) ;
#2326 = CARTESIAN_POINT ( 'NONE',  ( 0.1798608697331147699, -2.981555974335137194E-16, -2.141905971878964365 ) ) ;
#2327 = PRODUCT_DEFINITION_SHAPE ( 'NONE', 'NONE',  #4058 ) ;
#2328 = CARTESIAN_POINT ( 'NONE',  ( 1.698638506051832975, -0.1494084084223078757, 1.466225426835376267 ) ) ;
#2329 = CARTESIAN_POINT ( 'NONE',  ( 2.243922854409346357, -3.006278401112418225E-16, 2.249719507907421701E-14 ) ) ;
#2330 = EDGE_CURVE ( 'NONE', #3613, #1197, #8944, .T. ) ;
#2331 = EDGE_CURVE ( 'NONE', #3495, #992, #5880, .T. ) ;
#2332 = CARTESIAN_POINT ( 'NONE',  ( 0.1376839174504019270, -0.1478946242935122724, -0.9513492333743153173 ) ) ;
#2333 = PLANE ( 'NONE',  #4655 ) ;
#2334 = DIRECTION ( 'NONE',  ( 0.3315857306873711829, 0.000000000000000000, -0.9434250914643527164 ) ) ;
#2335 = DIRECTION ( 'NONE',  ( 0.7723462619080179170, 0.000000000000000000, 0.6352017409585014596 ) ) ;
#2336 = EDGE_CURVE ( 'NONE', #4969, #5025, #4253, .T. ) ;
#2337 = ORIENTED_EDGE ( 'NONE', *, *, #3089, .T. ) ;
#2338 = CARTESIAN_POINT ( 'NONE',  ( 0.9540240211766748413, -2.981555974335137194E-16, 0.1177301659910256898 ) ) ;
#2339 = ORIENTED_EDGE ( 'NONE', *, *, #7955, .T. ) ;
#2340 = ORIENTED_EDGE ( 'NONE', *, *, #9600, .F. ) ;
#2341 = ORIENTED_EDGE ( 'NONE', *, *, #1553, .F. ) ;
#2342 = VECTOR ( 'NONE', #8368, 1000.000000000000114 ) ;
#2343 = CARTESIAN_POINT ( 'NONE',  ( -0.6745345522507341096, 2.000000000000000000, 0.6848542639031227619 ) ) ;
#2344 = DIRECTION ( 'NONE',  ( -0.9888474094770489664, 0.000000000000000000, -0.1489322019260090613 ) ) ;
#2345 = LINE ( 'NONE', #676, #8549 ) ;
#2346 = CARTESIAN_POINT ( 'NONE',  ( -0.01736256296937428376, -0.1439148779360118480, -0.9611039310987762319 ) ) ;
#2347 = EDGE_CURVE ( 'NONE', #4955, #4595, #4358, .T. ) ;
#2348 = VERTEX_POINT ( 'NONE', #6653 ) ;
#2349 = CYLINDRICAL_SURFACE ( 'NONE', #1460, 2.000000000000000000 ) ;
#2350 = VECTOR ( 'NONE', #6026, 1000.000000000000114 ) ;
#2351 = CARTESIAN_POINT ( 'NONE',  ( 0.3277990464325442055, -3.006278401112418225E-16, -2.219850797170498602 ) ) ;
#2352 = VECTOR ( 'NONE', #6950, 1000.000000000000114 ) ;
#2353 = ORIENTED_EDGE ( 'NONE', *, *, #8381, .T. ) ;
#2354 = PLANE ( 'NONE',  #4689 ) ;
#2355 = EDGE_LOOP ( 'NONE', ( #3494, #2876, #6076, #694 ) ) ;
#2356 = EDGE_CURVE ( 'NONE', #2685, #2747, #5829, .T. ) ;
#2357 = CARTESIAN_POINT ( 'NONE',  ( 0.000000000000000000, -22.29461818466508305, -3.600000000000000089 ) ) ;
#2358 = VERTEX_POINT ( 'NONE', #5396 ) ;
#2359 = CARTESIAN_POINT ( 'NONE',  ( 0.8622402173287481153, 2.000000000000000000, 0.4249282675784938346 ) ) ;
#2360 = CARTESIAN_POINT ( 'NONE',  ( 1.535719282928361018, -0.1499926892710059800, -1.503887432248145917 ) ) ;
#2361 = VERTEX_POINT ( 'NONE', #5976 ) ;
#2362 = CARTESIAN_POINT ( 'NONE',  ( 1.981493566476397961, -0.1447218629912427057, 0.8329431978499892697 ) ) ;
#2363 = EDGE_CURVE ( 'NONE', #3735, #8299, #5148, .T. ) ;
#2364 = LINE ( 'NONE', #3352, #3650 ) ;
#2365 = EDGE_CURVE ( 'NONE', #322, #1654, #8565, .T. ) ;
#2366 = DIRECTION ( 'NONE',  ( 0.08080691660716181335, 0.000000000000000000, -0.9967297739249305621 ) ) ;
#2367 = LINE ( 'NONE', #3949, #327 ) ;
#2368 = VECTOR ( 'NONE', #3787, 1000.000000000000000 ) ;
#2369 = ADVANCED_FACE ( 'NONE', ( #629 ), #2251, .F. ) ;
#2370 = FACE_OUTER_BOUND ( 'NONE', #5831, .T. ) ;
#2371 = ORIENTED_EDGE ( 'NONE', *, *, #7069, .F. ) ;
#2372 = ORIENTED_EDGE ( 'NONE', *, *, #660, .T. ) ;
#2373 = CARTESIAN_POINT ( 'NONE',  ( 1.263411704742000596, -0.1483595806240759762, -1.738937028518523720 ) ) ;
#2374 = ORIENTED_EDGE ( 'NONE', *, *, #1854, .T. ) ;
#2375 = VECTOR ( 'NONE', #3970, 1000.000000000000000 ) ;
#2376 = PLANE ( 'NONE',  #4228 ) ;
#2377 = DIRECTION ( 'NONE',  ( 0.1281906809831648564, 0.000000000000000000, -0.9917495396061811741 ) ) ;
#2378 = DIRECTION ( 'NONE',  ( -0.1639277132441314122, 0.000000000000000000, -0.9864723538095477862 ) ) ;
#2379 = EDGE_CURVE ( 'NONE', #1111, #8458, #7059, .T. ) ;
#2380 = VECTOR ( 'NONE', #2466, 1000.000000000000114 ) ;
#2381 = DIRECTION ( 'NONE',  ( 0.7723462619080180280, 0.000000000000000000, 0.6352017409585014596 ) ) ;
#2382 = CARTESIAN_POINT ( 'NONE',  ( -0.2345538076625601764, -0.1448052212307962827, -2.231630410227368966 ) ) ;
#2383 = CARTESIAN_POINT ( 'NONE',  ( -1.280637217848594522, 2.000000000000000000, 1.842595477255278613 ) ) ;
#2384 = AXIS2_PLACEMENT_3D ( 'NONE', #1064, #7377, #6553 ) ;
#2385 = ORIENTED_EDGE ( 'NONE', *, *, #4057, .F. ) ;
#2386 = DIRECTION ( 'NONE',  ( -0.9519427500406433262, 0.000000000000000000, -0.3062760203559155570 ) ) ;
#2387 = ORIENTED_EDGE ( 'NONE', *, *, #8517, .T. ) ;
#2388 = VERTEX_POINT ( 'NONE', #8670 ) ;
#2389 = VERTEX_POINT ( 'NONE', #3030 ) ;
#2390 = ADVANCED_FACE ( 'NONE', ( #3141 ), #5508, .F. ) ;
#2391 = EDGE_CURVE ( 'NONE', #7247, #6066, #740, .T. ) ;
#2392 = CARTESIAN_POINT ( 'NONE',  ( -1.635749363218309327, -3.006278401112418225E-16, -1.536070895913167922 ) ) ;
#2393 = EDGE_CURVE ( 'NONE', #2941, #2022, #5452, .T. ) ;
#2394 = VECTOR ( 'NONE', #2645, 1000.000000000000000 ) ;
#2395 = DIRECTION ( 'NONE',  ( -0.9787424697960442899, 0.000000000000000000, -0.2050930954896811875 ) ) ;
#2396 = LINE ( 'NONE', #5598, #4894 ) ;
#2397 = ADVANCED_FACE ( 'NONE', ( #4430 ), #6102, .T. ) ;
#2398 = DIRECTION ( 'NONE',  ( -0.9639332430866828227, 0.000000000000000000, 0.2661441392786808580 ) ) ;
#2399 = ORIENTED_EDGE ( 'NONE', *, *, #8998, .F. ) ;
#2400 = CARTESIAN_POINT ( 'NONE',  ( -2.148151099483873505, -3.006278401112418225E-16, -0.6485650548147097183 ) ) ;
#2401 = CARTESIAN_POINT ( 'NONE',  ( 1.815371723283485172, -3.006278401112418225E-16, 1.318944761103864272 ) ) ;
#2402 = VERTEX_POINT ( 'NONE', #3797 ) ;
#2403 = ORIENTED_EDGE ( 'NONE', *, *, #1362, .F. ) ;
#2404 = EDGE_CURVE ( 'NONE', #8665, #2154, #7707, .T. ) ;
#2405 = CARTESIAN_POINT ( 'NONE',  ( 1.597348465557262509, -2.981555974335137194E-16, 1.438259018540742673 ) ) ;
#2406 = ORIENTED_EDGE ( 'NONE', *, *, #9257, .T. ) ;
#2407 = VECTOR ( 'NONE', #4107, 1000.000000000000000 ) ;
#2408 = DIRECTION ( 'NONE',  ( 0.7686738296558961459, 0.000000000000000000, -0.6396409489722638675 ) ) ;
#2409 = CARTESIAN_POINT ( 'NONE',  ( 2.119107720340017043, -0.1458349236714002739, 0.7379513846696956758 ) ) ;
#2410 = CARTESIAN_POINT ( 'NONE',  ( 0.9605295310403396680, 2.000000000000000000, -0.03748659714900877404 ) ) ;
#2411 = ORIENTED_EDGE ( 'NONE', *, *, #8672, .T. ) ;
#2412 = CARTESIAN_POINT ( 'NONE',  ( 0.9396752671476348295, -0.1460357895205570966, 0.2025650939263916595 ) ) ;
#2413 = CARTESIAN_POINT ( 'NONE',  ( -0.2558339143048442565, -0.1498172852299859137, 0.9265911899310548261 ) ) ;
#2414 = VECTOR ( 'NONE', #7728, 1000.000000000000000 ) ;
#2415 = CARTESIAN_POINT ( 'NONE',  ( 2.236053101125676346, 2.000000000000000000, 0.1877666250610895704 ) ) ;
#2416 = DIRECTION ( 'NONE',  ( 0.5683457295457562397, 0.000000000000000000, -0.8227898466237306696 ) ) ;
#2417 = PLANE ( 'NONE',  #2562 ) ;
#2418 = CARTESIAN_POINT ( 'NONE',  ( 2.173425891652589925, -0.1460293543205271327, -0.5580409214696778752 ) ) ;
#2419 = DIRECTION ( 'NONE',  ( -0.8313236394285077324, 0.000000000000000000, 0.5557886347590605958 ) ) ;
#2420 = ORIENTED_EDGE ( 'NONE', *, *, #8635, .F. ) ;
#2421 = EDGE_CURVE ( 'NONE', #5650, #3735, #6636, .T. ) ;
#2422 = ORIENTED_EDGE ( 'NONE', *, *, #9782, .F. ) ;
#2423 = DIRECTION ( 'NONE',  ( -0.9967297739249317834, 0.000000000000000000, 0.08080691660714793556 ) ) ;
#2424 = VERTEX_POINT ( 'NONE', #5994 ) ;
#2425 = DIRECTION ( 'NONE',  ( 0.000000000000000000, 0.000000000000000000, -1.000000000000000000 ) ) ;
#2426 = LINE ( 'NONE', #1697, #8912 ) ;
#2427 = VECTOR ( 'NONE', #2175, 1000.000000000000000 ) ;
#2428 = CARTESIAN_POINT ( 'NONE',  ( 0.8792780351554191354, 2.000000000000000000, 0.3884486605197812192 ) ) ;
#2429 = CARTESIAN_POINT ( 'NONE',  ( 0.3376626519355266365, -0.1443895770494182107, 0.9000034213569713115 ) ) ;
#2430 = PLANE ( 'NONE',  #1263 ) ;
#2431 = PLANE ( 'NONE',  #9998 ) ;
#2432 = AXIS2_PLACEMENT_3D ( 'NONE', #7936, #7161, #7054 ) ;
#2433 = ORIENTED_EDGE ( 'NONE', *, *, #6529, .T. ) ;
#2434 = ORIENTED_EDGE ( 'NONE', *, *, #9204, .F. ) ;
#2435 = ORIENTED_EDGE ( 'NONE', *, *, #4886, .F. ) ;
#2436 = VERTEX_POINT ( 'NONE', #5220 ) ;
#2437 = CARTESIAN_POINT ( 'NONE',  ( -0.2558339143048442565, -2.981555974335137194E-16, 0.9265911899310548261 ) ) ;
#2438 = VECTOR ( 'NONE', #7258, 1000.000000000000000 ) ;
#2439 = DIRECTION ( 'NONE',  ( 0.3315857306873577492, 0.000000000000000000, 0.9434250914643573793 ) ) ;
#2440 = CARTESIAN_POINT ( 'NONE',  ( 2.212499041939552047, -3.006278401112418225E-16, -0.3742162021574437225 ) ) ;
#2441 = CARTESIAN_POINT ( 'NONE',  ( 0.8207902148049702751, -0.1439142420261020350, -0.5003255422690284782 ) ) ;
#2442 = EDGE_CURVE ( 'NONE', #7816, #6050, #7813, .T. ) ;
#2443 = EDGE_CURVE ( 'NONE', #5464, #6999, #8491, .T. ) ;
#2444 = ORIENTED_EDGE ( 'NONE', *, *, #1400, .T. ) ;
#2445 = DIRECTION ( 'NONE',  ( -0.2514790358596578068, 0.000000000000000000, 0.9678627457047290772 ) ) ;
#2446 = ADVANCED_FACE ( 'NONE', ( #6882 ), #613, .F. ) ;
#2447 = DIRECTION ( 'NONE',  ( 0.7124542072270356741, 0.000000000000000000, -0.7017186064260346745 ) ) ;
#2448 = ORIENTED_EDGE ( 'NONE', *, *, #3993, .T. ) ;
#2449 = ADVANCED_FACE ( 'NONE', ( #10106 ), #6202, .F. ) ;
#2450 = EDGE_LOOP ( 'NONE', ( #3397, #9699, #5803, #4368 ) ) ;
#2451 = LINE ( 'NONE', #7211, #4522 ) ;
#2452 = AXIS2_PLACEMENT_3D ( 'NONE', #4339, #9183, #1255 ) ;
#2453 = ORIENTED_EDGE ( 'NONE', *, *, #5209, .T. ) ;
#2454 = CARTESIAN_POINT ( 'NONE',  ( 1.712096752485707141, -2.981555974335137194E-16, 1.299552167079035092 ) ) ;
#2455 = EDGE_CURVE ( 'NONE', #7865, #4969, #10051, .T. ) ;
#2456 = DIRECTION ( 'NONE',  ( 0.6555985552359983037, 0.000000000000000000, -0.7551096174546260142 ) ) ;
#2457 = ORIENTED_EDGE ( 'NONE', *, *, #9783, .T. ) ;
#2458 = CARTESIAN_POINT ( 'NONE',  ( 2.148151099483882387, -0.1458349236714011621, -0.6485650548146804084 ) ) ;
#2459 = DIRECTION ( 'NONE',  ( -0.2661441392787006754, 0.000000000000000000, 0.9639332430866774937 ) ) ;
#2460 = AXIS2_PLACEMENT_3D ( 'NONE', #4721, #8619, #7896 ) ;
#2461 = CARTESIAN_POINT ( 'NONE',  ( -0.9540240211766762846, 2.000000000000000000, 0.1177301659910124088 ) ) ;
#2462 = CARTESIAN_POINT ( 'NONE',  ( -1.712096752485716911, 2.000000000000000000, -1.299552167079023546 ) ) ;
#2463 = DIRECTION ( 'NONE',  ( -0.4658469839572065840, 0.000000000000000000, 0.8848652934418742566 ) ) ;
#2464 = DIRECTION ( 'NONE',  ( -0.9453198122460645392, 0.000000000000000000, 0.3261448337396520847 ) ) ;
#2465 = DIRECTION ( 'NONE',  ( 0.000000000000000000, 1.000000000000000000, -0.000000000000000000 ) ) ;
#2466 = DIRECTION ( 'NONE',  ( -0.9942166556096160290, 0.000000000000000000, 0.1073929313708781724 ) ) ;
#2467 = AXIS2_PLACEMENT_3D ( 'NONE', #8465, #7628, #2873 ) ;
#2468 = ORIENTED_EDGE ( 'NONE', *, *, #5980, .T. ) ;
#2469 = CARTESIAN_POINT ( 'NONE',  ( -0.8947733005277485052, -0.1498172852299859137, 0.3512875825147625530 ) ) ;
#2470 = ORIENTED_EDGE ( 'NONE', *, *, #10274, .F. ) ;
#2471 = LINE ( 'NONE', #1066, #9194 ) ;
#2472 = LINE ( 'NONE', #5679, #1741 ) ;
#2473 = VECTOR ( 'NONE', #5823, 1000.000000000000000 ) ;
#2474 = EDGE_CURVE ( 'NONE', #410, #453, #663, .T. ) ;
#2475 = CARTESIAN_POINT ( 'NONE',  ( -0.4830264792950583197, -0.1433794608872670517, -0.8310882295317429946 ) ) ;
#2476 = PLANE ( 'NONE',  #6727 ) ;
#2477 = DIRECTION ( 'NONE',  ( 0.5730766698428404471, 0.000000000000000000, 0.8195017574611052069 ) ) ;
#2478 = AXIS2_PLACEMENT_3D ( 'NONE', #3888, #3102, #7690 ) ;
#2479 = ORIENTED_EDGE ( 'NONE', *, *, #7484, .T. ) ;
#2480 = ORIENTED_EDGE ( 'NONE', *, *, #1596, .T. ) ;
#2481 = VERTEX_POINT ( 'NONE', #8438 ) ;
#2482 = LINE ( 'NONE', #9838, #6582 ) ;
#2483 = VERTEX_POINT ( 'NONE', #505 ) ;
#2484 = CARTESIAN_POINT ( 'NONE',  ( -0.09000938839285352322, 2.000000000000000000, -2.147558947929733897 ) ) ;
#2485 = LINE ( 'NONE', #8604, #6390 ) ;
#2486 = EDGE_CURVE ( 'NONE', #5394, #7662, #9168, .T. ) ;
#2487 = CARTESIAN_POINT ( 'NONE',  ( 2.148151099483869064, -0.1460293543205279931, 0.6485650548147248173 ) ) ;
#2488 = ORIENTED_EDGE ( 'NONE', *, *, #6435, .F. ) ;
#2489 = CARTESIAN_POINT ( 'NONE',  ( -1.356673771595334754, -3.006278401112418225E-16, -1.787351687275304579 ) ) ;
#2490 = LINE ( 'NONE', #2595, #5955 ) ;
#2491 = EDGE_CURVE ( 'NONE', #1139, #7865, #4534, .T. ) ;
#2492 = VECTOR ( 'NONE', #7330, 1000.000000000000000 ) ;
#2493 = VERTEX_POINT ( 'NONE', #2955 ) ;
#2494 = CARTESIAN_POINT ( 'NONE',  ( 0.8695550808797305464, 2.000000000000000000, -2.068589794487257993 ) ) ;
#2495 = ORIENTED_EDGE ( 'NONE', *, *, #9466, .F. ) ;
#2496 = ORIENTED_EDGE ( 'NONE', *, *, #1171, .F. ) ;
#2497 = DIRECTION ( 'NONE',  ( 0.8427808753721492963, 0.000000000000000000, -0.5382568124110959085 ) ) ;
#2498 = VECTOR ( 'NONE', #5877, 1000.000000000000000 ) ;
#2499 = AXIS2_PLACEMENT_3D ( 'NONE', #3934, #4717, #5608 ) ;
#2500 = EDGE_CURVE ( 'NONE', #4344, #3659, #1344, .T. ) ;
#2501 = ORIENTED_EDGE ( 'NONE', *, *, #5472, .F. ) ;
#2502 = DIRECTION ( 'NONE',  ( -0.000000000000000000, 1.000000000000000000, -0.000000000000000000 ) ) ;
#2503 = DIRECTION ( 'NONE',  ( -0.9817433889756530530, 0.000000000000000000, -0.1902101947914458802 ) ) ;
#2504 = CARTESIAN_POINT ( 'NONE',  ( 1.471395926836222445, -0.1499342098531318279, 1.566877516375065671 ) ) ;
#2505 = ORIENTED_EDGE ( 'NONE', *, *, #6738, .F. ) ;
#2506 = VECTOR ( 'NONE', #4663, 1000.000000000000000 ) ;
#2507 = ORIENTED_EDGE ( 'NONE', *, *, #321, .F. ) ;
#2508 = PLANE ( 'NONE',  #2250 ) ;
#2509 = VECTOR ( 'NONE', #6961, 1000.000000000000000 ) ;
#2510 = LINE ( 'NONE', #5713, #3703 ) ;
#2511 = EDGE_CURVE ( 'NONE', #5544, #8703, #6151, .T. ) ;
#2512 = EDGE_CURVE ( 'NONE', #10317, #8293, #5381, .T. ) ;
#2513 = FACE_OUTER_BOUND ( 'NONE', #6315, .T. ) ;
#2514 = DIRECTION ( 'NONE',  ( 0.8848652934418741456, 0.000000000000000000, 0.4658469839572065285 ) ) ;
#2515 = FACE_OUTER_BOUND ( 'NONE', #2716, .T. ) ;
#2516 = LINE ( 'NONE', #6499, #892 ) ;
#2517 = CARTESIAN_POINT ( 'NONE',  ( 1.280637217848606069, -0.1473724245436886238, -1.842595477255267289 ) ) ;
#2518 = ORIENTED_EDGE ( 'NONE', *, *, #7025, .T. ) ;
#2519 = CARTESIAN_POINT ( 'NONE',  ( -0.2996782327926754697, 2.000000000000000000, -0.9133538097345658135 ) ) ;
#2520 = DIRECTION ( 'NONE',  ( 0.000000000000000000, -1.000000000000000000, 0.000000000000000000 ) ) ;
#2521 = ORIENTED_EDGE ( 'NONE', *, *, #9117, .T. ) ;
#2522 = CARTESIAN_POINT ( 'NONE',  ( 0.7516106207556835228, -0.1458670832290543395, 0.5992526176276935512 ) ) ;
#2523 = CARTESIAN_POINT ( 'NONE',  ( 0.9317457544248161083, 2.000000000000000000, 0.2363727439399835040 ) ) ;
#2524 = CIRCLE ( 'NONE', #9688, 1.999999999999999112 ) ;
#2525 = EDGE_CURVE ( 'NONE', #6586, #5025, #1240, .T. ) ;
#2526 = DIRECTION ( 'NONE',  ( 0.000000000000000000, 1.000000000000000000, -0.000000000000000000 ) ) ;
#2527 = DIRECTION ( 'NONE',  ( 0.5509898714914999163, 0.000000000000000000, 0.8345119301207025719 ) ) ;
#2528 = CARTESIAN_POINT ( 'NONE',  ( 2.111371806538503204, -0.1456920279732068779, 0.4027657127738898946 ) ) ;
#2529 = ORIENTED_EDGE ( 'NONE', *, *, #1622, .F. ) ;
#2530 = DIRECTION ( 'NONE',  ( 0.8427808753721419688, 0.000000000000000000, 0.5382568124111073438 ) ) ;
#2531 = VECTOR ( 'NONE', #6694, 1000.000000000000114 ) ;
#2532 = EDGE_LOOP ( 'NONE', ( #2244, #1331, #1325, #924 ) ) ;
#2533 = EDGE_LOOP ( 'NONE', ( #6110, #6434, #7308, #3749 ) ) ;
#2534 = LINE ( 'NONE', #132, #9573 ) ;
#2535 = ORIENTED_EDGE ( 'NONE', *, *, #2057, .T. ) ;
#2536 = CARTESIAN_POINT ( 'NONE',  ( 1.656175356194951709, -0.1494084084223078757, 1.370107409791088582 ) ) ;
#2537 = CARTESIAN_POINT ( 'NONE',  ( 1.263411704741965069, 2.000000000000000000, 1.738937028518549477 ) ) ;
#2538 = AXIS2_PLACEMENT_3D ( 'NONE', #442, #3822, #6034 ) ;
#2539 = LINE ( 'NONE', #2487, #8726 ) ;
#2540 = ORIENTED_EDGE ( 'NONE', *, *, #5440, .F. ) ;
#2541 = LINE ( 'NONE', #8232, #7296 ) ;
#2542 = LINE ( 'NONE', #1615, #2438 ) ;
#2543 = AXIS2_PLACEMENT_3D ( 'NONE', #7423, #3410, #6550 ) ;
#2544 = ORIENTED_EDGE ( 'NONE', *, *, #530, .T. ) ;
#2545 = CARTESIAN_POINT ( 'NONE',  ( 2.119107720340032586, 2.000000000000000000, -0.7379513846696518220 ) ) ;
#2546 = ADVANCED_FACE ( 'NONE', ( #7602 ), #9992, .F. ) ;
#2547 = VECTOR ( 'NONE', #878, 1000.000000000000000 ) ;
#2548 = ORIENTED_EDGE ( 'NONE', *, *, #7280, .F. ) ;
#2549 = ORIENTED_EDGE ( 'NONE', *, *, #9223, .F. ) ;
#2550 = VECTOR ( 'NONE', #7092, 1000.000000000000000 ) ;
#2551 = ORIENTED_EDGE ( 'NONE', *, *, #8194, .T. ) ;
#2552 = VECTOR ( 'NONE', #6776, 1000.000000000000114 ) ;
#2553 = VERTEX_POINT ( 'NONE', #3641 ) ;
#2554 = LINE ( 'NONE', #7358, #7600 ) ;
#2555 = DIRECTION ( 'NONE',  ( -0.9962476753287295983, 0.000000000000000000, -0.08654807566955044495 ) ) ;
#2556 = ORIENTED_EDGE ( 'NONE', *, *, #408, .T. ) ;
#2557 = ORIENTED_EDGE ( 'NONE', *, *, #2356, .F. ) ;
#2558 = PLANE ( 'NONE',  #7082 ) ;
#2559 = PLANE ( 'NONE',  #1702 ) ;
#2560 = DIRECTION ( 'NONE',  ( 0.9896890471220249896, 0.000000000000000000, -0.1432326429508931076 ) ) ;
#2561 = FACE_OUTER_BOUND ( 'NONE', #1872, .T. ) ;
#2562 = AXIS2_PLACEMENT_3D ( 'NONE', #1688, #8886, #4879 ) ;
#2563 = CARTESIAN_POINT ( 'NONE',  ( -0.9554158832770746068, -3.006278401112418225E-16, -2.030362102316350725 ) ) ;
#2564 = VECTOR ( 'NONE', #1998, 1000.000000000000227 ) ;
#2565 = CARTESIAN_POINT ( 'NONE',  ( -0.4117887667798715290, -0.1421340054777718021, 0.8685921001945040576 ) ) ;
#2566 = AXIS2_PLACEMENT_3D ( 'NONE', #9728, #8063, #5727 ) ;
#2567 = PLANE ( 'NONE',  #4214 ) ;
#2568 = EDGE_CURVE ( 'NONE', #3481, #510, #2849, .T. ) ;
#2569 = ADVANCED_FACE ( 'NONE', ( #5633 ), #2430, .F. ) ;
#2570 = ADVANCED_FACE ( 'NONE', ( #1650 ), #8800, .F. ) ;
#2571 = ORIENTED_EDGE ( 'NONE', *, *, #5204, .T. ) ;
#2572 = AXIS2_PLACEMENT_3D ( 'NONE', #8657, #724, #7102 ) ;
#2573 = CARTESIAN_POINT ( 'NONE',  ( 0.3376626519355446221, -2.981555974335137194E-16, -0.9000034213569646502 ) ) ;
#2574 = ORIENTED_EDGE ( 'NONE', *, *, #6303, .F. ) ;
#2575 = EDGE_CURVE ( 'NONE', #9491, #10079, #1599, .T. ) ;
#2576 = DIRECTION ( 'NONE',  ( -0.7686738296558919270, 0.000000000000000000, 0.6396409489722689745 ) ) ;
#2577 = DIRECTION ( 'NONE',  ( -0.8875345109941207289, 0.000000000000000000, -0.4607412416904164698 ) ) ;
#2578 = CARTESIAN_POINT ( 'NONE',  ( 2.226228852475058417, 2.000000000000000000, 0.2812381072119903291 ) ) ;
#2579 = PLANE ( 'NONE',  #2714 ) ;
#2580 = CARTESIAN_POINT ( 'NONE',  ( -0.9581172076848543107, -0.1461575717926111573, -0.07767651707282210993 ) ) ;
#2581 = ORIENTED_EDGE ( 'NONE', *, *, #3790, .T. ) ;
#2582 = LINE ( 'NONE', #4206, #5820 ) ;
#2583 = VERTEX_POINT ( 'NONE', #3120 ) ;
#2584 = EDGE_CURVE ( 'NONE', #8059, #8249, #8752, .T. ) ;
#2585 = LINE ( 'NONE', #3273, #753 ) ;
#2586 = DIRECTION ( 'NONE',  ( 0.9729170569713500027, 0.000000000000000000, 0.2311544943413534059 ) ) ;
#2587 = ORIENTED_EDGE ( 'NONE', *, *, #1765, .T. ) ;
#2588 = VECTOR ( 'NONE', #180, 1000.000000000000000 ) ;
#2589 = LINE ( 'NONE', #1910, #10202 ) ;
#2590 = CARTESIAN_POINT ( 'NONE',  ( 0.8410217014933205615, -2.981555974335137194E-16, 0.4655155449430952164 ) ) ;
#2591 = DIRECTION ( 'NONE',  ( 0.1281906809831507010, 0.000000000000000000, 0.9917495396061831725 ) ) ;
#2592 = CARTESIAN_POINT ( 'NONE',  ( -2.014635500889842668, 2.000000000000000000, -0.7492362266910577162 ) ) ;
#2593 = ORIENTED_EDGE ( 'NONE', *, *, #4716, .T. ) ;
#2594 = DIRECTION ( 'NONE',  ( -0.1224747460865534682, 0.000000000000000000, -0.9924716301089085979 ) ) ;
#2595 = CARTESIAN_POINT ( 'NONE',  ( 0.000000000000000000, 4.200000000000000178, -3.600000000000000089 ) ) ;
#2596 = ORIENTED_EDGE ( 'NONE', *, *, #8516, .F. ) ;
#2597 = VECTOR ( 'NONE', #7066, 1000.000000000000114 ) ;
#2598 = ORIENTED_EDGE ( 'NONE', *, *, #5710, .T. ) ;
#2599 = VERTEX_POINT ( 'NONE', #816 ) ;
#2600 = ORIENTED_EDGE ( 'NONE', *, *, #2474, .T. ) ;
#2601 = EDGE_CURVE ( 'NONE', #5810, #1605, #7094, .T. ) ;
#2602 = CARTESIAN_POINT ( 'NONE',  ( -2.212499041939551159, -3.006278401112418225E-16, -0.3742162021574738096 ) ) ;
#2603 = ORIENTED_EDGE ( 'NONE', *, *, #6345, .F. ) ;
#2604 = CARTESIAN_POINT ( 'NONE',  ( 2.009908089764433470, 2.000000000000000000, 0.9977270404474766208 ) ) ;
#2605 = LINE ( 'NONE', #6536, #1770 ) ;
#2606 = ORIENTED_EDGE ( 'NONE', *, *, #4182, .T. ) ;
#2607 = LINE ( 'NONE', #5814, #6183 ) ;
#2608 = DIRECTION ( 'NONE',  ( -0.1281906809831573901, 0.000000000000000000, 0.9917495396061821733 ) ) ;
#2609 = ORIENTED_EDGE ( 'NONE', *, *, #2677, .F. ) ;
#2610 = VERTEX_POINT ( 'NONE', #4010 ) ;
#2611 = CARTESIAN_POINT ( 'NONE',  ( -0.4204692142881611416, 2.000000000000000000, -2.204176811505032418 ) ) ;
#2612 = DIRECTION ( 'NONE',  ( -0.000000000000000000, 1.000000000000000000, -0.000000000000000000 ) ) ;
#2613 = CARTESIAN_POINT ( 'NONE',  ( 1.471395926836222445, 2.000000000000000000, 1.566877516375065671 ) ) ;
#2614 = PLANE ( 'NONE',  #1143 ) ;
#2615 = VECTOR ( 'NONE', #712, 1000.000000000000227 ) ;
#2616 = LINE ( 'NONE', #8991, #3130 ) ;
#2617 = CARTESIAN_POINT ( 'NONE',  ( 0.5463284409049850021, -2.981555974335137194E-16, 0.7909155831216849730 ) ) ;
#2618 = EDGE_CURVE ( 'NONE', #4338, #10271, #34, .T. ) ;
#2619 = CARTESIAN_POINT ( 'NONE',  ( -0.01736256296939445165, -2.981555974335137194E-16, 0.9611039310987760098 ) ) ;
#2620 = CARTESIAN_POINT ( 'NONE',  ( -1.869011007952383174, -0.1478946242935113842, 1.241767944784130551 ) ) ;
#2621 = EDGE_CURVE ( 'NONE', #3804, #8877, #6413, .T. ) ;
#2622 = VECTOR ( 'NONE', #3381, 1000.000000000000000 ) ;
#2623 = ORIENTED_EDGE ( 'NONE', *, *, #478, .F. ) ;
#2624 = DIRECTION ( 'NONE',  ( -0.9888474094770509648, 0.000000000000000000, 0.1489322019259954610 ) ) ;
#2625 = ORIENTED_EDGE ( 'NONE', *, *, #7163, .F. ) ;
#2626 = PLANE ( 'NONE',  #5885 ) ;
#2627 = DIRECTION ( 'NONE',  ( 0.000000000000000000, 1.000000000000000000, -0.000000000000000000 ) ) ;
#2628 = EDGE_CURVE ( 'NONE', #2745, #1279, #10210, .T. ) ;
#2629 = EDGE_CURVE ( 'NONE', #354, #2909, #863, .T. ) ;
#2630 = PLANE ( 'NONE',  #5353 ) ;
#2631 = VECTOR ( 'NONE', #1471, 1000.000000000000000 ) ;
#2632 = CARTESIAN_POINT ( 'NONE',  ( 0.8927345626982020610, 2.000000000000000000, 0.3564368464825666827 ) ) ;
#2633 = FACE_OUTER_BOUND ( 'NONE', #3464, .T. ) ;
#2634 = ADVANCED_FACE ( 'NONE', ( #10315 ), #4060, .F. ) ;
#2635 = FACE_OUTER_BOUND ( 'NONE', #1720, .T. ) ;
#2636 = ORIENTED_EDGE ( 'NONE', *, *, #2134, .T. ) ;
#2637 = ORIENTED_EDGE ( 'NONE', *, *, #4302, .T. ) ;
#2638 = FACE_OUTER_BOUND ( 'NONE', #1953, .T. ) ;
#2639 = ORIENTED_EDGE ( 'NONE', *, *, #4074, .T. ) ;
#2640 = VECTOR ( 'NONE', #2185, 1000.000000000000000 ) ;
#2641 = DIRECTION ( 'NONE',  ( -0.000000000000000000, -1.000000000000000000, -0.000000000000000000 ) ) ;
#2642 = EDGE_CURVE ( 'NONE', #9680, #9977, #9628, .T. ) ;
#2643 = ADVANCED_FACE ( 'NONE', ( #9488 ), #6310, .F. ) ;
#2644 = DIRECTION ( 'NONE',  ( 0.4792273139124932357, 0.000000000000000000, 0.8776908234681598531 ) ) ;
#2645 = DIRECTION ( 'NONE',  ( -0.000000000000000000, 1.000000000000000000, -0.000000000000000000 ) ) ;
#2646 = DIRECTION ( 'NONE',  ( 0.000000000000000000, 1.000000000000000000, 0.000000000000000000 ) ) ;
#2647 = ORIENTED_EDGE ( 'NONE', *, *, #850, .F. ) ;
#2648 = FACE_OUTER_BOUND ( 'NONE', #982, .T. ) ;
#2649 = DIRECTION ( 'NONE',  ( -0.9678627457047290772, 0.000000000000000000, -0.2514790358596578068 ) ) ;
#2650 = ORIENTED_EDGE ( 'NONE', *, *, #10012, .F. ) ;
#2651 = LINE ( 'NONE', #250, #4348 ) ;
#2652 = ORIENTED_EDGE ( 'NONE', *, *, #3037, .F. ) ;
#2653 = VERTEX_POINT ( 'NONE', #6259 ) ;
#2654 = ORIENTED_EDGE ( 'NONE', *, *, #5147, .T. ) ;
#2655 = EDGE_CURVE ( 'NONE', #7686, #3445, #9436, .T. ) ;
#2656 = CARTESIAN_POINT ( 'NONE',  ( 1.765014549298216773, -2.981555974335137194E-16, 1.226717068275131162 ) ) ;
#2657 = CARTESIAN_POINT ( 'NONE',  ( 0.8947733005277438423, -2.981555974335137194E-16, 0.3512875825147747655 ) ) ;
#2658 = ORIENTED_EDGE ( 'NONE', *, *, #7182, .F. ) ;
#2659 = FACE_OUTER_BOUND ( 'NONE', #9300, .T. ) ;
#2660 = VERTEX_POINT ( 'NONE', #10264 ) ;
#2661 = CARTESIAN_POINT ( 'NONE',  ( -2.126385852261804210, 2.000000000000000000, -0.3139973441492148742 ) ) ;
#2662 = EDGE_LOOP ( 'NONE', ( #3416, #309, #1190, #2574 ) ) ;
#2663 = VERTEX_POINT ( 'NONE', #8649 ) ;
#2664 = CARTESIAN_POINT ( 'NONE',  ( 1.263411704742000596, 2.000000000000000000, -1.738937028518523720 ) ) ;
#2665 = VECTOR ( 'NONE', #1379, 999.9999999999998863 ) ;
#2666 = DIRECTION ( 'NONE',  ( 0.000000000000000000, -1.000000000000000000, 0.000000000000000000 ) ) ;
#2667 = DIRECTION ( 'NONE',  ( -0.8969888965502764711, 0.000000000000000000, -0.4420530731320816420 ) ) ;
#2668 = DIRECTION ( 'NONE',  ( 0.9742326696776227868, 0.000000000000000000, 0.2255453509447979121 ) ) ;
#2669 = LINE ( 'NONE', #8941, #4055 ) ;
#2670 = VECTOR ( 'NONE', #5918, 1000.000000000000000 ) ;
#2671 = ORIENTED_EDGE ( 'NONE', *, *, #7107, .F. ) ;
#2672 = VERTEX_POINT ( 'NONE', #1496 ) ;
#2673 = EDGE_CURVE ( 'NONE', #8908, #3646, #4693, .T. ) ;
#2674 = CARTESIAN_POINT ( 'NONE',  ( 0.5124017362655317598, 2.000000000000000000, 2.184635950727869425 ) ) ;
#2675 = LINE ( 'NONE', #3419, #3409 ) ;
#2676 = FACE_OUTER_BOUND ( 'NONE', #6531, .T. ) ;
#2677 = EDGE_CURVE ( 'NONE', #302, #9788, #8701, .T. ) ;
#2678 = FACE_OUTER_BOUND ( 'NONE', #174, .T. ) ;
#2679 = CARTESIAN_POINT ( 'NONE',  ( -0.5345450792948676089, -2.981555974335137194E-16, -2.081915628221654213 ) ) ;
#2680 = ORIENTED_EDGE ( 'NONE', *, *, #8177, .T. ) ;
#2681 = LINE ( 'NONE', #9063, #5395 ) ;
#2682 = VERTEX_POINT ( 'NONE', #6362 ) ;
#2683 = VECTOR ( 'NONE', #5796, 1000.000000000000114 ) ;
#2684 = CARTESIAN_POINT ( 'NONE',  ( 0.2996782327926687528, -0.1451609609644690935, 0.9133538097345682560 ) ) ;
#2685 = VERTEX_POINT ( 'NONE', #9535 ) ;
#2686 = LINE ( 'NONE', #7341, #5058 ) ;
#2687 = CARTESIAN_POINT ( 'NONE',  ( 0.3277990464325442610, -0.1448052212307967268, -2.219850797170498602 ) ) ;
#2688 = CARTESIAN_POINT ( 'NONE',  ( 2.148151099483881943, -3.006278401112418225E-16, -0.6485650548146801864 ) ) ;
#2689 = VECTOR ( 'NONE', #2576, 1000.000000000000114 ) ;
#2690 = DIRECTION ( 'NONE',  ( -0.7164852230950522483, 0.000000000000000000, -0.6976022685502343279 ) ) ;
#2691 = ORIENTED_EDGE ( 'NONE', *, *, #4584, .T. ) ;
#2692 = DIRECTION ( 'NONE',  ( 0.9678627457047324079, 0.000000000000000000, -0.2514790358596445952 ) ) ;
#2693 = DIRECTION ( 'NONE',  ( -0.6234027750479897989, 0.000000000000000000, -0.7819008761105626926 ) ) ;
#2694 = VERTEX_POINT ( 'NONE', #6661 ) ;
#2695 = EDGE_CURVE ( 'NONE', #7851, #2009, #3525, .T. ) ;
#2696 = EDGE_CURVE ( 'NONE', #10068, #9493, #9731, .T. ) ;
#2697 = DIRECTION ( 'NONE',  ( -0.000000000000000000, -1.000000000000000000, -0.000000000000000000 ) ) ;
#2698 = EDGE_CURVE ( 'NONE', #9819, #722, #9889, .T. ) ;
#2699 = ORIENTED_EDGE ( 'NONE', *, *, #2356, .T. ) ;
#2700 = EDGE_LOOP ( 'NONE', ( #2911, #2956, #9428, #1011 ) ) ;
#2701 = EDGE_CURVE ( 'NONE', #3681, #1254, #8218, .T. ) ;
#2702 = AXIS2_PLACEMENT_3D ( 'NONE', #135, #8226, #9898 ) ;
#2703 = VERTEX_POINT ( 'NONE', #4101 ) ;
#2704 = AXIS2_PLACEMENT_3D ( 'NONE', #4653, #730, #8713 ) ;
#2705 = VECTOR ( 'NONE', #7797, 1000.000000000000000 ) ;
#2706 = VERTEX_POINT ( 'NONE', #1799 ) ;
#2707 = PLANE ( 'NONE',  #6012 ) ;
#2708 = CARTESIAN_POINT ( 'NONE',  ( 2.086346706177046428, -0.1453987955827127088, 0.8260430970383899618 ) ) ;
#2709 = VECTOR ( 'NONE', #1229, 1000.000000000000000 ) ;
#2710 = VERTEX_POINT ( 'NONE', #9834 ) ;
#2711 = CARTESIAN_POINT ( 'NONE',  ( -0.4830264792950641484, -0.1433794608872670517, 0.8310882295317397750 ) ) ;
#2712 = CARTESIAN_POINT ( 'NONE',  ( 0.6105945004202808502, 2.000000000000000000, -0.7424261451638770604 ) ) ;
#2713 = ORIENTED_EDGE ( 'NONE', *, *, #6534, .F. ) ;
#2714 = AXIS2_PLACEMENT_3D ( 'NONE', #334, #9730, #3524 ) ;
#2715 = EDGE_CURVE ( 'NONE', #4197, #145, #7435, .T. ) ;
#2716 = EDGE_LOOP ( 'NONE', ( #1993, #10081, #8073, #5163 ) ) ;
#2717 = CARTESIAN_POINT ( 'NONE',  ( -0.2944111163135860187, 2.000000000000000000, -0.9150651996209749894 ) ) ;
#2718 = DIRECTION ( 'NONE',  ( -0.000000000000000000, 1.000000000000000000, 0.000000000000000000 ) ) ;
#2719 = VECTOR ( 'NONE', #3758, 999.9999999999998863 ) ;
#2720 = FACE_OUTER_BOUND ( 'NONE', #378, .T. ) ;
#2721 = LINE ( 'NONE', #1940, #2217 ) ;
#2722 = VERTEX_POINT ( 'NONE', #126 ) ;
#2723 = DIRECTION ( 'NONE',  ( -0.9997162067481560888, 0.000000000000000000, -0.02382238369848571277 ) ) ;
#2724 = VERTEX_POINT ( 'NONE', #335 ) ;
#2725 = CARTESIAN_POINT ( 'NONE',  ( 1.869011007952365189, -0.1467932918244583551, 1.241767944784156308 ) ) ;
#2726 = DIRECTION ( 'NONE',  ( 0.000000000000000000, 1.000000000000000000, -0.000000000000000000 ) ) ;
#2727 = VERTEX_POINT ( 'NONE', #6510 ) ;
#2728 = DIRECTION ( 'NONE',  ( 0.7982682711663841024, 0.000000000000000000, -0.6023020564874673743 ) ) ;
#2729 = LINE ( 'NONE', #7585, #5257 ) ;
#2730 = CARTESIAN_POINT ( 'NONE',  ( -1.815371723283494498, -3.006278401112418225E-16, -1.318944761103851837 ) ) ;
#2731 = EDGE_CURVE ( 'NONE', #2310, #5, #5004, .T. ) ;
#2732 = DIRECTION ( 'NONE',  ( -0.7124542072270311222, 0.000000000000000000, 0.7017186064260393374 ) ) ;
#2733 = DIRECTION ( 'NONE',  ( 0.2458986747546332008, 0.000000000000000000, -0.9692955389115928133 ) ) ;
#2734 = ORIENTED_EDGE ( 'NONE', *, *, #6684, .F. ) ;
#2735 = DIRECTION ( 'NONE',  ( -1.927470528863119739E-15, 0.000000000000000000, -1.000000000000000000 ) ) ;
#2736 = AXIS2_PLACEMENT_3D ( 'NONE', #7950, #108, #3400 ) ;
#2737 = EDGE_LOOP ( 'NONE', ( #5805, #8599 ) ) ;
#2738 = PLANE ( 'NONE',  #8384 ) ;
#2739 = ORIENTED_EDGE ( 'NONE', *, *, #3918, .T. ) ;
#2740 = CARTESIAN_POINT ( 'NONE',  ( 0.8597777503361603291, 2.000000000000000000, 0.4298888751680808862 ) ) ;
#2741 = PLANE ( 'NONE',  #4535 ) ;
#2742 = CARTESIAN_POINT ( 'NONE',  ( 1.712096752485734452, 2.000000000000000000, -1.299552167078999121 ) ) ;
#2743 = CARTESIAN_POINT ( 'NONE',  ( 0.2345538076625910129, -3.006278401112418225E-16, -2.231630410227366745 ) ) ;
#2744 = EDGE_CURVE ( 'NONE', #5779, #990, #1849, .T. ) ;
#2745 = VERTEX_POINT ( 'NONE', #2679 ) ;
#2746 = CARTESIAN_POINT ( 'NONE',  ( 0.1032326095015394379, -2.981555974335137194E-16, 0.9557014456941506086 ) ) ;
#2747 = VERTEX_POINT ( 'NONE', #8903 ) ;
#2748 = LINE ( 'NONE', #407, #3680 ) ;
#2749 = ORIENTED_EDGE ( 'NONE', *, *, #9841, .T. ) ;
#2750 = VERTEX_POINT ( 'NONE', #6711 ) ;
#2751 = ORIENTED_EDGE ( 'NONE', *, *, #1431, .F. ) ;
#2752 = ADVANCED_FACE ( 'NONE', ( #9107 ), #1754, .F. ) ;
#2753 = ADVANCED_FACE ( 'NONE', ( #5888 ), #282, .F. ) ;
#2754 = EDGE_CURVE ( 'NONE', #1228, #5279, #7334, .T. ) ;
#2755 = ORIENTED_EDGE ( 'NONE', *, *, #7542, .T. ) ;
#2756 = CARTESIAN_POINT ( 'NONE',  ( 0.2168078926774318349, 2.000000000000000000, 0.9364916244362028186 ) ) ;
#2757 = CARTESIAN_POINT ( 'NONE',  ( -2.148972967168876202, 2.000000000000000000, 0.04501456663476223474 ) ) ;
#2758 = CARTESIAN_POINT ( 'NONE',  ( -0.7821687833936654677, 2.000000000000000000, -2.103188477247121213 ) ) ;
#2759 = ADVANCED_FACE ( 'NONE', ( #2633 ), #970, .F. ) ;
#2760 = ORIENTED_EDGE ( 'NONE', *, *, #5540, .F. ) ;
#2761 = VECTOR ( 'NONE', #4666, 1000.000000000000114 ) ;
#2762 = DIRECTION ( 'NONE',  ( 0.2458986747546332008, 0.000000000000000000, -0.9692955389115928133 ) ) ;
#2763 = ORIENTED_EDGE ( 'NONE', *, *, #7242, .F. ) ;
#2764 = VERTEX_POINT ( 'NONE', #1951 ) ;
#2765 = CARTESIAN_POINT ( 'NONE',  ( -0.6745345522507341096, -2.981555974335137194E-16, 0.6848542639031227619 ) ) ;
#2766 = VECTOR ( 'NONE', #7503, 1000.000000000000000 ) ;
#2767 = EDGE_CURVE ( 'NONE', #9916, #5934, #8953, .T. ) ;
#2768 = CARTESIAN_POINT ( 'NONE',  ( -1.280637217848580978, -3.006278401112418225E-16, -1.842595477255284608 ) ) ;
#2769 = DIRECTION ( 'NONE',  ( 1.000000000000000000, 0.000000000000000000, 0.000000000000000000 ) ) ;
#2770 = EDGE_CURVE ( 'NONE', #118, #5098, #6561, .T. ) ;
#2771 = ORIENTED_EDGE ( 'NONE', *, *, #7906, .T. ) ;
#2772 = LINE ( 'NONE', #584, #51 ) ;
#2773 = PLANE ( 'NONE',  #6517 ) ;
#2774 = ORIENTED_EDGE ( 'NONE', *, *, #1114, .F. ) ;
#2775 = CARTESIAN_POINT ( 'NONE',  ( 1.039600561562708636, -3.006278401112418225E-16, -1.988572465096277053 ) ) ;
#2776 = VERTEX_POINT ( 'NONE', #4204 ) ;
#2777 = CARTESIAN_POINT ( 'NONE',  ( 0.9068775087697327209, -0.1448052212307967268, -0.3187403473895168426 ) ) ;
#2778 = LINE ( 'NONE', #6659, #3496 ) ;
#2779 = PLANE ( 'NONE',  #9909 ) ;
#2780 = LINE ( 'NONE', #6764, #6441 ) ;
#2781 = VECTOR ( 'NONE', #8440, 1000.000000000000114 ) ;
#2782 = EDGE_LOOP ( 'NONE', ( #7125, #2691, #671, #1483 ) ) ;
#2783 = DIRECTION ( 'NONE',  ( 0.000000000000000000, 1.000000000000000000, 0.000000000000000000 ) ) ;
#2784 = ORIENTED_EDGE ( 'NONE', *, *, #8978, .F. ) ;
#2785 = CARTESIAN_POINT ( 'NONE',  ( 0.2221997420524622624, -0.1459816899409631941, 0.9352269775825576836 ) ) ;
#2786 = CARTESIAN_POINT ( 'NONE',  ( -0.8947733005277460627, -0.1498172852299859137, -0.3512875825147687148 ) ) ;
#2787 = ORIENTED_EDGE ( 'NONE', *, *, #8123, .F. ) ;
#2788 = ORIENTED_EDGE ( 'NONE', *, *, #4883, .T. ) ;
#2789 = CARTESIAN_POINT ( 'NONE',  ( -0.5463284409049794510, 2.000000000000000000, -0.7909155831216888588 ) ) ;
#2790 = ADVANCED_FACE ( 'NONE', ( #5106 ), #8271, .F. ) ;
#2791 = VECTOR ( 'NONE', #1049, 1000.000000000000000 ) ;
#2792 = FACE_BOUND ( 'NONE', #5697, .T. ) ;
#2793 = DIRECTION ( 'NONE',  ( 0.3708014161143639020, 0.000000000000000000, -0.9287121781303303569 ) ) ;
#2794 = LINE ( 'NONE', #9799, #2228 ) ;
#2795 = ORIENTED_EDGE ( 'NONE', *, *, #9741, .T. ) ;
#2796 = PLANE ( 'NONE',  #3289 ) ;
#2797 = DIRECTION ( 'NONE',  ( 0.2458986747546196838, 0.000000000000000000, 0.9692955389115962550 ) ) ;
#2798 = VECTOR ( 'NONE', #1095, 1000.000000000000227 ) ;
#2799 = VERTEX_POINT ( 'NONE', #4314 ) ;
#2800 = CARTESIAN_POINT ( 'NONE',  ( 2.236053101125679898, -0.1443895770494173503, -0.1877666250610449394 ) ) ;
#2801 = ORIENTED_EDGE ( 'NONE', *, *, #4948, .T. ) ;
#2802 = ORIENTED_EDGE ( 'NONE', *, *, #2212, .F. ) ;
#2803 = EDGE_CURVE ( 'NONE', #2553, #291, #7486, .T. ) ;
#2804 = ADVANCED_FACE ( 'NONE', ( #1173 ), #599, .F. ) ;
#2805 = VECTOR ( 'NONE', #8202, 1000.000000000000114 ) ;
#2806 = CARTESIAN_POINT ( 'NONE',  ( -0.06312143415529149204, -0.1447218629912427057, -0.9591860661605579041 ) ) ;
#2807 = ADVANCED_FACE ( 'NONE', ( #5259 ), #6192, .F. ) ;
#2808 = ORIENTED_EDGE ( 'NONE', *, *, #6786, .F. ) ;
#2809 = DIRECTION ( 'NONE',  ( -0.9519427500406474341, 0.000000000000000000, 0.3062760203559026784 ) ) ;
#2810 = LINE ( 'NONE', #7670, #7121 ) ;
#2811 = ORIENTED_EDGE ( 'NONE', *, *, #4953, .T. ) ;
#2812 = FACE_OUTER_BOUND ( 'NONE', #4251, .T. ) ;
#2813 = DIRECTION ( 'NONE',  ( -0.000000000000000000, 1.000000000000000000, -0.000000000000000000 ) ) ;
#2814 = ORIENTED_EDGE ( 'NONE', *, *, #779, .F. ) ;
#2815 = ORIENTED_EDGE ( 'NONE', *, *, #6746, .T. ) ;
#2816 = CARTESIAN_POINT ( 'NONE',  ( -0.3324718211827631942, 2.000000000000000000, -0.9019338740095103057 ) ) ;
#2817 = CARTESIAN_POINT ( 'NONE',  ( -1.035502725338382390, 2.000000000000000000, 1.883572464931653201 ) ) ;
#2818 = EDGE_CURVE ( 'NONE', #4930, #5765, #3577, .T. ) ;
#2819 = EDGE_LOOP ( 'NONE', ( #1653, #370, #3582, #6003 ) ) ;
#2820 = DIRECTION ( 'NONE',  ( 0.02382238369848571624, 0.000000000000000000, -0.9997162067481561998 ) ) ;
#2821 = FACE_OUTER_BOUND ( 'NONE', #6273, .T. ) ;
#2822 = DIRECTION ( 'NONE',  ( 0.000000000000000000, -1.000000000000000000, 0.000000000000000000 ) ) ;
#2823 = ORIENTED_EDGE ( 'NONE', *, *, #5998, .F. ) ;
#2824 = VECTOR ( 'NONE', #2526, 1000.000000000000000 ) ;
#2825 = EDGE_CURVE ( 'NONE', #7388, #2682, #2780, .T. ) ;
#2826 = EDGE_CURVE ( 'NONE', #992, #7028, #4470, .T. ) ;
#2827 = CARTESIAN_POINT ( 'NONE',  ( -0.2221997420524755296, -2.981555974335137194E-16, 0.9352269775825545750 ) ) ;
#2828 = ORIENTED_EDGE ( 'NONE', *, *, #2260, .F. ) ;
#2829 = ADVANCED_FACE ( 'NONE', ( #5206 ), #6916, .F. ) ;
#2830 = DIRECTION ( 'NONE',  ( 0.6824443384624711006, 0.000000000000000000, 0.7309375656651668773 ) ) ;
#2831 = ADVANCED_FACE ( 'NONE', ( #10087 ), #6138, .F. ) ;
#2832 = LINE ( 'NONE', #6027, #3925 ) ;
#2833 = CARTESIAN_POINT ( 'NONE',  ( -1.814835910835300492, -0.1467932918244574947, 1.151729890892186692 ) ) ;
#2834 = VECTOR ( 'NONE', #1850, 1000.000000000000114 ) ;
#2835 = LINE ( 'NONE', #7643, #398 ) ;
#2836 = DIRECTION ( 'NONE',  ( -0.9639332430866793811, 0.000000000000000000, -0.2661441392786939031 ) ) ;
#2837 = AXIS2_PLACEMENT_3D ( 'NONE', #2711, #7361, #7264 ) ;
#2838 = VERTEX_POINT ( 'NONE', #5312 ) ;
#2839 = PLANE ( 'NONE',  #3377 ) ;
#2840 = ORIENTED_EDGE ( 'NONE', *, *, #7991, .F. ) ;
#2841 = DIRECTION ( 'NONE',  ( 0.000000000000000000, -1.000000000000000000, 0.000000000000000000 ) ) ;
#2842 = VERTEX_POINT ( 'NONE', #7644 ) ;
#2843 = VERTEX_POINT ( 'NONE', #5984 ) ;
#2844 = EDGE_CURVE ( 'NONE', #8707, #8997, #6968, .T. ) ;
#2845 = CARTESIAN_POINT ( 'NONE',  ( -0.9086988294849340786, -2.981555974335137194E-16, -0.3135102267217088623 ) ) ;
#2846 = CARTESIAN_POINT ( 'NONE',  ( 0.7821687833936484813, -0.1450903546745302697, 2.103188477247126098 ) ) ;
#2847 = DIRECTION ( 'NONE',  ( -0.6669870657328665908, 0.000000000000000000, -0.7450692948612637201 ) ) ;
#2848 = PLANE ( 'NONE',  #9140 ) ;
#2849 = LINE ( 'NONE', #3962, #6107 ) ;
#2850 = ORIENTED_EDGE ( 'NONE', *, *, #8967, .T. ) ;
#2851 = CARTESIAN_POINT ( 'NONE',  ( -0.6411484854770866937, 2.000000000000000000, -0.7162058674269742298 ) ) ;
#2852 = DIRECTION ( 'NONE',  ( -0.08080691660714134361, 0.000000000000000000, -0.9967297739249322275 ) ) ;
#2853 = ORIENTED_EDGE ( 'NONE', *, *, #3154, .T. ) ;
#2854 = ORIENTED_EDGE ( 'NONE', *, *, #1809, .F. ) ;
#2855 = FACE_OUTER_BOUND ( 'NONE', #2532, .T. ) ;
#2856 = ORIENTED_EDGE ( 'NONE', *, *, #8714, .T. ) ;
#2857 = ORIENTED_EDGE ( 'NONE', *, *, #4318, .T. ) ;
#2858 = LINE ( 'NONE', #9179, #8477 ) ;
#2859 = DIRECTION ( 'NONE',  ( -0.2917883312151443032, 0.000000000000000000, -0.9564829166099525493 ) ) ;
#2860 = VECTOR ( 'NONE', #5268, 1000.000000000000114 ) ;
#2861 = EDGE_LOOP ( 'NONE', ( #5266, #6974, #5210, #8871 ) ) ;
#2862 = FACE_OUTER_BOUND ( 'NONE', #1248, .T. ) ;
#2864 = EDGE_CURVE ( 'NONE', #2610, #3669, #10140, .T. ) ;
#2863 = LINE ( 'NONE', #524, #7677 ) ;
#2865 = CARTESIAN_POINT ( 'NONE',  ( -1.535719282928351026, 2.000000000000000000, 1.503887432248156131 ) ) ;
#2866 = ORIENTED_EDGE ( 'NONE', *, *, #3884, .T. ) ;
#2867 = CARTESIAN_POINT ( 'NONE',  ( 0.2996782327926687528, 2.000000000000000000, 0.9133538097345682560 ) ) ;
#2868 = LINE ( 'NONE', #9241, #3983 ) ;
#2869 = VECTOR ( 'NONE', #6111, 1000.000000000000000 ) ;
#2870 = EDGE_LOOP ( 'NONE', ( #9839, #10272, #8224, #3801 ) ) ;
#2871 = EDGE_LOOP ( 'NONE', ( #8296, #9585, #7289, #9763 ) ) ;
#2872 = DIRECTION ( 'NONE',  ( -0.6555985552360034108, 0.000000000000000000, 0.7551096174546215734 ) ) ;
#2873 = DIRECTION ( 'NONE',  ( -0.9729170569713516681, 0.000000000000000000, 0.2311544943413465503 ) ) ;
#2874 = VECTOR ( 'NONE', #10018, 1000.000000000000000 ) ;
#2875 = VECTOR ( 'NONE', #4943, 1000.000000000000227 ) ;
#2876 = ORIENTED_EDGE ( 'NONE', *, *, #1568, .T. ) ;
#2877 = CARTESIAN_POINT ( 'NONE',  ( 1.635749363218297558, -0.1498172852299859137, 1.536070895913178580 ) ) ;
#2878 = CARTESIAN_POINT ( 'NONE',  ( 0.9576537852278295126, -2.981555974335137194E-16, 0.08319526792550659133 ) ) ;
#2879 = EDGE_LOOP ( 'NONE', ( #7973, #6319, #8536, #6970 ) ) ;
#2880 = LINE ( 'NONE', #7428, #1881 ) ;
#2881 = EDGE_LOOP ( 'NONE', ( #6144, #2433, #2596, #5932 ) ) ;
#2882 = VECTOR ( 'NONE', #3079, 999.9999999999998863 ) ;
#2883 = VECTOR ( 'NONE', #8430, 1000.000000000000000 ) ;
#2884 = DIRECTION ( 'NONE',  ( -0.000000000000000000, 1.000000000000000000, 0.000000000000000000 ) ) ;
#2885 = CARTESIAN_POINT ( 'NONE',  ( 0.9408267182697697129, 2.000000000000000000, 0.1971479423076035742 ) ) ;
#2886 = DIRECTION ( 'NONE',  ( -0.8645814692489215414, 0.000000000000000000, 0.5024926696294941264 ) ) ;
#2887 = EDGE_CURVE ( 'NONE', #5985, #6389, #9935, .T. ) ;
#2888 = ADVANCED_FACE ( 'NONE', ( #7748 ), #9156, .F. ) ;
#2889 = EDGE_CURVE ( 'NONE', #1535, #567, #9208, .T. ) ;
#2890 = DIRECTION ( 'NONE',  ( -0.7164852230950616852, 0.000000000000000000, 0.6976022685502245579 ) ) ;
#2891 = DIRECTION ( 'NONE',  ( 0.9942166556096153629, 0.000000000000000000, 0.1073929313708850558 ) ) ;
#2892 = VECTOR ( 'NONE', #399, 1000.000000000000227 ) ;
#2893 = ORIENTED_EDGE ( 'NONE', *, *, #1509, .F. ) ;
#2894 = EDGE_CURVE ( 'NONE', #9599, #197, #6816, .T. ) ;
#2895 = ORIENTED_EDGE ( 'NONE', *, *, #4547, .T. ) ;
#2896 = CARTESIAN_POINT ( 'NONE',  ( -0.3376626519355324652, -0.1443895770494173503, -0.9000034213569690911 ) ) ;
#2897 = DIRECTION ( 'NONE',  ( -0.6352017409584856944, 0.000000000000000000, -0.7723462619080310176 ) ) ;
#2898 = ORIENTED_EDGE ( 'NONE', *, *, #229, .T. ) ;
#2899 = ORIENTED_EDGE ( 'NONE', *, *, #645, .F. ) ;
#2900 = CARTESIAN_POINT ( 'NONE',  ( 0.6034353314822721304, -0.1460357895205570966, -2.161262496148828482 ) ) ;
#2901 = DIRECTION ( 'NONE',  ( 0.000000000000000000, -1.000000000000000000, 0.000000000000000000 ) ) ;
#2902 = LINE ( 'NONE', #7810, #2171 ) ;
#2903 = AXIS2_PLACEMENT_3D ( 'NONE', #6592, #9708, #1732 ) ;
#2904 = DIRECTION ( 'NONE',  ( -0.9888474094770489664, 0.000000000000000000, -0.1489322019260090890 ) ) ;
#2905 = CARTESIAN_POINT ( 'NONE',  ( 0.8207902148049668334, -0.1439142420261020350, 0.5003255422690341403 ) ) ;
#2906 = CARTESIAN_POINT ( 'NONE',  ( 0.000000000000000000, 0.000000000000000000, 0.000000000000000000 ) ) ;
#2907 = EDGE_CURVE ( 'NONE', #8615, #3033, #6030, .T. ) ;
#2908 = ORIENTED_EDGE ( 'NONE', *, *, #3487, .F. ) ;
#2909 = VERTEX_POINT ( 'NONE', #1278 ) ;
#2910 = AXIS2_PLACEMENT_3D ( 'NONE', #2016, #9811, #6982 ) ;
#2911 = ORIENTED_EDGE ( 'NONE', *, *, #6364, .F. ) ;
#2912 = VERTEX_POINT ( 'NONE', #10032 ) ;
#2913 = CARTESIAN_POINT ( 'NONE',  ( 0.01736256296938100754, 2.000000000000000000, 0.9611039310987760098 ) ) ;
#2914 = DIRECTION ( 'NONE',  ( 0.2107285608221032003, 0.000000000000000000, 0.9775446146615739407 ) ) ;
#2915 = LINE ( 'NONE', #10114, #1166 ) ;
#2916 = EDGE_LOOP ( 'NONE', ( #6039, #7051, #2970, #1178 ) ) ;
#2917 = CARTESIAN_POINT ( 'NONE',  ( -0.7760454256538682483, -0.1454566137144368831, -0.5672527851743817129 ) ) ;
#2918 = CARTESIAN_POINT ( 'NONE',  ( 2.145202938358542255, -0.1433794608872670517, -0.1349647290583580184 ) ) ;
#2919 = ORIENTED_EDGE ( 'NONE', *, *, #2143, .F. ) ;
#2920 = DIRECTION ( 'NONE',  ( 0.9896890471220251007, 0.000000000000000000, -0.1432326429508930798 ) ) ;
#2921 = ORIENTED_EDGE ( 'NONE', *, *, #8629, .T. ) ;
#2922 = VECTOR ( 'NONE', #5329, 999.9999999999998863 ) ;
#2923 = EDGE_CURVE ( 'NONE', #8653, #5934, #493, .T. ) ;
#2924 = CARTESIAN_POINT ( 'NONE',  ( -0.8622402173287539995, -0.1487670180785271301, 0.4249282675784817886 ) ) ;
#2925 = AXIS2_PLACEMENT_3D ( 'NONE', #1459, #6947, #9400 ) ;
#2926 = VERTEX_POINT ( 'NONE', #6084 ) ;
#2927 = CARTESIAN_POINT ( 'NONE',  ( 0.04699317460290868692, 2.000000000000000000, -2.243430725046220431 ) ) ;
#2928 = CARTESIAN_POINT ( 'NONE',  ( -1.189484353158700936, -0.1473724245436877356, -1.790317876362337079 ) ) ;
#2929 = LINE ( 'NONE', #6127, #633 ) ;
#2930 = ORIENTED_EDGE ( 'NONE', *, *, #9767, .T. ) ;
#2931 = CARTESIAN_POINT ( 'NONE',  ( 0.7760454256538721340, -0.1454566137144368831, 0.5672527851743763838 ) ) ;
#2932 = ORIENTED_EDGE ( 'NONE', *, *, #9003, .F. ) ;
#2933 = VECTOR ( 'NONE', #6831, 1000.000000000000000 ) ;
#2934 = LINE ( 'NONE', #6133, #3677 ) ;
#2935 = DIRECTION ( 'NONE',  ( 0.3708014161143639020, 0.000000000000000000, -0.9287121781303303569 ) ) ;
#2936 = EDGE_CURVE ( 'NONE', #4230, #5701, #8480, .T. ) ;
#2937 = CARTESIAN_POINT ( 'NONE',  ( -0.9612567592082512657, -2.981555974335137194E-16, 0.002769087004209514619 ) ) ;
#2938 = DIRECTION ( 'NONE',  ( 0.2255453509447911675, 0.000000000000000000, -0.9742326696776243411 ) ) ;
#2939 = EDGE_CURVE ( 'NONE', #7738, #5999, #1638, .T. ) ;
#2940 = CARTESIAN_POINT ( 'NONE',  ( -0.06312143415529800072, -0.1447218629912427057, 0.9591860661605572380 ) ) ;
#2941 = VERTEX_POINT ( 'NONE', #2320 ) ;
#2942 = ORIENTED_EDGE ( 'NONE', *, *, #7268, .T. ) ;
#2943 = CARTESIAN_POINT ( 'NONE',  ( -0.1774015163344722368, -2.981555974335137194E-16, 0.9447491344100912292 ) ) ;
#2944 = CARTESIAN_POINT ( 'NONE',  ( -1.919371412219098350, -3.006278401112418225E-16, -1.162412645533700717 ) ) ;
#2945 = VERTEX_POINT ( 'NONE', #8689 ) ;
#2946 = ORIENTED_EDGE ( 'NONE', *, *, #3168, .F. ) ;
#2947 = ADVANCED_FACE ( 'NONE', ( #3106 ), #702, .F. ) ;
#2948 = CARTESIAN_POINT ( 'NONE',  ( 1.814835910835308042, -0.1467932918244574947, -1.151729890892173813 ) ) ;
#2949 = LINE ( 'NONE', #6146, #5307 ) ;
#2950 = LINE ( 'NONE', #609, #1997 ) ;
#2951 = ADVANCED_FACE ( 'NONE', ( #4833 ), #9471, .F. ) ;
#2952 = AXIS2_PLACEMENT_3D ( 'NONE', #2077, #2692, #1191 ) ;
#2953 = DIRECTION ( 'NONE',  ( 0.7947849549989060014, 0.000000000000000000, -0.6068911560629195456 ) ) ;
#2954 = LINE ( 'NONE', #8187, #7468 ) ;
#2955 = CARTESIAN_POINT ( 'NONE',  ( 2.226228852475059306, -3.006278401112418225E-16, -0.2812381072119446435 ) ) ;
#2956 = ORIENTED_EDGE ( 'NONE', *, *, #1170, .T. ) ;
#2957 = CARTESIAN_POINT ( 'NONE',  ( -0.6034353314822568093, 2.000000000000000000, 2.161262496148832479 ) ) ;
#2958 = DIRECTION ( 'NONE',  ( 0.000000000000000000, 1.000000000000000000, -0.000000000000000000 ) ) ;
#2959 = ORIENTED_EDGE ( 'NONE', *, *, #4437, .T. ) ;
#2960 = VECTOR ( 'NONE', #5963, 1000.000000000000000 ) ;
#2961 = ORIENTED_EDGE ( 'NONE', *, *, #3470, .F. ) ;
#2962 = ORIENTED_EDGE ( 'NONE', *, *, #4216, .T. ) ;
#2963 = ADVANCED_FACE ( 'NONE', ( #8003 ), #7135, .F. ) ;
#2964 = EDGE_CURVE ( 'NONE', #7508, #1930, #7907, .T. ) ;
#2965 = LINE ( 'NONE', #6991, #2869 ) ;
#2966 = DIRECTION ( 'NONE',  ( 0.7686738296558873751, 0.000000000000000000, 0.6396409489722743036 ) ) ;
#2967 = CARTESIAN_POINT ( 'NONE',  ( -0.1032326095015462658, -0.1453987955827127088, -0.9557014456941497205 ) ) ;
#2968 = FACE_OUTER_BOUND ( 'NONE', #5972, .T. ) ;
#2969 = VECTOR ( 'NONE', #10263, 999.9999999999998863 ) ;
#2970 = ORIENTED_EDGE ( 'NONE', *, *, #8241, .F. ) ;
#2971 = DIRECTION ( 'NONE',  ( 0.000000000000000000, -1.000000000000000000, 0.000000000000000000 ) ) ;
#2972 = CARTESIAN_POINT ( 'NONE',  ( 0.7258572354296843887, -0.1460357895205570966, 0.6302011573622841034 ) ) ;
#2973 = ORIENTED_EDGE ( 'NONE', *, *, #8309, .F. ) ;
#2974 = DIRECTION ( 'NONE',  ( 0.000000000000000000, -1.000000000000000000, 0.000000000000000000 ) ) ;
#2975 = VERTEX_POINT ( 'NONE', #3951 ) ;
#2976 = VECTOR ( 'NONE', #3353, 1000.000000000000000 ) ;
#2977 = ADVANCED_FACE ( 'NONE', ( #10302 ), #3159, .F. ) ;
#2978 = DIRECTION ( 'NONE',  ( -0.8969888965502794687, 0.000000000000000000, 0.4420530731320755358 ) ) ;
#2979 = AXIS2_PLACEMENT_3D ( 'NONE', #373, #3639, #10205 ) ;
#2980 = VECTOR ( 'NONE', #10083, 1000.000000000000227 ) ;
#2981 = ORIENTED_EDGE ( 'NONE', *, *, #4886, .T. ) ;
#2982 = DIRECTION ( 'NONE',  ( 0.000000000000000000, 1.000000000000000000, 0.000000000000000000 ) ) ;
#2983 = LINE ( 'NONE', #2928, #1511 ) ;
#2984 = DIRECTION ( 'NONE',  ( -0.1432326429509068744, 0.000000000000000000, 0.9896890471220231023 ) ) ;
#2985 = VERTEX_POINT ( 'NONE', #849 ) ;
#2986 = DIRECTION ( 'NONE',  ( 0.9123699880573487020, 0.000000000000000000, 0.4093665898583241924 ) ) ;
#2987 = ORIENTED_EDGE ( 'NONE', *, *, #3663, .T. ) ;
#2988 = FACE_OUTER_BOUND ( 'NONE', #5909, .T. ) ;
#2989 = CARTESIAN_POINT ( 'NONE',  ( -0.8207902148049740498, -2.981555974335137194E-16, 0.5003255422690228160 ) ) ;
#2990 = LINE ( 'NONE', #3588, #9732 ) ;
#2991 = LINE ( 'NONE', #2833, #8674 ) ;
#2992 = CARTESIAN_POINT ( 'NONE',  ( 0.2168078926774383852, -0.1494084084223078757, -0.9364916244362013753 ) ) ;
#2993 = DIRECTION ( 'NONE',  ( -0.3458705892201293097, 0.000000000000000000, -0.9382822259387206820 ) ) ;
#2994 = VECTOR ( 'NONE', #3204, 1000.000000000000000 ) ;
#2995 = ORIENTED_EDGE ( 'NONE', *, *, #7237, .T. ) ;
#2996 = EDGE_CURVE ( 'NONE', #10294, #3598, #3047, .T. ) ;
#2997 = ORIENTED_EDGE ( 'NONE', *, *, #5613, .F. ) ;
#2998 = CARTESIAN_POINT ( 'NONE',  ( 0.8927345626982096105, -0.1439142420261029232, -0.3564368464825480309 ) ) ;
#2999 = ORIENTED_EDGE ( 'NONE', *, *, #6334, .F. ) ;
#3000 = VERTEX_POINT ( 'NONE', #1430 ) ;
#3001 = DIRECTION ( 'NONE',  ( -0.000000000000000000, 1.000000000000000000, 0.000000000000000000 ) ) ;
#3002 = AXIS2_PLACEMENT_3D ( 'NONE', #2967, #9335, #5388 ) ;
#3003 = DIRECTION ( 'NONE',  ( 0.9998368636726749914, 0.000000000000000000, -0.01806228228072980641 ) ) ;
#3004 = VECTOR ( 'NONE', #908, 1000.000000000000000 ) ;
#3005 = DIRECTION ( 'NONE',  ( -0.9998368636726747694, 0.000000000000000000, -0.01806228228073674877 ) ) ;
#3006 = VECTOR ( 'NONE', #5651, 1000.000000000000000 ) ;
#3007 = DIRECTION ( 'NONE',  ( 0.7164852230950570222, 0.000000000000000000, -0.6976022685502293319 ) ) ;
#3008 = DIRECTION ( 'NONE',  ( -0.000000000000000000, 1.000000000000000000, -0.000000000000000000 ) ) ;
#3009 = CARTESIAN_POINT ( 'NONE',  ( -0.8927345626982070570, -2.981555974335137194E-16, 0.3564368464825540816 ) ) ;
#3010 = ORIENTED_EDGE ( 'NONE', *, *, #3417, .F. ) ;
#3011 = DIRECTION ( 'NONE',  ( -0.3315857306873645216, 0.000000000000000000, 0.9434250914643549368 ) ) ;
#3012 = DIRECTION ( 'NONE',  ( -0.03899732433763913875, 0.000000000000000000, 0.9992393150264380353 ) ) ;
#3013 = ORIENTED_EDGE ( 'NONE', *, *, #6478, .T. ) ;
#3015 = EDGE_LOOP ( 'NONE', ( #8237, #7043, #8305, #9777 ) ) ;
#3014 = VECTOR ( 'NONE', #4401, 1000.000000000000114 ) ;
#3016 = ORIENTED_EDGE ( 'NONE', *, *, #2964, .F. ) ;
#3017 = LINE ( 'NONE', #7717, #8367 ) ;
#3018 = DIRECTION ( 'NONE',  ( 0.6068911560629195456, 0.000000000000000000, 0.7947849549989061124 ) ) ;
#3019 = DIRECTION ( 'NONE',  ( -0.03899732433763913181, 0.000000000000000000, 0.9992393150264379242 ) ) ;
#3020 = CARTESIAN_POINT ( 'NONE',  ( -0.9303684665555630451, 2.000000000000000000, -0.2417369260279381704 ) ) ;
#3021 = ADVANCED_FACE ( 'NONE', ( #2370 ), #3257, .F. ) ;
#3022 = EDGE_CURVE ( 'NONE', #3686, #7593, #7229, .T. ) ;
#3023 = ORIENTED_EDGE ( 'NONE', *, *, #4809, .F. ) ;
#3024 = DIRECTION ( 'NONE',  ( -0.8345119301206987972, 0.000000000000000000, -0.5509898714915056894 ) ) ;
#3025 = EDGE_CURVE ( 'NONE', #7984, #6237, #4779, .T. ) ;
#3026 = FACE_OUTER_BOUND ( 'NONE', #5371, .T. ) ;
#3027 = ORIENTED_EDGE ( 'NONE', *, *, #8893, .F. ) ;
#3028 = LINE ( 'NONE', #2249, #9176 ) ;
#3029 = EDGE_CURVE ( 'NONE', #8587, #6923, #805, .T. ) ;
#3030 = CARTESIAN_POINT ( 'NONE',  ( -2.212499041939552047, 2.000000000000000000, -0.3742162021574729769 ) ) ;
#3031 = ORIENTED_EDGE ( 'NONE', *, *, #1147, .T. ) ;
#3032 = CARTESIAN_POINT ( 'NONE',  ( -0.5463284409049956603, 2.000000000000000000, 0.7909155831216775345 ) ) ;
#3033 = VERTEX_POINT ( 'NONE', #3999 ) ;
#3034 = AXIS2_PLACEMENT_3D ( 'NONE', #6556, #3521, #7431 ) ;
#3035 = CARTESIAN_POINT ( 'NONE',  ( 0.7550506452478165098, 2.000000000000000000, -0.5949123868917531865 ) ) ;
#3036 = DIRECTION ( 'NONE',  ( 0.9362739751521682585, 0.000000000000000000, 0.3512706128510568737 ) ) ;
#3037 = EDGE_CURVE ( 'NONE', #4979, #2132, #20, .T. ) ;
#3038 = DIRECTION ( 'NONE',  ( 0.9787424697960427356, 0.000000000000000000, 0.2050930954896879599 ) ) ;
#3039 = ORIENTED_EDGE ( 'NONE', *, *, #3145, .F. ) ;
#3040 = ORIENTED_EDGE ( 'NONE', *, *, #491, .F. ) ;
#3041 = ORIENTED_EDGE ( 'NONE', *, *, #346, .F. ) ;
#3042 = CARTESIAN_POINT ( 'NONE',  ( 1.869011007952390724, 2.000000000000000000, -1.241767944784117228 ) ) ;
#3043 = CARTESIAN_POINT ( 'NONE',  ( -1.597348465557282271, -2.981555974335137194E-16, 1.438259018540720691 ) ) ;
#3044 = VECTOR ( 'NONE', #3129, 1000.000000000000114 ) ;
#3045 = CARTESIAN_POINT ( 'NONE',  ( -1.904845299228161259, -0.1439148779360118480, -0.9958290570375513129 ) ) ;
#3046 = DIRECTION ( 'NONE',  ( -0.7450692948612543942, 0.000000000000000000, -0.6669870657328770269 ) ) ;
#3047 = LINE ( 'NONE', #6347, #5565 ) ;
#3048 = AXIS2_PLACEMENT_3D ( 'NONE', #3893, #7078, #4729 ) ;
#3049 = EDGE_LOOP ( 'NONE', ( #1550, #1125, #4491, #6574 ) ) ;
#3050 = AXIS2_PLACEMENT_3D ( 'NONE', #6572, #1187, #8332 ) ;
#3051 = VECTOR ( 'NONE', #8060, 1000.000000000000000 ) ;
#3052 = ORIENTED_EDGE ( 'NONE', *, *, #7530, .T. ) ;
#3053 = FACE_OUTER_BOUND ( 'NONE', #2131, .T. ) ;
#3054 = ORIENTED_EDGE ( 'NONE', *, *, #10100, .T. ) ;
#3055 = VERTEX_POINT ( 'NONE', #5421 ) ;
#3056 = AXIS2_PLACEMENT_3D ( 'NONE', #1798, #3366, #3314 ) ;
#3057 = DIRECTION ( 'NONE',  ( 0.8427808753721494073, 0.000000000000000000, -0.5382568124110959085 ) ) ;
#3058 = DIRECTION ( 'NONE',  ( 0.000000000000000000, 1.000000000000000000, 0.000000000000000000 ) ) ;
#3059 = ADVANCED_FACE ( 'NONE', ( #3833 ), #7023, .F. ) ;
#3060 = CARTESIAN_POINT ( 'NONE',  ( -0.9557185851998187820, 2.000000000000000000, -1.925282605420715276 ) ) ;
#3061 = VECTOR ( 'NONE', #6980, 999.9999999999998863 ) ;
#3062 = DIRECTION ( 'NONE',  ( -0.6712685943056660998, 0.000000000000000000, 0.7412141892185383218 ) ) ;
#3063 = CARTESIAN_POINT ( 'NONE',  ( -0.4204692142881744643, 2.000000000000000000, 2.204176811505028422 ) ) ;
#3064 = DIRECTION ( 'NONE',  ( 0.9434250914643527164, 0.000000000000000000, 0.3315857306873711829 ) ) ;
#3065 = DIRECTION ( 'NONE',  ( 0.9998368636726746583, 0.000000000000000000, 0.01806228228074379175 ) ) ;
#3066 = ORIENTED_EDGE ( 'NONE', *, *, #3037, .T. ) ;
#3067 = CARTESIAN_POINT ( 'NONE',  ( -2.092653697217578213, -2.981555974335137194E-16, -0.4908274934776188925 ) ) ;
#3068 = DIRECTION ( 'NONE',  ( 0.8645814692489179887, 0.000000000000000000, 0.5024926696295002326 ) ) ;
#3069 = EDGE_LOOP ( 'NONE', ( #4407, #1153, #1802, #2144 ) ) ;
#3070 = ORIENTED_EDGE ( 'NONE', *, *, #9894, .T. ) ;
#3071 = ORIENTED_EDGE ( 'NONE', *, *, #7519, .F. ) ;
#3072 = PLANE ( 'NONE',  #199 ) ;
#3073 = AXIS2_PLACEMENT_3D ( 'NONE', #954, #16, #1786 ) ;
#3074 = VECTOR ( 'NONE', #4086, 1000.000000000000000 ) ;
#3075 = DIRECTION ( 'NONE',  ( 0.7686738296558961459, 0.000000000000000000, -0.6396409489722638675 ) ) ;
#3076 = CARTESIAN_POINT ( 'NONE',  ( -1.698638506051843411, -3.006278401112418225E-16, -1.466225426835364054 ) ) ;
#3077 = ADVANCED_FACE ( 'NONE', ( #5471 ), #8632, .F. ) ;
#3078 = AXIS2_PLACEMENT_3D ( 'NONE', #2777, #9829, #5884 ) ;
#3079 = DIRECTION ( 'NONE',  ( -0.8674621517390629366, 0.000000000000000000, -0.4975031811960955452 ) ) ;
#3080 = ORIENTED_EDGE ( 'NONE', *, *, #7120, .F. ) ;
#3081 = CARTESIAN_POINT ( 'NONE',  ( 1.597348465557262509, -0.1498172852299859137, 1.438259018540742673 ) ) ;
#3082 = DIRECTION ( 'NONE',  ( -0.000000000000000000, 1.000000000000000000, -0.000000000000000000 ) ) ;
#3083 = ORIENTED_EDGE ( 'NONE', *, *, #3218, .F. ) ;
#3084 = AXIS2_PLACEMENT_3D ( 'NONE', #3085, #8612, #6277 ) ;
#3085 = CARTESIAN_POINT ( 'NONE',  ( -0.9533299039201587055, -0.1456470276146848986, 0.1232246698432092336 ) ) ;
#3086 = ORIENTED_EDGE ( 'NONE', *, *, #1868, .T. ) ;
#3087 = EDGE_CURVE ( 'NONE', #9775, #118, #5876, .T. ) ;
#3088 = EDGE_CURVE ( 'NONE', #8093, #2776, #8055, .T. ) ;
#3089 = EDGE_CURVE ( 'NONE', #7927, #9493, #8259, .T. ) ;
#3090 = CARTESIAN_POINT ( 'NONE',  ( 0.5124017362655762797, -3.006278401112418225E-16, -2.184635950727857434 ) ) ;
#3091 = EDGE_CURVE ( 'NONE', #3612, #6663, #2669, .T. ) ;
#3092 = ORIENTED_EDGE ( 'NONE', *, *, #6036, .T. ) ;
#3093 = LINE ( 'NONE', #5514, #7944 ) ;
#3094 = CARTESIAN_POINT ( 'NONE',  ( -2.236053101125677234, -3.006278401112418225E-16, -0.1877666250610756093 ) ) ;
#3095 = ORIENTED_EDGE ( 'NONE', *, *, #3662, .T. ) ;
#3096 = AXIS2_PLACEMENT_3D ( 'NONE', #1999, #2993, #3628 ) ;
#3097 = CARTESIAN_POINT ( 'NONE',  ( -1.280637217848580534, 2.000000000000000000, -1.842595477255284830 ) ) ;
#3098 = ORIENTED_EDGE ( 'NONE', *, *, #857, .F. ) ;
#3099 =( NAMED_UNIT ( * ) SI_UNIT ( $, .STERADIAN. ) SOLID_ANGLE_UNIT ( ) );
#3100 = EDGE_CURVE ( 'NONE', #9491, #3248, #7275, .T. ) ;
#3101 = EDGE_CURVE ( 'NONE', #9314, #2842, #9719, .T. ) ;
#3102 = DIRECTION ( 'NONE',  ( -0.1073929313708850419, 0.000000000000000000, 0.9942166556096153629 ) ) ;
#3103 = ADVANCED_FACE ( 'NONE', ( #4939 ), #5826, .F. ) ;
#3104 = CARTESIAN_POINT ( 'NONE',  ( 0.9482571523558109838, 2.000000000000000000, 0.1575772761930950838 ) ) ;
#3105 = CARTESIAN_POINT ( 'NONE',  ( -0.7991187831734525293, 2.000000000000000000, -0.5342577985820772257 ) ) ;
#3106 = FACE_OUTER_BOUND ( 'NONE', #7894, .T. ) ;
#3107 = ORIENTED_EDGE ( 'NONE', *, *, #2889, .F. ) ;
#3108 = VERTEX_POINT ( 'NONE', #8839 ) ;
#3109 = VECTOR ( 'NONE', #1256, 1000.000000000000000 ) ;
#3110 = CARTESIAN_POINT ( 'NONE',  ( 0.7912632493768166908, -2.981555974335137194E-16, 1.998502838381162272 ) ) ;
#3111 = DIRECTION ( 'NONE',  ( 0.6023020564874672633, 0.000000000000000000, 0.7982682711663841024 ) ) ;
#3112 = ORIENTED_EDGE ( 'NONE', *, *, #9481, .F. ) ;
#3113 = EDGE_LOOP ( 'NONE', ( #353, #1293, #2784, #8135 ) ) ;
#3114 = CARTESIAN_POINT ( 'NONE',  ( 0.5174051459242458018, -0.1443895770494173503, 0.8101321743626138661 ) ) ;
#3115 = DIRECTION ( 'NONE',  ( -0.6824443384624659936, 0.000000000000000000, -0.7309375656651717623 ) ) ;
#3116 = ADVANCED_FACE ( 'NONE', ( #1112 ), #3515, .F. ) ;
#3117 = FACE_OUTER_BOUND ( 'NONE', #1778, .T. ) ;
#3118 = FACE_OUTER_BOUND ( 'NONE', #159, .T. ) ;
#3119 = LINE ( 'NONE', #3961, #7158 ) ;
#3120 = CARTESIAN_POINT ( 'NONE',  ( -1.981493566476404400, -2.981555974335137194E-16, -0.8329431978499751699 ) ) ;
#3121 = DIRECTION ( 'NONE',  ( 0.2917883312151508535, 0.000000000000000000, 0.9564829166099505509 ) ) ;
#3122 = ORIENTED_EDGE ( 'NONE', *, *, #2363, .T. ) ;
#3123 = CARTESIAN_POINT ( 'NONE',  ( -0.9557185851998188930, -2.981555974335137194E-16, -1.925282605420715276 ) ) ;
#3124 = VERTEX_POINT ( 'NONE', #7474 ) ;
#3125 = VERTEX_POINT ( 'NONE', #4092 ) ;
#3126 = ADVANCED_FACE ( 'NONE', ( #9825 ), #2567, .F. ) ;
#3127 = ORIENTED_EDGE ( 'NONE', *, *, #3936, .T. ) ;
#3128 = ORIENTED_EDGE ( 'NONE', *, *, #9800, .T. ) ;
#3129 = DIRECTION ( 'NONE',  ( 0.5509898714914999163, 0.000000000000000000, 0.8345119301207025719 ) ) ;
#3130 = VECTOR ( 'NONE', #5824, 1000.000000000000227 ) ;
#3131 = LINE ( 'NONE', #5597, #4815 ) ;
#3132 = DIRECTION ( 'NONE',  ( 0.2514790358596649678, 0.000000000000000000, -0.9678627457047270788 ) ) ;
#3133 = LINE ( 'NONE', #3185, #5733 ) ;
#3134 = VERTEX_POINT ( 'NONE', #6598 ) ;
#3135 = DIRECTION ( 'NONE',  ( -0.000000000000000000, 1.000000000000000000, -0.000000000000000000 ) ) ;
#3136 = DIRECTION ( 'NONE',  ( 0.7551096174546261253, 0.000000000000000000, 0.6555985552359983037 ) ) ;
#3137 = AXIS2_PLACEMENT_3D ( 'NONE', #10108, #8755, #9383 ) ;
#3138 = ORIENTED_EDGE ( 'NONE', *, *, #6800, .F. ) ;
#3139 = LINE ( 'NONE', #1410, #8173 ) ;
#3140 = EDGE_CURVE ( 'NONE', #252, #10117, #5773, .T. ) ;
#3141 = FACE_OUTER_BOUND ( 'NONE', #7429, .T. ) ;
#3142 = VERTEX_POINT ( 'NONE', #8206 ) ;
#3143 = EDGE_CURVE ( 'NONE', #2710, #8471, #1788, .T. ) ;
#3144 = LINE ( 'NONE', #9604, #8339 ) ;
#3145 = EDGE_CURVE ( 'NONE', #5555, #3428, #6500, .T. ) ;
#3146 = AXIS2_PLACEMENT_3D ( 'NONE', #3823, #7009, #3770 ) ;
#3147 = ORIENTED_EDGE ( 'NONE', *, *, #5336, .T. ) ;
#3148 = LINE ( 'NONE', #8616, #6121 ) ;
#3149 = CARTESIAN_POINT ( 'NONE',  ( 1.471395926836222445, -2.981555974335137194E-16, 1.566877516375065671 ) ) ;
#3150 = VECTOR ( 'NONE', #3908, 1000.000000000000000 ) ;
#3151 = ORIENTED_EDGE ( 'NONE', *, *, #2864, .F. ) ;
#3152 = CARTESIAN_POINT ( 'NONE',  ( 2.137669494649470536, -0.1443895770494173503, -0.2246781174858763219 ) ) ;
#3153 = EDGE_LOOP ( 'NONE', ( #3272, #2238, #5686, #5906 ) ) ;
#3154 = EDGE_CURVE ( 'NONE', #810, #7710, #8889, .T. ) ;
#3155 = DIRECTION ( 'NONE',  ( 0.9855115381924099971, 0.000000000000000000, -0.1696083962828205116 ) ) ;
#3156 = CARTESIAN_POINT ( 'NONE',  ( 0.5463284409049905532, -0.1447179299707544164, -0.7909155831216813093 ) ) ;
#3157 = CARTESIAN_POINT ( 'NONE',  ( -0.2168078926774448245, -2.981555974335137194E-16, 0.9364916244361998210 ) ) ;
#3158 = LINE ( 'NONE', #905, #6508 ) ;
#3159 = PLANE ( 'NONE',  #8881 ) ;
#3160 = EDGE_CURVE ( 'NONE', #7577, #4944, #6649, .T. ) ;
#3161 = ORIENTED_EDGE ( 'NONE', *, *, #2731, .T. ) ;
#3162 = EDGE_CURVE ( 'NONE', #3659, #6417, #1892, .T. ) ;
#3163 = EDGE_CURVE ( 'NONE', #4511, #5764, #167, .T. ) ;
#3164 = ORIENTED_EDGE ( 'NONE', *, *, #1416, .T. ) ;
#3165 = LINE ( 'NONE', #4783, #8075 ) ;
#3166 = DIRECTION ( 'NONE',  ( -0.7124542072270209081, 0.000000000000000000, -0.7017186064260495515 ) ) ;
#3167 = EDGE_LOOP ( 'NONE', ( #7638, #1302, #3242, #3232 ) ) ;
#3168 = EDGE_CURVE ( 'NONE', #865, #9441, #3461, .T. ) ;
#3169 = LINE ( 'NONE', #6252, #7867 ) ;
#3170 = LINE ( 'NONE', #6409, #6584 ) ;
#3171 = DIRECTION ( 'NONE',  ( 0.5854522923790256295, 0.000000000000000000, -0.8107068603065745727 ) ) ;
#3172 = DIRECTION ( 'NONE',  ( 0.8674621517390663783, 0.000000000000000000, -0.4975031811960894945 ) ) ;
#3173 = LINE ( 'NONE', #716, #5154 ) ;
#3174 = DIRECTION ( 'NONE',  ( -0.000000000000000000, 1.000000000000000000, 0.000000000000000000 ) ) ;
#3175 = CARTESIAN_POINT ( 'NONE',  ( -0.1431626797720656763, -0.1458349236714011621, 0.9505402001424601011 ) ) ;
#3176 = VERTEX_POINT ( 'NONE', #4192 ) ;
#3177 = ORIENTED_EDGE ( 'NONE', *, *, #5284, .F. ) ;
#3178 = ORIENTED_EDGE ( 'NONE', *, *, #2128, .T. ) ;
#3179 = EDGE_CURVE ( 'NONE', #2348, #4745, #7631, .T. ) ;
#3180 = VERTEX_POINT ( 'NONE', #4509 ) ;
#3181 = VECTOR ( 'NONE', #9363, 999.9999999999998863 ) ;
#3182 = LINE ( 'NONE', #9635, #368 ) ;
#3183 = CARTESIAN_POINT ( 'NONE',  ( -1.471395926836233548, -2.981555974335137194E-16, -1.566877516375055457 ) ) ;
#3184 = FACE_OUTER_BOUND ( 'NONE', #5612, .T. ) ;
#3185 = CARTESIAN_POINT ( 'NONE',  ( 0.1774015163344656310, 2.000000000000000000, -0.9447491344100924504 ) ) ;
#3186 = ORIENTED_EDGE ( 'NONE', *, *, #2319, .F. ) ;
#3187 = CARTESIAN_POINT ( 'NONE',  ( 0.2693968139907000903, -2.981555974335137194E-16, -2.132495364928979509 ) ) ;
#3188 = VECTOR ( 'NONE', #5586, 1000.000000000000114 ) ;
#3189 = CARTESIAN_POINT ( 'NONE',  ( -1.569990560170331895, -3.006278401112418225E-16, 1.603221574679131178 ) ) ;
#3190 = AXIS2_PLACEMENT_3D ( 'NONE', #7169, #7988, #7786 ) ;
#3191 = ORIENTED_EDGE ( 'NONE', *, *, #2127, .F. ) ;
#3192 = ORIENTED_EDGE ( 'NONE', *, *, #8234, .T. ) ;
#3193 = DIRECTION ( 'NONE',  ( -0.7164852230950616852, 0.000000000000000000, 0.6976022685502245579 ) ) ;
#3194 = ADVANCED_FACE ( 'NONE', ( #10076 ), #5930, .F. ) ;
#3195 = EDGE_LOOP ( 'NONE', ( #566, #9554, #5478, #985 ) ) ;
#3196 = DIRECTION ( 'NONE',  ( 0.9623838978496845886, 0.000000000000000000, -0.2716932703613542666 ) ) ;
#3197 = LINE ( 'NONE', #9511, #5982 ) ;
#3198 = VERTEX_POINT ( 'NONE', #7578 ) ;
#3199 = ORIENTED_EDGE ( 'NONE', *, *, #8741, .T. ) ;
#3200 = DIRECTION ( 'NONE',  ( -0.6866441927842268367, 0.000000000000000000, -0.7269936399417106232 ) ) ;
#3201 = PRODUCT_CONTEXT ( 'NONE', #9264, 'mechanical' ) ;
#3202 = LINE ( 'NONE', #7270, #4146 ) ;
#3203 = DIRECTION ( 'NONE',  ( 0.9742326696776226758, 0.000000000000000000, 0.2255453509447979121 ) ) ;
#3204 = DIRECTION ( 'NONE',  ( 0.000000000000000000, -1.000000000000000000, 0.000000000000000000 ) ) ;
#3205 = AXIS2_PLACEMENT_3D ( 'NONE', #4986, #3402, #1683 ) ;
#3206 = DIRECTION ( 'NONE',  ( -0.000000000000000000, 1.000000000000000000, -0.000000000000000000 ) ) ;
#3207 = ORIENTED_EDGE ( 'NONE', *, *, #3638, .F. ) ;
#3208 = ORIENTED_EDGE ( 'NONE', *, *, #7994, .T. ) ;
#3209 = CARTESIAN_POINT ( 'NONE',  ( -1.869011007952375181, 2.000000000000000000, -1.241767944784143429 ) ) ;
#3210 = FACE_OUTER_BOUND ( 'NONE', #10246, .T. ) ;
#3211 = ORIENTED_EDGE ( 'NONE', *, *, #3375, .F. ) ;
#3212 = VECTOR ( 'NONE', #241, 999.9999999999998863 ) ;
#3213 = CARTESIAN_POINT ( 'NONE',  ( -0.4782302799132002735, -2.981555974335137194E-16, 0.8338573165359459693 ) ) ;
#3214 = DIRECTION ( 'NONE',  ( 0.2458986747546332008, 0.000000000000000000, -0.9692955389115928133 ) ) ;
#3215 = VECTOR ( 'NONE', #8916, 1000.000000000000227 ) ;
#3216 = ADVANCED_FACE ( 'NONE', ( #2148 ), #1211, .F. ) ;
#3217 = ADVANCED_FACE ( 'NONE', ( #9098 ), #9146, .F. ) ;
#3218 = EDGE_CURVE ( 'NONE', #8249, #7353, #5143, .T. ) ;
#3219 = CARTESIAN_POINT ( 'NONE',  ( 1.814835910835284061, -0.1467932918244583551, 1.151729890892212005 ) ) ;
#3220 = VECTOR ( 'NONE', #3568, 1000.000000000000114 ) ;
#3221 = PLANE ( 'NONE',  #7068 ) ;
#3222 = DIRECTION ( 'NONE',  ( 0.9229756359820519007, 0.000000000000000000, -0.3848583835432542455 ) ) ;
#3223 = EDGE_CURVE ( 'NONE', #5495, #3319, #1266, .T. ) ;
#3224 = PLANE ( 'NONE',  #2013 ) ;
#3225 = AXIS2_PLACEMENT_3D ( 'NONE', #7637, #4462, #6023 ) ;
#3226 = ORIENTED_EDGE ( 'NONE', *, *, #1170, .F. ) ;
#3227 = DIRECTION ( 'NONE',  ( -0.3261448337396457009, 0.000000000000000000, -0.9453198122460667596 ) ) ;
#3228 = ORIENTED_EDGE ( 'NONE', *, *, #998, .T. ) ;
#3229 = VERTEX_POINT ( 'NONE', #2927 ) ;
#3230 = VECTOR ( 'NONE', #5682, 1000.000000000000000 ) ;
#3231 = CARTESIAN_POINT ( 'NONE',  ( -0.6105945004202706361, -2.981555974335137194E-16, -0.7424261451638854981 ) ) ;
#3232 = ORIENTED_EDGE ( 'NONE', *, *, #5129, .T. ) ;
#3233 = DIRECTION ( 'NONE',  ( 0.000000000000000000, 1.000000000000000000, -0.000000000000000000 ) ) ;
#3234 = VECTOR ( 'NONE', #9661, 1000.000000000000114 ) ;
#3235 = LINE ( 'NONE', #9593, #1873 ) ;
#3236 = EDGE_CURVE ( 'NONE', #2348, #8707, #2098, .T. ) ;
#3237 = CARTESIAN_POINT ( 'NONE',  ( -0.8622402173287539995, 2.000000000000000000, 0.4249282675784817886 ) ) ;
#3238 = EDGE_LOOP ( 'NONE', ( #8165, #9542, #1194, #5658 ) ) ;
#3239 = LINE ( 'NONE', #6429, #7144 ) ;
#3240 = LINE ( 'NONE', #7207, #6445 ) ;
#3241 = ORIENTED_EDGE ( 'NONE', *, *, #2006, .F. ) ;
#3242 = ORIENTED_EDGE ( 'NONE', *, *, #2491, .F. ) ;
#3243 = CARTESIAN_POINT ( 'NONE',  ( -1.113470241830485596, -0.1461575717926111573, -1.838557898296890869 ) ) ;
#3244 = ORIENTED_EDGE ( 'NONE', *, *, #10292, .F. ) ;
#3245 = VECTOR ( 'NONE', #5711, 999.9999999999998863 ) ;
#3246 = DIRECTION ( 'NONE',  ( 0.000000000000000000, 1.000000000000000000, -0.000000000000000000 ) ) ;
#3247 = PLANE ( 'NONE',  #5693 ) ;
#3248 = VERTEX_POINT ( 'NONE', #5301 ) ;
#3249 = LINE ( 'NONE', #6442, #10240 ) ;
#3250 = EDGE_CURVE ( 'NONE', #7071, #4758, #3617, .T. ) ;
#3251 = CARTESIAN_POINT ( 'NONE',  ( -0.8927345626982045035, -0.1439142420261020350, -0.3564368464825604099 ) ) ;
#3252 = VECTOR ( 'NONE', #2220, 1000.000000000000114 ) ;
#3253 = SHAPE_DEFINITION_REPRESENTATION ( #2327, #304 ) ;
#3254 = CARTESIAN_POINT ( 'NONE',  ( 0.7793006826606583282, 2.000000000000000000, -0.5627723082837490232 ) ) ;
#3255 = CARTESIAN_POINT ( 'NONE',  ( -2.243922854409346357, 2.000000000000000000, -7.155734338404329264E-15 ) ) ;
#3256 = DIRECTION ( 'NONE',  ( 0.000000000000000000, 1.000000000000000000, 0.000000000000000000 ) ) ;
#3257 = PLANE ( 'NONE',  #5403 ) ;
#3258 = ORIENTED_EDGE ( 'NONE', *, *, #9339, .F. ) ;
#3259 = CARTESIAN_POINT ( 'NONE',  ( -2.241954552820973223, -0.1421340054777718021, -0.09396573644629066524 ) ) ;
#3260 = ORIENTED_EDGE ( 'NONE', *, *, #6203, .T. ) ;
#3261 = ADVANCED_FACE ( 'NONE', ( #4405 ), #3667, .F. ) ;
#3262 = CARTESIAN_POINT ( 'NONE',  ( -0.5833806464172522910, -0.1456920279732068779, 0.7639955800606279546 ) ) ;
#3263 = CARTESIAN_POINT ( 'NONE',  ( -0.9210301919172685370, 2.000000000000000000, -0.2751828674594884450 ) ) ;
#3264 = DIRECTION ( 'NONE',  ( -0.5024926696294942374, 0.000000000000000000, -0.8645814692489216524 ) ) ;
#3265 = EDGE_CURVE ( 'NONE', #9819, #8574, #2772, .T. ) ;
#3266 = LINE ( 'NONE', #6457, #4399 ) ;
#3267 = CARTESIAN_POINT ( 'NONE',  ( 0.3699492575029079133, 2.000000000000000000, 0.8872202499038410739 ) ) ;
#3268 = LINE ( 'NONE', #4793, #9350 ) ;
#3269 = VECTOR ( 'NONE', #3246, 1000.000000000000000 ) ;
#3270 = VERTEX_POINT ( 'NONE', #9195 ) ;
#3271 = ORIENTED_EDGE ( 'NONE', *, *, #1782, .T. ) ;
#3272 = ORIENTED_EDGE ( 'NONE', *, *, #7651, .T. ) ;
#3273 = CARTESIAN_POINT ( 'NONE',  ( 0.1376839174504019270, 2.000000000000000000, -0.9513492333743153173 ) ) ;
#3274 = CARTESIAN_POINT ( 'NONE',  ( -0.7912632493768453346, 2.000000000000000000, 1.998502838381150948 ) ) ;
#3275 = ORIENTED_EDGE ( 'NONE', *, *, #6421, .F. ) ;
#3276 = CARTESIAN_POINT ( 'NONE',  ( -0.8021835618679581392, 2.000000000000000000, 0.5296449358157053755 ) ) ;
#3277 = EDGE_CURVE ( 'NONE', #9290, #6807, #6018, .T. ) ;
#3278 = VECTOR ( 'NONE', #7301, 999.9999999999998863 ) ;
#3279 = CARTESIAN_POINT ( 'NONE',  ( 0.9068775087697260595, 2.000000000000000000, 0.3187403473895358275 ) ) ;
#3280 = CARTESIAN_POINT ( 'NONE',  ( 0.3584601446948488812, -0.1454566137144368831, 2.119343636482122761 ) ) ;
#3281 = ORIENTED_EDGE ( 'NONE', *, *, #8517, .F. ) ;
#3282 = PLANE ( 'NONE',  #8288 ) ;
#3283 = CARTESIAN_POINT ( 'NONE',  ( 2.145202938358540479, 2.000000000000000000, 0.1349647290584009562 ) ) ;
#3284 = ORIENTED_EDGE ( 'NONE', *, *, #2996, .F. ) ;
#3285 = ADVANCED_FACE ( 'NONE', ( #8519 ), #483, .F. ) ;
#3286 = EDGE_CURVE ( 'NONE', #7686, #338, #4353, .T. ) ;
#3287 = ORIENTED_EDGE ( 'NONE', *, *, #5899, .T. ) ;
#3288 = LINE ( 'NONE', #10235, #5536 ) ;
#3289 = AXIS2_PLACEMENT_3D ( 'NONE', #9072, #6729, #6933 ) ;
#3290 = VERTEX_POINT ( 'NONE', #6072 ) ;
#3291 = DIRECTION ( 'NONE',  ( -0.5730766698428514383, 0.000000000000000000, 0.8195017574610975464 ) ) ;
#3292 = DIRECTION ( 'NONE',  ( -0.000000000000000000, 1.000000000000000000, 0.000000000000000000 ) ) ;
#3293 = ORIENTED_EDGE ( 'NONE', *, *, #2347, .F. ) ;
#3294 = EDGE_CURVE ( 'NONE', #1197, #198, #5192, .T. ) ;
#3295 = ORIENTED_EDGE ( 'NONE', *, *, #5512, .T. ) ;
#3296 = FACE_OUTER_BOUND ( 'NONE', #4887, .T. ) ;
#3297 = CARTESIAN_POINT ( 'NONE',  ( -2.126385852261806431, -2.981555974335137194E-16, 0.3139973441492014405 ) ) ;
#3298 = VECTOR ( 'NONE', #6691, 1000.000000000000000 ) ;
#3299 = CARTESIAN_POINT ( 'NONE',  ( 2.119107720340032586, -3.006278401112418225E-16, -0.7379513846696512669 ) ) ;
#3300 = DIRECTION ( 'NONE',  ( 0.9035967632308919972, 0.000000000000000000, -0.4283840443791707697 ) ) ;
#3301 = LINE ( 'NONE', #4990, #1237 ) ;
#3302 = CARTESIAN_POINT ( 'NONE',  ( 0.7991187831734561930, -2.981555974335137194E-16, 0.5342577985820717856 ) ) ;
#3303 = CARTESIAN_POINT ( 'NONE',  ( -0.4428924704590094796, -2.981555974335137194E-16, -0.8531520876005064258 ) ) ;
#3304 = AXIS2_PLACEMENT_3D ( 'NONE', #106, #6489, #2256 ) ;
#3305 = DIRECTION ( 'NONE',  ( -0.5854522923790198563, 0.000000000000000000, 0.8107068603065787915 ) ) ;
#3306 = ORIENTED_EDGE ( 'NONE', *, *, #9966, .T. ) ;
#3307 = LINE ( 'NONE', #8843, #6397 ) ;
#3308 = ORIENTED_EDGE ( 'NONE', *, *, #7416, .F. ) ;
#3309 = VECTOR ( 'NONE', #3947, 999.9999999999998863 ) ;
#3310 = DIRECTION ( 'NONE',  ( 0.7819008761105585847, 0.000000000000000000, 0.6234027750479949059 ) ) ;
#3311 = DIRECTION ( 'NONE',  ( -0.7124542072270210191, 0.000000000000000000, -0.7017186064260495515 ) ) ;
#3312 = LINE ( 'NONE', #7965, #5177 ) ;
#3313 = EDGE_CURVE ( 'NONE', #3938, #2985, #9926, .T. ) ;
#3314 = DIRECTION ( 'NONE',  ( 0.1224747460865600046, 0.000000000000000000, 0.9924716301089078208 ) ) ;
#3315 = CARTESIAN_POINT ( 'NONE',  ( 2.009908089764431693, -0.1438055149296439406, 0.9977270404474766208 ) ) ;
#3316 = DIRECTION ( 'NONE',  ( 0.08654807566955789733, 0.000000000000000000, -0.9962476753287288211 ) ) ;
#3317 = AXIS2_PLACEMENT_3D ( 'NONE', #7174, #5668, #6546 ) ;
#3318 = ORIENTED_EDGE ( 'NONE', *, *, #9315, .F. ) ;
#3319 = VERTEX_POINT ( 'NONE', #1320 ) ;
#3320 = ORIENTED_EDGE ( 'NONE', *, *, #2197, .F. ) ;
#3321 = DIRECTION ( 'NONE',  ( 0.9888474094770498546, 0.000000000000000000, 0.1489322019260023722 ) ) ;
#3322 = ORIENTED_EDGE ( 'NONE', *, *, #851, .T. ) ;
#3323 = DIRECTION ( 'NONE',  ( -0.2255453509447979399, 0.000000000000000000, 0.9742326696776227868 ) ) ;
#3324 = DIRECTION ( 'NONE',  ( 0.000000000000000000, -1.000000000000000000, 0.000000000000000000 ) ) ;
#3325 = CARTESIAN_POINT ( 'NONE',  ( 0.2996782327926879042, -2.981555974335137194E-16, -0.9133538097345618167 ) ) ;
#3326 = ORIENTED_EDGE ( 'NONE', *, *, #6864, .T. ) ;
#3327 = FACE_OUTER_BOUND ( 'NONE', #3049, .T. ) ;
#3328 = LINE ( 'NONE', #8971, #9108 ) ;
#3329 = VECTOR ( 'NONE', #4778, 1000.000000000000227 ) ;
#3330 = EDGE_LOOP ( 'NONE', ( #7351, #3383, #5852, #3835 ) ) ;
#3331 = ORIENTED_EDGE ( 'NONE', *, *, #6482, .T. ) ;
#3332 = ORIENTED_EDGE ( 'NONE', *, *, #1249, .T. ) ;
#3333 = ORIENTED_EDGE ( 'NONE', *, *, #6853, .T. ) ;
#3334 = VECTOR ( 'NONE', #4194, 999.9999999999998863 ) ;
#3335 = EDGE_CURVE ( 'NONE', #3000, #992, #7683, .T. ) ;
#3336 = EDGE_CURVE ( 'NONE', #2123, #7508, #7987, .T. ) ;
#3337 = AXIS2_PLACEMENT_3D ( 'NONE', #5667, #10297, #799 ) ;
#3338 = EDGE_CURVE ( 'NONE', #7213, #2493, #9560, .T. ) ;
#3339 = VECTOR ( 'NONE', #3815, 1000.000000000000000 ) ;
#3340 = EDGE_LOOP ( 'NONE', ( #185, #5807, #351, #305 ) ) ;
#3341 = CARTESIAN_POINT ( 'NONE',  ( -0.6705776782266715808, -0.1456470276146848986, 0.6887291212301926979 ) ) ;
#3342 = CARTESIAN_POINT ( 'NONE',  ( 1.535719282928361018, -3.523657060577889411E-16, -1.503887432248145917 ) ) ;
#3343 = EDGE_CURVE ( 'NONE', #9090, #9736, #8778, .T. ) ;
#3344 = DIRECTION ( 'NONE',  ( 0.6068911560629363100, 0.000000000000000000, -0.7947849549988933449 ) ) ;
#3345 = CARTESIAN_POINT ( 'NONE',  ( 0.8236591385239430130, 2.000000000000000000, -0.4955883861556714121 ) ) ;
#3346 = ORIENTED_EDGE ( 'NONE', *, *, #2621, .F. ) ;
#3347 = VECTOR ( 'NONE', #9967, 1000.000000000000114 ) ;
#3348 = ORIENTED_EDGE ( 'NONE', *, *, #4625, .T. ) ;
#3349 = DIRECTION ( 'NONE',  ( -0.7947849549989017826, 0.000000000000000000, 0.6068911560629249857 ) ) ;
#3350 = AXIS2_PLACEMENT_3D ( 'NONE', #10189, #6239, #9417 ) ;
#3351 = CARTESIAN_POINT ( 'NONE',  ( -0.01736256296939445165, 2.000000000000000000, 0.9611039310987760098 ) ) ;
#3352 = CARTESIAN_POINT ( 'NONE',  ( 0.9086988294849385195, 2.000000000000000000, -0.3135102267216964278 ) ) ;
#3353 = DIRECTION ( 'NONE',  ( -0.000000000000000000, 1.000000000000000000, 0.000000000000000000 ) ) ;
#3354 = CARTESIAN_POINT ( 'NONE',  ( 0.8597777503361603291, -0.1418147860772172864, 0.4298888751680808862 ) ) ;
#3355 = LINE ( 'NONE', #8151, #7726 ) ;
#3356 = EDGE_CURVE ( 'NONE', #1386, #7180, #6231, .T. ) ;
#3357 = DIRECTION ( 'NONE',  ( 0.6866441927842213966, 0.000000000000000000, 0.7269936399417157302 ) ) ;
#3358 = CARTESIAN_POINT ( 'NONE',  ( 0.7760454256538721340, -2.981555974335137194E-16, 0.5672527851743763838 ) ) ;
#3359 = ORIENTED_EDGE ( 'NONE', *, *, #8644, .F. ) ;
#3360 = DIRECTION ( 'NONE',  ( 0.08080691660714792168, 0.000000000000000000, 0.9967297739249316724 ) ) ;
#3361 = ORIENTED_EDGE ( 'NONE', *, *, #787, .F. ) ;
#3362 = DIRECTION ( 'NONE',  ( 0.6234027750479949059, 0.000000000000000000, -0.7819008761105585847 ) ) ;
#3363 = LINE ( 'NONE', #4839, #402 ) ;
#3364 = VECTOR ( 'NONE', #8899, 1000.000000000000114 ) ;
#3365 = CARTESIAN_POINT ( 'NONE',  ( 1.535719282928330376, 2.000000000000000000, 1.503887432248177447 ) ) ;
#3366 = DIRECTION ( 'NONE',  ( -0.9924716301089078208, 0.000000000000000000, 0.1224747460865600046 ) ) ;
#3367 = CARTESIAN_POINT ( 'NONE',  ( 0.6105945004202808502, -2.981555974335137194E-16, -0.7424261451638770604 ) ) ;
#3368 = ORIENTED_EDGE ( 'NONE', *, *, #6506, .F. ) ;
#3369 = LINE ( 'NONE', #9734, #6139 ) ;
#3370 = VECTOR ( 'NONE', #4750, 1000.000000000000000 ) ;
#3371 = EDGE_LOOP ( 'NONE', ( #1102, #5345, #4484, #9254 ) ) ;
#3372 = DIRECTION ( 'NONE',  ( 0.05991526087921326960, 0.000000000000000000, 0.9982034669914625624 ) ) ;
#3373 = VERTEX_POINT ( 'NONE', #6176 ) ;
#3374 = CARTESIAN_POINT ( 'NONE',  ( -0.5174051459242569040, -0.1443895770494173503, 0.8101321743626067606 ) ) ;
#3375 = EDGE_CURVE ( 'NONE', #5178, #3613, #6955, .T. ) ;
#3376 = CARTESIAN_POINT ( 'NONE',  ( -0.8207902148049635027, -2.981555974335137194E-16, -0.5003255422690399135 ) ) ;
#3377 = AXIS2_PLACEMENT_3D ( 'NONE', #2060, #3476, #8427 ) ;
#3378 = CARTESIAN_POINT ( 'NONE',  ( 2.014635500889852882, -0.1453987955827127088, -0.7492362266910297386 ) ) ;
#3379 = CARTESIAN_POINT ( 'NONE',  ( -1.758547659744529756, 2.000000000000000000, 1.393807700132132510 ) ) ;
#3380 = ORIENTED_EDGE ( 'NONE', *, *, #5640, .F. ) ;
#3381 = DIRECTION ( 'NONE',  ( 0.000000000000000000, -1.000000000000000000, 0.000000000000000000 ) ) ;
#3382 = DIRECTION ( 'NONE',  ( 0.6866441927842212856, 0.000000000000000000, 0.7269936399417157302 ) ) ;
#3383 = ORIENTED_EDGE ( 'NONE', *, *, #3569, .T. ) ;
#3384 = DIRECTION ( 'NONE',  ( 0.9229756359820466827, 0.000000000000000000, 0.3848583835432667910 ) ) ;
#3385 = VECTOR ( 'NONE', #4073, 1000.000000000000000 ) ;
#3386 = VECTOR ( 'NONE', #2841, 1000.000000000000000 ) ;
#3387 = VERTEX_POINT ( 'NONE', #746 ) ;
#3388 = ORIENTED_EDGE ( 'NONE', *, *, #6115, .F. ) ;
#3389 = EDGE_CURVE ( 'NONE', #4473, #3495, #9411, .T. ) ;
#3390 = CARTESIAN_POINT ( 'NONE',  ( 2.111371806538503204, 2.000000000000000000, 0.4027657127738895060 ) ) ;
#3391 = VECTOR ( 'NONE', #1188, 1000.000000000000114 ) ;
#3392 = ORIENTED_EDGE ( 'NONE', *, *, #2259, .F. ) ;
#3393 = PLANE ( 'NONE',  #7190 ) ;
#3394 = DIRECTION ( 'NONE',  ( 0.8195017574610975464, 0.000000000000000000, 0.5730766698428514383 ) ) ;
#3395 = VERTEX_POINT ( 'NONE', #5459 ) ;
#3396 = CARTESIAN_POINT ( 'NONE',  ( 0.4428924704590154193, -2.981555974335137194E-16, 0.8531520876005035392 ) ) ;
#3397 = ORIENTED_EDGE ( 'NONE', *, *, #1678, .T. ) ;
#3398 = ORIENTED_EDGE ( 'NONE', *, *, #10206, .F. ) ;
#3399 = EDGE_CURVE ( 'NONE', #9681, #6586, #8569, .T. ) ;
#3400 = DIRECTION ( 'NONE',  ( 0.6824443384624711006, 0.000000000000000000, 0.7309375656651668773 ) ) ;
#3401 = EDGE_CURVE ( 'NONE', #4155, #9090, #10127, .T. ) ;
#3402 = DIRECTION ( 'NONE',  ( -0.3512706128510569292, 0.000000000000000000, 0.9362739751521682585 ) ) ;
#3403 = DIRECTION ( 'NONE',  ( -0.7450692948612637201, 0.000000000000000000, 0.6669870657328665908 ) ) ;
#3404 = ADVANCED_FACE ( 'NONE', ( #7784 ), #5560, .F. ) ;
#3405 = VECTOR ( 'NONE', #7745, 1000.000000000000000 ) ;
#3406 = DIRECTION ( 'NONE',  ( 0.7686738296558873751, 0.000000000000000000, 0.6396409489722743036 ) ) ;
#3407 = VECTOR ( 'NONE', #7532, 1000.000000000000000 ) ;
#3408 = CARTESIAN_POINT ( 'NONE',  ( -0.2168078926774448245, 2.000000000000000000, 0.9364916244361998210 ) ) ;
#3409 = VECTOR ( 'NONE', #5833, 1000.000000000000000 ) ;
#3410 = DIRECTION ( 'NONE',  ( -0.9581481342830564518, 0.000000000000000000, -0.2862728641871211677 ) ) ;
#3411 = VERTEX_POINT ( 'NONE', #1469 ) ;
#3412 = VECTOR ( 'NONE', #9222, 1000.000000000000114 ) ;
#3413 = EDGE_CURVE ( 'NONE', #1457, #4473, #3148, .T. ) ;
#3414 = EDGE_CURVE ( 'NONE', #1035, #6301, #6333, .T. ) ;
#3415 = DIRECTION ( 'NONE',  ( -0.5155608271417791988, 0.000000000000000000, 0.8568529824403277040 ) ) ;
#3416 = ORIENTED_EDGE ( 'NONE', *, *, #1497, .F. ) ;
#3417 = EDGE_CURVE ( 'NONE', #6050, #4511, #7006, .T. ) ;
#3418 = DIRECTION ( 'NONE',  ( -0.2917883312151576258, 0.000000000000000000, 0.9564829166099484414 ) ) ;
#3419 = CARTESIAN_POINT ( 'NONE',  ( -2.009908089764444128, -0.1439148779360118480, 0.9977270404474479770 ) ) ;
#3420 = CARTESIAN_POINT ( 'NONE',  ( -0.9482571523558132043, -2.981555974335137194E-16, 0.1575772761930818999 ) ) ;
#3421 = CARTESIAN_POINT ( 'NONE',  ( 1.569990560170342331, -0.1499342098531314116, -1.603221574679120520 ) ) ;
#3422 = CARTESIAN_POINT ( 'NONE',  ( 0.7294759924352766101, -0.1447218629912427057, -0.6260087870205616190 ) ) ;
#3423 = ORIENTED_EDGE ( 'NONE', *, *, #7242, .T. ) ;
#3424 = ORIENTED_EDGE ( 'NONE', *, *, #6952, .T. ) ;
#3425 = FACE_OUTER_BOUND ( 'NONE', #6618, .T. ) ;
#3426 = CARTESIAN_POINT ( 'NONE',  ( 2.086346706177063748, 2.000000000000000000, -0.8260430970383466631 ) ) ;
#3427 = ORIENTED_EDGE ( 'NONE', *, *, #3265, .T. ) ;
#3428 = VERTEX_POINT ( 'NONE', #9510 ) ;
#3429 = EDGE_CURVE ( 'NONE', #10068, #6577, #3985, .T. ) ;
#3430 = AXIS2_PLACEMENT_3D ( 'NONE', #4792, #7922, #717 ) ;
#3431 = DIRECTION ( 'NONE',  ( 0.2862728641871276070, 0.000000000000000000, -0.9581481342830545644 ) ) ;
#3432 = DIRECTION ( 'NONE',  ( -0.9942166556096160290, 0.000000000000000000, 0.1073929313708781724 ) ) ;
#3433 = CARTESIAN_POINT ( 'NONE',  ( 0.8410217014933238922, -2.981555974335137194E-16, -0.4655155449430893322 ) ) ;
#3434 = CARTESIAN_POINT ( 'NONE',  ( 0.3584601446948932901, -2.981555974335137194E-16, -2.119343636482115212 ) ) ;
#3435 = ORIENTED_EDGE ( 'NONE', *, *, #9031, .T. ) ;
#3436 = DIRECTION ( 'NONE',  ( -0.1224747460865668880, 0.000000000000000000, 0.9924716301089069326 ) ) ;
#3437 = PLANE ( 'NONE',  #603 ) ;
#3438 = VERTEX_POINT ( 'NONE', #3879 ) ;
#3439 = LINE ( 'NONE', #5072, #1516 ) ;
#3440 = VECTOR ( 'NONE', #7263, 1000.000000000000114 ) ;
#3441 = ORIENTED_EDGE ( 'NONE', *, *, #1414, .F. ) ;
#3442 = ORIENTED_EDGE ( 'NONE', *, *, #1189, .T. ) ;
#3443 = ORIENTED_EDGE ( 'NONE', *, *, #1728, .T. ) ;
#3444 = LINE ( 'NONE', #9325, #10129 ) ;
#3445 = VERTEX_POINT ( 'NONE', #9461 ) ;
#3447 = EDGE_CURVE ( 'NONE', #6692, #302, #6, .T. ) ;
#3446 = DIRECTION ( 'NONE',  ( 0.5155608271417730926, 0.000000000000000000, 0.8568529824403312567 ) ) ;
#3448 = DIRECTION ( 'NONE',  ( -0.04475363562198529654, 0.000000000000000000, 0.9989980541015155424 ) ) ;
#3449 = VERTEX_POINT ( 'NONE', #10241 ) ;
#3450 = EDGE_CURVE ( 'NONE', #2310, #6175, #3093, .T. ) ;
#3451 = DIRECTION ( 'NONE',  ( -0.08654807566955043108, 0.000000000000000000, 0.9962476753287294873 ) ) ;
#3452 = ORIENTED_EDGE ( 'NONE', *, *, #347, .F. ) ;
#3453 = ORIENTED_EDGE ( 'NONE', *, *, #3794, .T. ) ;
#3454 = LINE ( 'NONE', #8251, #8542 ) ;
#3455 = EDGE_CURVE ( 'NONE', #9281, #3698, #8676, .T. ) ;
#3456 = DIRECTION ( 'NONE',  ( 0.2311544943413600117, 0.000000000000000000, -0.9729170569713485595 ) ) ;
#3457 = CARTESIAN_POINT ( 'NONE',  ( -2.092653697217578213, -0.1459816899409631941, -0.4908274934776188925 ) ) ;
#3458 = VECTOR ( 'NONE', #4275, 1000.000000000000000 ) ;
#3459 = VECTOR ( 'NONE', #9431, 1000.000000000000114 ) ;
#3460 = PLANE ( 'NONE',  #1217 ) ;
#3461 = LINE ( 'NONE', #4992, #9878 ) ;
#3462 = ADVANCED_FACE ( 'NONE', ( #8874 ), #4083, .F. ) ;
#3463 = VECTOR ( 'NONE', #7170, 1000.000000000000114 ) ;
#3464 = EDGE_LOOP ( 'NONE', ( #1079, #7854, #3027, #3295 ) ) ;
#3465 = ORIENTED_EDGE ( 'NONE', *, *, #3935, .T. ) ;
#3466 = DIRECTION ( 'NONE',  ( 0.000000000000000000, -1.000000000000000000, 0.000000000000000000 ) ) ;
#3467 = DIRECTION ( 'NONE',  ( -0.000000000000000000, 1.000000000000000000, -0.000000000000000000 ) ) ;
#3468 = DIRECTION ( 'NONE',  ( 0.9896890471220249896, 0.000000000000000000, -0.1432326429508931076 ) ) ;
#3469 = VECTOR ( 'NONE', #2456, 1000.000000000000000 ) ;
#3470 = EDGE_CURVE ( 'NONE', #7850, #9290, #945, .T. ) ;
#3471 = EDGE_CURVE ( 'NONE', #3540, #8481, #1826, .T. ) ;
#3472 = EDGE_CURVE ( 'NONE', #5923, #8481, #6438, .T. ) ;
#3473 = DIRECTION ( 'NONE',  ( -0.9978417078911521187, 0.000000000000000000, 0.06566525712177297136 ) ) ;
#3474 = CARTESIAN_POINT ( 'NONE',  ( 0.9317457544248161083, -0.1496419838468801000, 0.2363727439399835040 ) ) ;
#3475 = ORIENTED_EDGE ( 'NONE', *, *, #8030, .T. ) ;
#3476 = DIRECTION ( 'NONE',  ( 0.7854795351794343627, 0.000000000000000000, 0.6188876310076810716 ) ) ;
#3477 = EDGE_CURVE ( 'NONE', #6182, #2017, #1775, .T. ) ;
#3478 = VERTEX_POINT ( 'NONE', #3342 ) ;
#3479 = FACE_OUTER_BOUND ( 'NONE', #926, .T. ) ;
#3480 = EDGE_LOOP ( 'NONE', ( #5250, #1124, #9633, #738 ) ) ;
#3481 = VERTEX_POINT ( 'NONE', #155 ) ;
#3482 = AXIS2_PLACEMENT_3D ( 'NONE', #10152, #4640, #1598 ) ;
#3483 = CARTESIAN_POINT ( 'NONE',  ( -2.226228852475058861, 2.000000000000000000, -0.2812381072119743974 ) ) ;
#3484 = LINE ( 'NONE', #2590, #2683 ) ;
#3485 = CARTESIAN_POINT ( 'NONE',  ( 0.6934102960788445236, -0.1459623876292454603, -2.134097452749624146 ) ) ;
#3486 = CARTESIAN_POINT ( 'NONE',  ( -17.49999999999998579, -22.29461818466508305, -3.599999999999997424 ) ) ;
#3487 = EDGE_CURVE ( 'NONE', #4817, #2123, #7311, .T. ) ;
#3488 = VERTEX_POINT ( 'NONE', #4928 ) ;
#3489 = CARTESIAN_POINT ( 'NONE',  ( -1.815371723283495164, 2.000000000000000000, -1.318944761103852059 ) ) ;
#3490 = CARTESIAN_POINT ( 'NONE',  ( -0.6934102960788293135, -3.006278401112418225E-16, 2.134097452749628143 ) ) ;
#3491 = ORIENTED_EDGE ( 'NONE', *, *, #6814, .F. ) ;
#3492 = CARTESIAN_POINT ( 'NONE',  ( -0.4468946144997016368, -2.981555974335137194E-16, 2.102473859139058376 ) ) ;
#3493 = VERTEX_POINT ( 'NONE', #9607 ) ;
#3494 = ORIENTED_EDGE ( 'NONE', *, *, #4193, .F. ) ;
#3495 = VERTEX_POINT ( 'NONE', #4980 ) ;
#3496 = VECTOR ( 'NONE', #6760, 1000.000000000000000 ) ;
#3497 = DIRECTION ( 'NONE',  ( -0.9623838978496788155, 0.000000000000000000, -0.2716932703613744171 ) ) ;
#3498 = VERTEX_POINT ( 'NONE', #2454 ) ;
#3499 = CARTESIAN_POINT ( 'NONE',  ( -1.919371412219099682, 2.000000000000000000, -1.162412645533700051 ) ) ;
#3500 = VERTEX_POINT ( 'NONE', #4127 ) ;
#3501 = PLANE ( 'NONE',  #2837 ) ;
#3502 = DIRECTION ( 'NONE',  ( 0.08080691660714792168, 0.000000000000000000, 0.9967297739249316724 ) ) ;
#3503 = ORIENTED_EDGE ( 'NONE', *, *, #9495, .F. ) ;
#3504 = ORIENTED_EDGE ( 'NONE', *, *, #1108, .F. ) ;
#3505 = VECTOR ( 'NONE', #1253, 999.9999999999998863 ) ;
#3506 = CARTESIAN_POINT ( 'NONE',  ( 2.119107720340017487, 2.000000000000000000, 0.7379513846696954538 ) ) ;
#3507 = AXIS2_PLACEMENT_3D ( 'NONE', #1743, #957, #1062 ) ;
#3508 = ADVANCED_FACE ( 'NONE', ( #6638 ), #5660, .F. ) ;
#3509 = FACE_OUTER_BOUND ( 'NONE', #4762, .T. ) ;
#3510 = VECTOR ( 'NONE', #5703, 1000.000000000000000 ) ;
#3511 = CARTESIAN_POINT ( 'NONE',  ( 0.09772477418982074282, -0.1467932918244574947, -0.9562803425125581125 ) ) ;
#3512 = CARTESIAN_POINT ( 'NONE',  ( 0.2693968139906554038, -2.981555974335137194E-16, 2.132495364928984838 ) ) ;
#3513 = CARTESIAN_POINT ( 'NONE',  ( 0.9612567592082511547, -2.981555974335137194E-16, 0.002769087004222362414 ) ) ;
#3514 = EDGE_LOOP ( 'NONE', ( #8983, #2177, #759, #1316 ) ) ;
#3515 = PLANE ( 'NONE',  #2543 ) ;
#3516 = VECTOR ( 'NONE', #7781, 1000.000000000000227 ) ;
#3517 = VECTOR ( 'NONE', #3655, 1000.000000000000227 ) ;
#3518 = ORIENTED_EDGE ( 'NONE', *, *, #5417, .F. ) ;
#3519 = FACE_OUTER_BOUND ( 'NONE', #7753, .T. ) ;
#3520 = ORIENTED_EDGE ( 'NONE', *, *, #9456, .T. ) ;
#3521 = DIRECTION ( 'NONE',  ( 0.9581481342830604486, 0.000000000000000000, -0.2862728641871080115 ) ) ;
#3522 = LINE ( 'NONE', #9885, #6497 ) ;
#3523 = CARTESIAN_POINT ( 'NONE',  ( -1.869011007952382952, -3.006278401112418225E-16, 1.241767944784130329 ) ) ;
#3524 = DIRECTION ( 'NONE',  ( -0.5557886347590663689, 0.000000000000000000, -0.8313236394285038466 ) ) ;
#3525 = LINE ( 'NONE', #232, #5280 ) ;
#3526 = ORIENTED_EDGE ( 'NONE', *, *, #3313, .F. ) ;
#3527 = CARTESIAN_POINT ( 'NONE',  ( 0.8622402173287481153, -2.981555974335137194E-16, 0.4249282675784938346 ) ) ;
#3528 = ORIENTED_EDGE ( 'NONE', *, *, #7735, .T. ) ;
#3529 = PLANE ( 'NONE',  #10037 ) ;
#3530 = ORIENTED_EDGE ( 'NONE', *, *, #5255, .F. ) ;
#3531 = EDGE_CURVE ( 'NONE', #4656, #3759, #2605, .T. ) ;
#3532 = ADVANCED_FACE ( 'NONE', ( #6587 ), #8141, .F. ) ;
#3533 = DIRECTION ( 'NONE',  ( 0.6188876310076810716, 0.000000000000000000, -0.7854795351794343627 ) ) ;
#3534 = EDGE_CURVE ( 'NONE', #2660, #9505, #9702, .T. ) ;
#3535 = LINE ( 'NONE', #3376, #879 ) ;
#3536 = DIRECTION ( 'NONE',  ( -0.4093665898583177531, 0.000000000000000000, 0.9123699880573515886 ) ) ;
#3537 = EDGE_CURVE ( 'NONE', #5999, #6848, #2554, .T. ) ;
#3538 = VECTOR ( 'NONE', #1337, 1000.000000000000114 ) ;
#3539 = LINE ( 'NONE', #7498, #223 ) ;
#3540 = VERTEX_POINT ( 'NONE', #8192 ) ;
#3541 = PLANE ( 'NONE',  #4295 ) ;
#3542 = ORIENTED_EDGE ( 'NONE', *, *, #3154, .F. ) ;
#3543 = ORIENTED_EDGE ( 'NONE', *, *, #3447, .F. ) ;
#3544 = EDGE_LOOP ( 'NONE', ( #1257, #4846, #2034, #2470, #827, #5239, #2488, #9812, #4796, #6857, #8613, #4903, #8128, #6141, #3226, #1473, #7458, #6000, #1552, #5185, #1793, #9975, #443, #6687, #8740, #10307, #6297, #1099, #8774, #4549, #4208, #4444, #4488, #3281, #4463, #6479, #6681, #3071, #6932, #5995, #628, #6533, #8341, #6490, #4130, #10094, #6351, #7442, #723, #3919, #7590, #7415, #9169, #3861, #10254, #5438, #495, #10175, #6551, #8388, #6278, #10286, #9346, #8495, #2254, #5422, #8021, #8728, #7266, #7473, #8855, #4514, #1819, #8781, #7740, #8116, #5111, #8273, #1606, #7327, #8806, #9252, #5509, #254, #4835, #7869, #3275, #8313, #10126, #4425, #8564, #3039, #6817, #6614, #8334, #4822, #5554, #5914, #1154, #6384, #8094, #3284, #1285, #6809, #1063, #4724, #2501, #3388, #6477, #948, #2609, #3543, #8086, #5473, #6872, #4811, #8018, #9052, #1827, #4578, #1301, #568, #9837, #3346, #3692, #4554, #2548, #679, #6091, #8139, #9162, #4476, #4237, #6483, #8973, #5265, #1389, #5896, #10052, #4343, #4644, #3308, #1536, #6945, #509, #5737, #6590, #9370, #205, #5975, #473, #8757, #7986, #10064, #3503, #3927, #8499, #5858, #7337, #3010, #8262, #340, #2650, #9268, #7412, #9127, #962, #1260, #1036, #9296, #5036, #9757, #5866, #9791, #3080, #9209, #9753, #4239, #5030, #8995, #4125, #9928, #1968, #6667, #4290, #6532, #9234, #6296, #1349, #831, #8275, #7335, #9429, #3211, #5587, #7084, #74, #2341, #9952, #7559, #4864, #4695, #5447, #1128, #2529, #2507, #1668, #4709, #4540, #8089, #7757, #7764, #8969, #2167, #3023, #9526, #1990, #2371, #7674, #6819, #2840, #3559, #182, #4582, #4181, #7476, #3561, #7900, #6530, #1247, #2774, #364, #7462, #6793, #4714, #8286, #1870, #360, #83, #427, #287, #9367, #6795, #1712, #9109, #8658, #4508, #4852, #6403, #7913, #3874, #1021, #8522, #7060, #6513, #7042, #3526, #4390, #3380, #1694, #7685, #2434, #7646, #7615, #2540, #2399, #5240, #4012, #4105, #5997, #5475, #7949, #3361, #7636, #8639, #4431, #9357, #7890, #9584, #485, #2496, #8394, #3491, #7512, #2625, #7523, #9477, #1144, #355, #7505, #2041, #9725, #5182, #472, #4385, #4647, #6261, #5142, #6770, #619 ) ) ;
#3545 = EDGE_CURVE ( 'NONE', #6873, #9819, #59, .T. ) ;
#3546 = AXIS2_PLACEMENT_3D ( 'NONE', #10165, #1887, #2239 ) ;
#3547 = ADVANCED_FACE ( 'NONE', ( #2659 ), #204, .F. ) ;
#3548 = CARTESIAN_POINT ( 'NONE',  ( 0.8410217014933238922, -0.1427855095417420173, -0.4655155449430893322 ) ) ;
#3549 = VECTOR ( 'NONE', #3974, 1000.000000000000000 ) ;
#3550 = VECTOR ( 'NONE', #1586, 1000.000000000000000 ) ;
#3551 = EDGE_LOOP ( 'NONE', ( #8804, #2406, #9695, #3241 ) ) ;
#3552 = DIRECTION ( 'NONE',  ( -0.2050930954896678093, 0.000000000000000000, -0.9787424697960469544 ) ) ;
#3553 = CARTESIAN_POINT ( 'NONE',  ( 0.1032326095015593942, 2.000000000000000000, -0.9557014456941483882 ) ) ;
#3554 = VECTOR ( 'NONE', #2136, 1000.000000000000000 ) ;
#3555 = PRESENTATION_LAYER_ASSIGNMENT (  '', '', ( #8051 ) ) ;
#3556 = ORIENTED_EDGE ( 'NONE', *, *, #7118, .T. ) ;
#3557 = CARTESIAN_POINT ( 'NONE',  ( 0.9482571523558142035, -2.981555974335137194E-16, -0.1575772761930756272 ) ) ;
#3558 = CARTESIAN_POINT ( 'NONE',  ( -0.9396752671476377161, 2.000000000000000000, 0.2025650939263782813 ) ) ;
#3559 = ORIENTED_EDGE ( 'NONE', *, *, #8530, .F. ) ;
#3560 = CIRCLE ( 'NONE', #4905, 2.000000000000000000 ) ;
#3561 = ORIENTED_EDGE ( 'NONE', *, *, #9406, .F. ) ;
#3562 = CARTESIAN_POINT ( 'NONE',  ( -0.9210301919172702023, 2.000000000000000000, 0.2751828674594820612 ) ) ;
#3563 = FACE_OUTER_BOUND ( 'NONE', #2192, .T. ) ;
#3564 = VECTOR ( 'NONE', #1862, 1000.000000000000000 ) ;
#3565 = CARTESIAN_POINT ( 'NONE',  ( -0.8770254568504652903, -0.1427855095417420173, -0.3935080342288066468 ) ) ;
#3566 = DIRECTION ( 'NONE',  ( 0.1073929313708710670, 0.000000000000000000, 0.9942166556096168062 ) ) ;
#3567 = ORIENTED_EDGE ( 'NONE', *, *, #6746, .F. ) ;
#3568 = DIRECTION ( 'NONE',  ( -0.9742326696776274497, 0.000000000000000000, 0.2255453509447774563 ) ) ;
#3569 = EDGE_CURVE ( 'NONE', #3612, #8428, #9759, .T. ) ;
#3570 = ORIENTED_EDGE ( 'NONE', *, *, #4109, .T. ) ;
#3571 = PLANE ( 'NONE',  #8885 ) ;
#3572 = ORIENTED_EDGE ( 'NONE', *, *, #10292, .T. ) ;
#3573 = VECTOR ( 'NONE', #8627, 1000.000000000000000 ) ;
#3574 = DIRECTION ( 'NONE',  ( -0.8427808753721385271, 0.000000000000000000, -0.5382568124111127839 ) ) ;
#3575 = CARTESIAN_POINT ( 'NONE',  ( 0.1376839174503953767, -0.1478946242935113842, 0.9513492333743164275 ) ) ;
#3576 = CARTESIAN_POINT ( 'NONE',  ( 0.2168078926774383852, 2.000000000000000000, -0.9364916244362013753 ) ) ;
#3577 = LINE ( 'NONE', #8319, #424 ) ;
#3578 = VECTOR ( 'NONE', #6604, 1000.000000000000000 ) ;
#3579 = VERTEX_POINT ( 'NONE', #5865 ) ;
#3580 = LINE ( 'NONE', #5262, #44 ) ;
#3581 = VECTOR ( 'NONE', #3832, 1000.000000000000114 ) ;
#3582 = ORIENTED_EDGE ( 'NONE', *, *, #7117, .F. ) ;
#3583 = EDGE_CURVE ( 'NONE', #5779, #4178, #1880, .T. ) ;
#3584 = CARTESIAN_POINT ( 'NONE',  ( -0.5463284409049956603, -0.1447179299707544164, 0.7909155831216775345 ) ) ;
#3585 = VERTEX_POINT ( 'NONE', #4031 ) ;
#3586 = ORIENTED_EDGE ( 'NONE', *, *, #8462, .T. ) ;
#3587 = DIRECTION ( 'NONE',  ( -0.3261448337396586350, 0.000000000000000000, 0.9453198122460623187 ) ) ;
#3588 = CARTESIAN_POINT ( 'NONE',  ( -0.3699492575029016961, 2.000000000000000000, -0.8872202499038435164 ) ) ;
#3589 = LINE ( 'NONE', #7396, #3726 ) ;
#3590 = CARTESIAN_POINT ( 'NONE',  ( -0.2693968139906705028, 2.000000000000000000, -2.132495364928982617 ) ) ;
#3591 = VERTEX_POINT ( 'NONE', #7215 ) ;
#3592 = DIRECTION ( 'NONE',  ( 0.3117554040631813073, 0.000000000000000000, -0.9501623903509350821 ) ) ;
#3593 = CARTESIAN_POINT ( 'NONE',  ( 1.944875419031339758, -0.1438055149296439406, -0.9151889036038363123 ) ) ;
#3594 = EDGE_LOOP ( 'NONE', ( #1091, #8407, #6222, #7751 ) ) ;
#3595 = AXIS2_PLACEMENT_3D ( 'NONE', #8068, #3064, #2334 ) ;
#3596 = LINE ( 'NONE', #2800, #6357 ) ;
#3597 = EDGE_CURVE ( 'NONE', #4994, #5704, #6005, .T. ) ;
#3598 = VERTEX_POINT ( 'NONE', #3499 ) ;
#3599 = ORIENTED_EDGE ( 'NONE', *, *, #2176, .T. ) ;
#3600 = APPLICATION_CONTEXT ( 'automotive_design' ) ;
#3601 = LINE ( 'NONE', #2242, #8335 ) ;
#3602 = EDGE_CURVE ( 'NONE', #3180, #8293, #6844, .T. ) ;
#3603 = EDGE_CURVE ( 'NONE', #7028, #884, #9135, .T. ) ;
#3604 = ORIENTED_EDGE ( 'NONE', *, *, #2474, .F. ) ;
#3605 = PLANE ( 'NONE',  #9126 ) ;
#3606 = LINE ( 'NONE', #7618, #3517 ) ;
#3607 = LINE ( 'NONE', #9915, #1435 ) ;
#3608 = EDGE_LOOP ( 'NONE', ( #4718, #8250, #10182, #6491 ) ) ;
#3609 = VECTOR ( 'NONE', #3448, 1000.000000000000114 ) ;
#3610 = CARTESIAN_POINT ( 'NONE',  ( 0.000000000000000000, -2.981555974335137194E-16, 2.149444375840398713 ) ) ;
#3611 = DIRECTION ( 'NONE',  ( 0.7947849549988975637, 0.000000000000000000, 0.6068911560629305368 ) ) ;
#3612 = VERTEX_POINT ( 'NONE', #2758 ) ;
#3613 = VERTEX_POINT ( 'NONE', #311 ) ;
#3614 = CARTESIAN_POINT ( 'NONE',  ( 0.2221997420524818856, -0.1459816899409636104, -0.9352269775825530207 ) ) ;
#3615 = VECTOR ( 'NONE', #9640, 999.9999999999998863 ) ;
#3616 = ORIENTED_EDGE ( 'NONE', *, *, #8309, .T. ) ;
#3617 = LINE ( 'NONE', #8306, #7375 ) ;
#3618 = EDGE_CURVE ( 'NONE', #3387, #1075, #8295, .T. ) ;
#3619 = DIRECTION ( 'NONE',  ( 0.000000000000000000, 1.000000000000000000, -0.000000000000000000 ) ) ;
#3620 = FACE_OUTER_BOUND ( 'NONE', #3551, .T. ) ;
#3621 = ORIENTED_EDGE ( 'NONE', *, *, #3336, .F. ) ;
#3622 = DIRECTION ( 'NONE',  ( 0.8195017574611052069, 0.000000000000000000, -0.5730766698428404471 ) ) ;
#3623 = ORIENTED_EDGE ( 'NONE', *, *, #4965, .T. ) ;
#3624 = DIRECTION ( 'NONE',  ( 0.000000000000000000, 1.000000000000000000, -0.000000000000000000 ) ) ;
#3625 = LINE ( 'NONE', #7528, #4664 ) ;
#3626 = LINE ( 'NONE', #2937, #6669 ) ;
#3627 = DIRECTION ( 'NONE',  ( 0.000000000000000000, -1.000000000000000000, 0.000000000000000000 ) ) ;
#3628 = DIRECTION ( 'NONE',  ( -0.9382822259387206820, 0.000000000000000000, 0.3458705892201293097 ) ) ;
#3629 = AXIS2_PLACEMENT_3D ( 'NONE', #1407, #5448, #6217 ) ;
#3630 = ORIENTED_EDGE ( 'NONE', *, *, #3417, .T. ) ;
#3631 = LINE ( 'NONE', #6818, #7888 ) ;
#3632 = VERTEX_POINT ( 'NONE', #5961 ) ;
#3633 = DIRECTION ( 'NONE',  ( -0.1639277132441314122, 0.000000000000000000, -0.9864723538095477862 ) ) ;
#3634 = LINE ( 'NONE', #2112, #2709 ) ;
#3635 = ORIENTED_EDGE ( 'NONE', *, *, #3335, .T. ) ;
#3636 = CARTESIAN_POINT ( 'NONE',  ( 2.111371806538511642, -0.1456920279732068779, -0.4027657127738456522 ) ) ;
#3637 = VECTOR ( 'NONE', #8802, 1000.000000000000000 ) ;
#3638 = EDGE_CURVE ( 'NONE', #6796, #3387, #3607, .T. ) ;
#3639 = DIRECTION ( 'NONE',  ( 0.9864723538095445665, 0.000000000000000000, 0.1639277132441515628 ) ) ;
#3640 = CARTESIAN_POINT ( 'NONE',  ( -0.7991187831734636315, 2.000000000000000000, 0.5342577985820603503 ) ) ;
#3641 = CARTESIAN_POINT ( 'NONE',  ( 1.653273178848926867E-16, 3.200000000000000622, 1.350000000000000089 ) ) ;
#3642 = EDGE_LOOP ( 'NONE', ( #2082, #5575, #5101, #128 ) ) ;
#3643 = CARTESIAN_POINT ( 'NONE',  ( 0.3324718211827691894, 2.000000000000000000, 0.9019338740095081963 ) ) ;
#3644 = CARTESIAN_POINT ( 'NONE',  ( 0.1774015163344592194, 2.000000000000000000, 0.9447491344100936717 ) ) ;
#3645 = VECTOR ( 'NONE', #1661, 1000.000000000000000 ) ;
#3646 = VERTEX_POINT ( 'NONE', #2865 ) ;
#3647 = DIRECTION ( 'NONE',  ( -0.2458986747546133833, 0.000000000000000000, -0.9692955389115979203 ) ) ;
#3648 = ORIENTED_EDGE ( 'NONE', *, *, #8345, .T. ) ;
#3649 = ORIENTED_EDGE ( 'NONE', *, *, #6800, .T. ) ;
#3650 = VECTOR ( 'NONE', #754, 1000.000000000000114 ) ;
#3651 = CARTESIAN_POINT ( 'NONE',  ( 2.009908089764430361, -3.006278401112418225E-16, 0.9977270404474759546 ) ) ;
#3652 = DIRECTION ( 'NONE',  ( -0.2255453509447774563, 0.000000000000000000, -0.9742326696776274497 ) ) ;
#3653 = EDGE_LOOP ( 'NONE', ( #4096, #4780, #818, #696 ) ) ;
#3654 = CARTESIAN_POINT ( 'NONE',  ( 1.815371723283486505, 2.000000000000000000, 1.318944761103864716 ) ) ;
#3655 = DIRECTION ( 'NONE',  ( -0.9997162067481564218, 0.000000000000000000, 0.02382238369847172396 ) ) ;
#3656 = LINE ( 'NONE', #4500, #3767 ) ;
#3657 = ORIENTED_EDGE ( 'NONE', *, *, #7199, .F. ) ;
#3658 = DIRECTION ( 'NONE',  ( 0.7450692948612493982, 0.000000000000000000, 0.6669870657328825780 ) ) ;
#3659 = VERTEX_POINT ( 'NONE', #1976 ) ;
#3660 = VERTEX_POINT ( 'NONE', #10067 ) ;
#3661 = EDGE_CURVE ( 'NONE', #3478, #4448, #10007, .T. ) ;
#3662 = EDGE_CURVE ( 'NONE', #3933, #4439, #5919, .T. ) ;
#3663 = EDGE_CURVE ( 'NONE', #2926, #4049, #2810, .T. ) ;
#3664 = PLANE ( 'NONE',  #343 ) ;
#3665 = EDGE_CURVE ( 'NONE', #9229, #3488, #5292, .T. ) ;
#3666 = VERTEX_POINT ( 'NONE', #6060 ) ;
#3667 = CYLINDRICAL_SURFACE ( 'NONE', #374, 2.450000000000000178 ) ;
#3668 = DIRECTION ( 'NONE',  ( 0.9229756359820466827, 0.000000000000000000, 0.3848583835432667355 ) ) ;
#3669 = VERTEX_POINT ( 'NONE', #9186 ) ;
#3670 = AXIS2_PLACEMENT_3D ( 'NONE', #4575, #2107, #7586 ) ;
#3671 = DIRECTION ( 'NONE',  ( -0.8674621517390698200, 0.000000000000000000, 0.4975031811960833883 ) ) ;
#3672 = ORIENTED_EDGE ( 'NONE', *, *, #1554, .T. ) ;
#3673 = LINE ( 'NONE', #1274, #8344 ) ;
#3674 = CARTESIAN_POINT ( 'NONE',  ( 1.263411704741965069, -2.981555974335137194E-16, 1.738937028518549477 ) ) ;
#3675 = ADVANCED_FACE ( 'NONE', ( #6897 ), #9958, .F. ) ;
#3676 = DIRECTION ( 'NONE',  ( 0.9362739751521729215, 0.000000000000000000, -0.3512706128510444392 ) ) ;
#3677 = VECTOR ( 'NONE', #2052, 1000.000000000000000 ) ;
#3678 = CARTESIAN_POINT ( 'NONE',  ( 2.044243080056986628, 2.000000000000000000, -0.6642148405983153703 ) ) ;
#3679 = CARTESIAN_POINT ( 'NONE',  ( -0.1032326095015529965, 2.000000000000000000, 0.9557014456941491654 ) ) ;
#3680 = VECTOR ( 'NONE', #8445, 1000.000000000000000 ) ;
#3681 = VERTEX_POINT ( 'NONE', #8456 ) ;
#3682 = EDGE_LOOP ( 'NONE', ( #1332, #3762, #2788, #7441 ) ) ;
#3683 = DIRECTION ( 'NONE',  ( 0.000000000000000000, -1.000000000000000000, 0.000000000000000000 ) ) ;
#3684 = CARTESIAN_POINT ( 'NONE',  ( -0.8236591385239362406, 2.000000000000000000, -0.4955883861556830139 ) ) ;
#3685 = ORIENTED_EDGE ( 'NONE', *, *, #5821, .F. ) ;
#3686 = VERTEX_POINT ( 'NONE', #4447 ) ;
#3687 = DIRECTION ( 'NONE',  ( 0.1224747460865737714, 0.000000000000000000, -0.9924716301089060444 ) ) ;
#3688 = DIRECTION ( 'NONE',  ( 0.1639277132441378793, 0.000000000000000000, 0.9864723538095467870 ) ) ;
#3689 = DIRECTION ( 'NONE',  ( -0.000000000000000000, -1.000000000000000000, -0.000000000000000000 ) ) ;
#3690 = DIRECTION ( 'NONE',  ( 0.1016631277507719783, 0.000000000000000000, 0.9948188822373298379 ) ) ;
#3691 = DIRECTION ( 'NONE',  ( 0.9942166556096166952, 0.000000000000000000, -0.1073929313708710392 ) ) ;
#3692 = ORIENTED_EDGE ( 'NONE', *, *, #4177, .F. ) ;
#3693 = CARTESIAN_POINT ( 'NONE',  ( -0.8742577899074709391, 2.000000000000000000, -1.963615146004437095 ) ) ;
#3694 = CARTESIAN_POINT ( 'NONE',  ( -0.6745345522507295577, -0.1458349236714011621, -0.6848542639031275359 ) ) ;
#3695 = EDGE_LOOP ( 'NONE', ( #3870, #3052, #5516, #5736 ) ) ;
#3696 = CARTESIAN_POINT ( 'NONE',  ( 0.000000000000000000, 0.000000000000000000, 0.000000000000000000 ) ) ;
#3697 = EDGE_CURVE ( 'NONE', #3851, #5707, #6119, .T. ) ;
#3698 = VERTEX_POINT ( 'NONE', #4340 ) ;
#3699 = ORIENTED_EDGE ( 'NONE', *, *, #5878, .F. ) ;
#3700 = FACE_OUTER_BOUND ( 'NONE', #3594, .T. ) ;
#3701 = FACE_OUTER_BOUND ( 'NONE', #10090, .T. ) ;
#3702 = CARTESIAN_POINT ( 'NONE',  ( 0.7258572354296886076, -0.1460357895205570966, -0.6302011573622792184 ) ) ;
#3703 = VECTOR ( 'NONE', #4241, 999.9999999999998863 ) ;
#3704 = ORIENTED_EDGE ( 'NONE', *, *, #9999, .T. ) ;
#3705 = LINE ( 'NONE', #10118, #8466 ) ;
#3706 = CARTESIAN_POINT ( 'NONE',  ( 0.3750546960483487346, 2.000000000000000000, 0.8850741211550972043 ) ) ;
#3707 = EDGE_LOOP ( 'NONE', ( #1748, #7159, #4497, #7970 ) ) ;
#3708 = VECTOR ( 'NONE', #3805, 1000.000000000000000 ) ;
#3709 = ORIENTED_EDGE ( 'NONE', *, *, #1637, .T. ) ;
#3710 = EDGE_LOOP ( 'NONE', ( #3753, #1842, #7465, #5038 ) ) ;
#3711 = ADVANCED_FACE ( 'NONE', ( #7514 ), #359, .F. ) ;
#3712 = CARTESIAN_POINT ( 'NONE',  ( 0.5789693251283226649, -2.981555974335137194E-16, -0.7673439551640719447 ) ) ;
#3713 = EDGE_CURVE ( 'NONE', #2017, #9681, #9292, .T. ) ;
#3714 = UNCERTAINTY_MEASURE_WITH_UNIT (LENGTH_MEASURE( 1.000000000000000082E-05 ), #2101, 'distance_accuracy_value', 'NONE');
#3715 = VECTOR ( 'NONE', #1007, 1000.000000000000114 ) ;
#3716 = VECTOR ( 'NONE', #4048, 999.9999999999998863 ) ;
#3717 = ORIENTED_EDGE ( 'NONE', *, *, #1932, .T. ) ;
#3718 = CARTESIAN_POINT ( 'NONE',  ( -0.2168078926774252013, -2.981555974335137194E-16, -0.9364916244362043729 ) ) ;
#3719 = EDGE_CURVE ( 'NONE', #5497, #5225, #6791, .T. ) ;
#3720 = CARTESIAN_POINT ( 'NONE',  ( 0.9408267182697738207, 2.000000000000000000, -0.1971479423075842841 ) ) ;
#3721 = DIRECTION ( 'NONE',  ( -0.8195017574610932165, 0.000000000000000000, -0.5730766698428575445 ) ) ;
#3722 = ORIENTED_EDGE ( 'NONE', *, *, #2103, .F. ) ;
#3723 = FACE_OUTER_BOUND ( 'NONE', #3695, .T. ) ;
#3724 = ORIENTED_EDGE ( 'NONE', *, *, #10099, .T. ) ;
#3725 = EDGE_CURVE ( 'NONE', #10141, #997, #7619, .T. ) ;
#3726 = VECTOR ( 'NONE', #6774, 1000.000000000000114 ) ;
#3727 = CARTESIAN_POINT ( 'NONE',  ( -2.044243080056977302, -0.1458349236714011621, -0.6642148405983434589 ) ) ;
#3728 = DIRECTION ( 'NONE',  ( -0.8195017574611013211, 0.000000000000000000, 0.5730766698428458872 ) ) ;
#3729 = CARTESIAN_POINT ( 'NONE',  ( -2.070264362223230403, -2.981555974335137194E-16, 0.5780281959734857589 ) ) ;
#3730 = CARTESIAN_POINT ( 'NONE',  ( -17.49999999999997868, 4.200000000000000178, 1.084202172485504434E-15 ) ) ;
#3731 = CARTESIAN_POINT ( 'NONE',  ( 0.3750546960483663872, -2.981555974335137194E-16, -0.8850741211550896548 ) ) ;
#3732 = EDGE_CURVE ( 'NONE', #7353, #9512, #3656, .T. ) ;
#3733 = VERTEX_POINT ( 'NONE', #3761 ) ;
#3734 = EDGE_CURVE ( 'NONE', #3411, #2776, #9344, .T. ) ;
#3735 = VERTEX_POINT ( 'NONE', #2351 ) ;
#3736 = DIRECTION ( 'NONE',  ( 0.9501623903509414104, 0.000000000000000000, -0.3117554040631613788 ) ) ;
#3737 = ORIENTED_EDGE ( 'NONE', *, *, #10159, .T. ) ;
#3738 = ORIENTED_EDGE ( 'NONE', *, *, #9315, .T. ) ;
#3739 = DIRECTION ( 'NONE',  ( -0.000000000000000000, 1.000000000000000000, 0.000000000000000000 ) ) ;
#3740 = CARTESIAN_POINT ( 'NONE',  ( 0.9540240211766770617, 2.000000000000000000, -0.1177301659910061776 ) ) ;
#3741 = DIRECTION ( 'NONE',  ( 0.000000000000000000, -1.000000000000000000, 0.000000000000000000 ) ) ;
#3742 = AXIS2_PLACEMENT_3D ( 'NONE', #1803, #9632, #2586 ) ;
#3743 = CARTESIAN_POINT ( 'NONE',  ( -0.1376839174503886598, 2.000000000000000000, -0.9513492333743172047 ) ) ;
#3744 = CARTESIAN_POINT ( 'NONE',  ( -2.212499041939551603, 2.000000000000000000, 0.3742162021574593211 ) ) ;
#3745 = DIRECTION ( 'NONE',  ( -0.6234027750480002350, 0.000000000000000000, 0.7819008761105543659 ) ) ;
#3746 = ORIENTED_EDGE ( 'NONE', *, *, #6990, .T. ) ;
#3747 = PLANE ( 'NONE',  #4978 ) ;
#3748 = DIRECTION ( 'NONE',  ( 0.5155608271417849719, 0.000000000000000000, -0.8568529824403241513 ) ) ;
#3749 = ORIENTED_EDGE ( 'NONE', *, *, #7049, .T. ) ;
#3750 = ADVANCED_FACE ( 'NONE', ( #3026 ), #10230, .F. ) ;
#3751 = DIRECTION ( 'NONE',  ( -0.9362739751521658160, 0.000000000000000000, -0.3512706128510632575 ) ) ;
#3752 = AXIS2_PLACEMENT_3D ( 'NONE', #2896, #4423, #4319 ) ;
#3753 = ORIENTED_EDGE ( 'NONE', *, *, #9205, .F. ) ;
#3754 = ORIENTED_EDGE ( 'NONE', *, *, #7675, .T. ) ;
#3755 = PLANE ( 'NONE',  #7880 ) ;
#3756 = CARTESIAN_POINT ( 'NONE',  ( -0.9396752671476377161, -2.981555974335137194E-16, 0.2025650939263782813 ) ) ;
#3757 = FACE_OUTER_BOUND ( 'NONE', #107, .T. ) ;
#3758 = DIRECTION ( 'NONE',  ( -0.7412141892185336589, 0.000000000000000000, -0.6712685943056713178 ) ) ;
#3759 = VERTEX_POINT ( 'NONE', #1357 ) ;
#3760 = LINE ( 'NONE', #1310, #2039 ) ;
#3761 = CARTESIAN_POINT ( 'NONE',  ( 2.044243080056986628, -2.981555974335137194E-16, -0.6642148405983152593 ) ) ;
#3762 = ORIENTED_EDGE ( 'NONE', *, *, #116, .F. ) ;
#3763 = ORIENTED_EDGE ( 'NONE', *, *, #8817, .F. ) ;
#3764 = AXIS2_PLACEMENT_3D ( 'NONE', #9313, #7694, #386 ) ;
#3765 = LINE ( 'NONE', #6013, #4354 ) ;
#3766 = ADVANCED_FACE ( 'NONE', ( #4711 ), #5553, .F. ) ;
#3767 = VECTOR ( 'NONE', #3082, 1000.000000000000000 ) ;
#3768 = ORIENTED_EDGE ( 'NONE', *, *, #6733, .T. ) ;
#3769 = CARTESIAN_POINT ( 'NONE',  ( 0.8622402173287568861, 2.000000000000000000, -0.4249282675784758490 ) ) ;
#3770 = DIRECTION ( 'NONE',  ( -0.6188876310076647513, 0.000000000000000000, -0.7854795351794473524 ) ) ;
#3771 = ADVANCED_FACE ( 'NONE', ( #10173 ), #7112, .F. ) ;
#3772 = ORIENTED_EDGE ( 'NONE', *, *, #5966, .F. ) ;
#3773 = DIRECTION ( 'NONE',  ( 0.000000000000000000, 1.000000000000000000, -0.000000000000000000 ) ) ;
#3774 = VERTEX_POINT ( 'NONE', #9552 ) ;
#3775 = AXIS2_PLACEMENT_3D ( 'NONE', #144, #7348, #195 ) ;
#3776 = LINE ( 'NONE', #3727, #4519 ) ;
#3777 = LINE ( 'NONE', #7744, #1652 ) ;
#3778 = FACE_OUTER_BOUND ( 'NONE', #8801, .T. ) ;
#3779 = LINE ( 'NONE', #5256, #3834 ) ;
#3780 = PLANE ( 'NONE',  #5092 ) ;
#3781 = DIRECTION ( 'NONE',  ( -0.9207430172529452728, 0.000000000000000000, -0.3901695736214481069 ) ) ;
#3782 = ORIENTED_EDGE ( 'NONE', *, *, #3250, .F. ) ;
#3783 = ORIENTED_EDGE ( 'NONE', *, *, #3143, .T. ) ;
#3784 = LINE ( 'NONE', #4631, #4558 ) ;
#3785 = VERTEX_POINT ( 'NONE', #2401 ) ;
#3786 = VERTEX_POINT ( 'NONE', #3189 ) ;
#3787 = DIRECTION ( 'NONE',  ( -0.000000000000000000, 1.000000000000000000, 0.000000000000000000 ) ) ;
#3788 = CARTESIAN_POINT ( 'NONE',  ( 2.145202938358540479, -2.981555974335137194E-16, 0.1349647290584010950 ) ) ;
#3789 = ADVANCED_FACE ( 'NONE', ( #2246 ), #5449, .F. ) ;
#3790 = EDGE_CURVE ( 'NONE', #198, #5912, #8609, .T. ) ;
#3791 = ADVANCED_FACE ( 'NONE', ( #3813 ), #7884, .F. ) ;
#3792 = CARTESIAN_POINT ( 'NONE',  ( 0.9194294835318199688, -2.981555974335137194E-16, 0.2804846694184860434 ) ) ;
#3793 = VECTOR ( 'NONE', #5290, 1000.000000000000000 ) ;
#3794 = EDGE_CURVE ( 'NONE', #9021, #5555, #6168, .T. ) ;
#3795 = CARTESIAN_POINT ( 'NONE',  ( 0.6105945004202757431, 2.000000000000000000, 0.7424261451638811682 ) ) ;
#3796 = PLANE ( 'NONE',  #1805 ) ;
#3797 = CARTESIAN_POINT ( 'NONE',  ( 0.8695550808797301023, -3.006278401112418225E-16, -2.068589794487255773 ) ) ;
#3798 = EDGE_LOOP ( 'NONE', ( #84, #3737, #6092, #5112 ) ) ;
#3799 = FACE_OUTER_BOUND ( 'NONE', #2002, .T. ) ;
#3800 = CARTESIAN_POINT ( 'NONE',  ( -0.9533299039201587055, -2.981555974335137194E-16, 0.1232246698432092336 ) ) ;
#3801 = ORIENTED_EDGE ( 'NONE', *, *, #2336, .T. ) ;
#3802 = LINE ( 'NONE', #2237, #10073 ) ;
#3803 = VECTOR ( 'NONE', #2813, 1000.000000000000000 ) ;
#3804 = VERTEX_POINT ( 'NONE', #9503 ) ;
#3805 = DIRECTION ( 'NONE',  ( 0.7947849549989060014, 0.000000000000000000, -0.6068911560629195456 ) ) ;
#3806 = CARTESIAN_POINT ( 'NONE',  ( -0.8207902148049635027, 2.000000000000000000, -0.5003255422690399135 ) ) ;
#3807 = CARTESIAN_POINT ( 'NONE',  ( -1.189484353158700936, -2.981555974335137194E-16, -1.790317876362337079 ) ) ;
#3808 = ADVANCED_FACE ( 'NONE', ( #626 ), #681, .F. ) ;
#3809 = CARTESIAN_POINT ( 'NONE',  ( 0.04699317460288483100, 2.000000000000000000, 2.243430725046169361 ) ) ;
#3810 = AXIS2_PLACEMENT_3D ( 'NONE', #953, #2463, #2514 ) ;
#3811 = ORIENTED_EDGE ( 'NONE', *, *, #6521, .T. ) ;
#3812 = DIRECTION ( 'NONE',  ( 0.8749152647210610700, 0.000000000000000000, 0.4842760365308979020 ) ) ;
#3813 = FACE_OUTER_BOUND ( 'NONE', #5207, .T. ) ;
#3814 = ORIENTED_EDGE ( 'NONE', *, *, #7182, .T. ) ;
#3815 = DIRECTION ( 'NONE',  ( -0.000000000000000000, 1.000000000000000000, -0.000000000000000000 ) ) ;
#3816 = CARTESIAN_POINT ( 'NONE',  ( -0.4468946144996875369, -0.1458670832290543395, -2.102473859139061041 ) ) ;
#3817 = ORIENTED_EDGE ( 'NONE', *, *, #7199, .T. ) ;
#3818 = LINE ( 'NONE', #632, #686 ) ;
#3819 = VECTOR ( 'NONE', #2265, 999.9999999999998863 ) ;
#3820 = VERTEX_POINT ( 'NONE', #1408 ) ;
#3821 = CARTESIAN_POINT ( 'NONE',  ( 0.6148617368345542511, 2.000000000000000000, 0.7388959801915165881 ) ) ;
#3822 = DIRECTION ( 'NONE',  ( 0.5683457295457503555, 0.000000000000000000, 0.8227898466237346664 ) ) ;
#3823 = CARTESIAN_POINT ( 'NONE',  ( 0.7550506452478165098, -0.1438055149296439406, -0.5949123868917531865 ) ) ;
#3824 = ORIENTED_EDGE ( 'NONE', *, *, #6411, .T. ) ;
#3825 = DIRECTION ( 'NONE',  ( -0.4093665898583050966, 0.000000000000000000, -0.9123699880573573617 ) ) ;
#3826 = EDGE_LOOP ( 'NONE', ( #7656, #3260, #8777, #5759 ) ) ;
#3827 = EDGE_CURVE ( 'NONE', #1201, #9230, #6275, .T. ) ;
#3828 = PLANE ( 'NONE',  #3350 ) ;
#3829 = DIRECTION ( 'NONE',  ( 0.04475363562197846867, 0.000000000000000000, 0.9989980541015157645 ) ) ;
#3830 = DIRECTION ( 'NONE',  ( -0.7269936399417014083, 0.000000000000000000, -0.6866441927842366066 ) ) ;
#3831 = PLANE ( 'NONE',  #3670 ) ;
#3832 = DIRECTION ( 'NONE',  ( -0.5854522923790086431, 0.000000000000000000, -0.8107068603065868961 ) ) ;
#3833 = FACE_OUTER_BOUND ( 'NONE', #8328, .T. ) ;
#3834 = VECTOR ( 'NONE', #8422, 1000.000000000000000 ) ;
#3835 = ORIENTED_EDGE ( 'NONE', *, *, #852, .F. ) ;
#3836 = ORIENTED_EDGE ( 'NONE', *, *, #1620, .T. ) ;
#3837 = LINE ( 'NONE', #2373, #7379 ) ;
#3838 = ORIENTED_EDGE ( 'NONE', *, *, #8355, .T. ) ;
#3839 = ORIENTED_EDGE ( 'NONE', *, *, #7359, .T. ) ;
#3840 = ADVANCED_FACE ( 'NONE', ( #3869 ), #8562, .F. ) ;
#3841 = DIRECTION ( 'NONE',  ( -0.4607412416904042574, 0.000000000000000000, -0.8875345109941272792 ) ) ;
#3842 = AXIS2_PLACEMENT_3D ( 'NONE', #8503, #5444, #3019 ) ;
#3843 = CARTESIAN_POINT ( 'NONE',  ( 1.981493566476397516, 2.000000000000000000, 0.8329431978499892697 ) ) ;
#3844 = VECTOR ( 'NONE', #4479, 1000.000000000000000 ) ;
#3845 = FACE_OUTER_BOUND ( 'NONE', #606, .T. ) ;
#3846 = VECTOR ( 'NONE', #2920, 1000.000000000000114 ) ;
#3847 = DIRECTION ( 'NONE',  ( 0.000000000000000000, -1.000000000000000000, 0.000000000000000000 ) ) ;
#3848 = CARTESIAN_POINT ( 'NONE',  ( -0.2611680761981587939, 2.000000000000000000, 0.9251018651701764517 ) ) ;
#3849 = DIRECTION ( 'NONE',  ( 0.000000000000000000, -1.000000000000000000, 0.000000000000000000 ) ) ;
#3850 = FACE_OUTER_BOUND ( 'NONE', #9242, .T. ) ;
#3851 = VERTEX_POINT ( 'NONE', #4604 ) ;
#3852 = DIRECTION ( 'NONE',  ( -0.9434250914643549368, 0.000000000000000000, -0.3315857306873645216 ) ) ;
#3853 = CARTESIAN_POINT ( 'NONE',  ( -0.4830264792950641484, 2.000000000000000000, 0.8310882295317397750 ) ) ;
#3855 = ORIENTED_EDGE ( 'NONE', *, *, #5347, .T. ) ;
#3854 = VECTOR ( 'NONE', #689, 1000.000000000000000 ) ;
#3856 = EDGE_CURVE ( 'NONE', #3248, #5175, #9453, .T. ) ;
#3857 = ADVANCED_FACE ( 'NONE', ( #7776 ), #7725, .F. ) ;
#3858 = LINE ( 'NONE', #7767, #5604 ) ;
#3859 = AXIS2_PLACEMENT_3D ( 'NONE', #9978, #7016, #6863 ) ;
#3860 = ADVANCED_FACE ( 'NONE', ( #8031 ), #3437, .F. ) ;
#3861 = ORIENTED_EDGE ( 'NONE', *, *, #8030, .F. ) ;
#3862 = LINE ( 'NONE', #8025, #2375 ) ;
#3863 = EDGE_CURVE ( 'NONE', #2125, #9621, #3240, .T. ) ;
#3864 = DIRECTION ( 'NONE',  ( 0.6396409489722639785, 0.000000000000000000, 0.7686738296558962569 ) ) ;
#3865 = LINE ( 'NONE', #6270, #9876 ) ;
#3866 = CARTESIAN_POINT ( 'NONE',  ( -0.9396752671476362728, -2.981555974335137194E-16, -0.2025650939263846373 ) ) ;
#3867 = VERTEX_POINT ( 'NONE', #8130 ) ;
#3868 = LINE ( 'NONE', #3081, #5483 ) ;
#3869 = FACE_OUTER_BOUND ( 'NONE', #5384, .T. ) ;
#3870 = ORIENTED_EDGE ( 'NONE', *, *, #7393, .F. ) ;
#3871 = EDGE_CURVE ( 'NONE', #1528, #5704, #5802, .T. ) ;
#3872 = EDGE_CURVE ( 'NONE', #3124, #3897, #1816, .T. ) ;
#3873 = EDGE_CURVE ( 'NONE', #8533, #1175, #4077, .T. ) ;
#3874 = ORIENTED_EDGE ( 'NONE', *, *, #379, .F. ) ;
#3875 = VECTOR ( 'NONE', #7857, 1000.000000000000114 ) ;
#3876 = DIRECTION ( 'NONE',  ( 0.1696083962828411618, 0.000000000000000000, -0.9855115381924063334 ) ) ;
#3877 = ORIENTED_EDGE ( 'NONE', *, *, #8354, .F. ) ;
#3878 = VECTOR ( 'NONE', #6371, 1000.000000000000000 ) ;
#3879 = CARTESIAN_POINT ( 'NONE',  ( -0.04699317460290185211, 2.000000000000000000, 2.243430725046202223 ) ) ;
#3880 = LINE ( 'NONE', #1470, #7057 ) ;
#3881 = PLANE ( 'NONE',  #3190 ) ;
#3882 = DIRECTION ( 'NONE',  ( 0.8645814692489248721, 0.000000000000000000, -0.5024926696294885753 ) ) ;
#3883 = ORIENTED_EDGE ( 'NONE', *, *, #5656, .F. ) ;
#3884 = EDGE_CURVE ( 'NONE', #3733, #6182, #8920, .T. ) ;
#3885 = LINE ( 'NONE', #7899, #910 ) ;
#3886 = ORIENTED_EDGE ( 'NONE', *, *, #1557, .F. ) ;
#3887 = FACE_OUTER_BOUND ( 'NONE', #2289, .T. ) ;
#3888 = CARTESIAN_POINT ( 'NONE',  ( -0.1032326095015529965, -0.1453987955827127088, 0.9557014456941491654 ) ) ;
#3889 = VECTOR ( 'NONE', #2971, 1000.000000000000000 ) ;
#3890 = PLANE ( 'NONE',  #4917 ) ;
#3891 = DIRECTION ( 'NONE',  ( 0.000000000000000000, 0.000000000000000000, -1.000000000000000000 ) ) ;
#3892 = EDGE_CURVE ( 'NONE', #6540, #4583, #4971, .T. ) ;
#3893 = CARTESIAN_POINT ( 'NONE',  ( 0.9086988294849385195, -0.1499926892710059800, -0.3135102267216964278 ) ) ;
#3894 = ORIENTED_EDGE ( 'NONE', *, *, #4243, .T. ) ;
#3895 = VECTOR ( 'NONE', #6427, 1000.000000000000000 ) ;
#3896 = COLOUR_RGB ( '',0.7921568627450980005, 0.8196078431372548767, 0.9333333333333333481 ) ;
#3897 = VERTEX_POINT ( 'NONE', #6430 ) ;
#3898 = DIRECTION ( 'NONE',  ( 0.9519427500406412168, 0.000000000000000000, 0.3062760203559222738 ) ) ;
#3899 = ORIENTED_EDGE ( 'NONE', *, *, #7236, .F. ) ;
#3900 = ORIENTED_EDGE ( 'NONE', *, *, #2260, .T. ) ;
#3901 = VECTOR ( 'NONE', #5003, 1000.000000000000000 ) ;
#3902 = DIRECTION ( 'NONE',  ( 0.000000000000000000, 1.000000000000000000, -0.000000000000000000 ) ) ;
#3903 = LINE ( 'NONE', #2328, #7138 ) ;
#3904 = DIRECTION ( 'NONE',  ( -0.000000000000000000, 1.000000000000000000, -0.000000000000000000 ) ) ;
#3905 = VECTOR ( 'NONE', #6827, 1000.000000000000000 ) ;
#3906 = EDGE_CURVE ( 'NONE', #4660, #4178, #2542, .T. ) ;
#3907 = CARTESIAN_POINT ( 'NONE',  ( -0.6452641508340466459, -0.1460293543205271327, 0.7125001056945909905 ) ) ;
#3908 = DIRECTION ( 'NONE',  ( -0.9742326696776274497, 0.000000000000000000, 0.2255453509447774563 ) ) ;
#3909 = DIRECTION ( 'NONE',  ( -0.000000000000000000, 1.000000000000000000, -0.000000000000000000 ) ) ;
#3910 = PLANE ( 'NONE',  #4862 ) ;
#3911 = EDGE_CURVE ( 'NONE', #5518, #2236, #5124, .T. ) ;
#3912 = ORIENTED_EDGE ( 'NONE', *, *, #9408, .F. ) ;
#3913 = CARTESIAN_POINT ( 'NONE',  ( 0.6934102960787994485, -0.1456470276146848986, 2.134097452749638357 ) ) ;
#3914 = CARTESIAN_POINT ( 'NONE',  ( 0.7258572354296843887, -2.981555974335137194E-16, 0.6302011573622841034 ) ) ;
#3915 = EDGE_LOOP ( 'NONE', ( #6753, #5146, #4683, #3699 ) ) ;
#3916 = ORIENTED_EDGE ( 'NONE', *, *, #357, .F. ) ;
#3917 = ORIENTED_EDGE ( 'NONE', *, *, #4033, .T. ) ;
#3918 = EDGE_CURVE ( 'NONE', #9316, #1930, #50, .T. ) ;
#3919 = ORIENTED_EDGE ( 'NONE', *, *, #9285, .F. ) ;
#3920 = DIRECTION ( 'NONE',  ( 0.9639332430866774937, 0.000000000000000000, 0.2661441392787006199 ) ) ;
#3921 = VECTOR ( 'NONE', #9660, 999.9999999999998863 ) ;
#3922 = AXIS2_PLACEMENT_3D ( 'NONE', #8911, #3372, #6617 ) ;
#3923 = FACE_OUTER_BOUND ( 'NONE', #4145, .T. ) ;
#3924 = PLANE ( 'NONE',  #9049 ) ;
#3925 = VECTOR ( 'NONE', #5152, 999.9999999999998863 ) ;
#3926 = DIRECTION ( 'NONE',  ( -0.9501623903509350821, 0.000000000000000000, -0.3117554040631813073 ) ) ;
#3927 = ORIENTED_EDGE ( 'NONE', *, *, #6558, .F. ) ;
#3928 = LINE ( 'NONE', #8561, #9293 ) ;
#3929 = CARTESIAN_POINT ( 'NONE',  ( 1.815371723283512928, -0.1487670180785271301, -1.318944761103826746 ) ) ;
#3930 = ADVANCED_FACE ( 'NONE', ( #4166 ), #1768, .F. ) ;
#3931 = ORIENTED_EDGE ( 'NONE', *, *, #986, .T. ) ;
#3932 = DIRECTION ( 'NONE',  ( 0.000000000000000000, -1.000000000000000000, 0.000000000000000000 ) ) ;
#3933 = VERTEX_POINT ( 'NONE', #3283 ) ;
#3934 = CARTESIAN_POINT ( 'NONE',  ( 0.9210301919172665386, -0.1499342098531314116, 0.2751828674594944957 ) ) ;
#3935 = EDGE_CURVE ( 'NONE', #7729, #6312, #4915, .T. ) ;
#3936 = EDGE_CURVE ( 'NONE', #3733, #1361, #7400, .T. ) ;
#3937 = EDGE_CURVE ( 'NONE', #6535, #7756, #5648, .T. ) ;
#3938 = VERTEX_POINT ( 'NONE', #8816 ) ;
#3939 = EDGE_CURVE ( 'NONE', #2180, #8351, #3328, .T. ) ;
#3940 = DIRECTION ( 'NONE',  ( 0.000000000000000000, -1.000000000000000000, 0.000000000000000000 ) ) ;
#3941 = CARTESIAN_POINT ( 'NONE',  ( -0.2944111163136047260, 2.000000000000000000, 0.9150651996209688832 ) ) ;
#3942 = ORIENTED_EDGE ( 'NONE', *, *, #143, .T. ) ;
#3943 = VECTOR ( 'NONE', #3174, 1000.000000000000000 ) ;
#3944 = CARTESIAN_POINT ( 'NONE',  ( 0.1032326095015593942, -2.981555974335137194E-16, -0.9557014456941483882 ) ) ;
#3945 = ORIENTED_EDGE ( 'NONE', *, *, #6010, .T. ) ;
#3946 = CARTESIAN_POINT ( 'NONE',  ( -2.148151099483873949, 2.000000000000000000, -0.6485650548147097183 ) ) ;
#3947 = DIRECTION ( 'NONE',  ( -0.9639332430866793811, 0.000000000000000000, -0.2661441392786939031 ) ) ;
#3948 = LINE ( 'NONE', #1531, #3405 ) ;
#3949 = CARTESIAN_POINT ( 'NONE',  ( 0.9581172076848537555, -2.981555974335137194E-16, 0.07767651707282888229 ) ) ;
#3950 = EDGE_CURVE ( 'NONE', #9609, #5173, #6528, .T. ) ;
#3951 = CARTESIAN_POINT ( 'NONE',  ( 1.430330258545851496, -3.006278401112418225E-16, 1.728972275089666333 ) ) ;
#3952 = EDGE_LOOP ( 'NONE', ( #10213, #9826, #1624, #5754 ) ) ;
#3953 = ORIENTED_EDGE ( 'NONE', *, *, #6435, .T. ) ;
#3954 = VECTOR ( 'NONE', #6386, 1000.000000000000000 ) ;
#3955 = CARTESIAN_POINT ( 'NONE',  ( 0.6745345522507391056, 2.000000000000000000, -0.6848542639031178769 ) ) ;
#3956 = ORIENTED_EDGE ( 'NONE', *, *, #6486, .T. ) ;
#3957 = CARTESIAN_POINT ( 'NONE',  ( 0.2944111163135921805, 2.000000000000000000, 0.9150651996209729910 ) ) ;
#3958 = DIRECTION ( 'NONE',  ( -0.9623838978496825902, 0.000000000000000000, 0.2716932703613610944 ) ) ;
#3959 = DIRECTION ( 'NONE',  ( 0.7588742120398498381, 0.000000000000000000, 0.6512372304321192296 ) ) ;
#3960 = CARTESIAN_POINT ( 'NONE',  ( -0.2221997420524690348, 2.000000000000000000, -0.9352269775825562403 ) ) ;
#3961 = CARTESIAN_POINT ( 'NONE',  ( 0.4830264792950529906, -2.981555974335137194E-16, 0.8310882295317462143 ) ) ;
#3962 = CARTESIAN_POINT ( 'NONE',  ( -0.1408970818120469093, -0.1439142420261020350, -2.239494985231588853 ) ) ;
#3963 = CARTESIAN_POINT ( 'NONE',  ( 0.9605295310403387798, -0.1447179299707552769, 0.03748659714902839724 ) ) ;
#3964 = EDGE_LOOP ( 'NONE', ( #4398, #5892, #10319, #5321 ) ) ;
#3965 = CARTESIAN_POINT ( 'NONE',  ( 2.092653697217574660, 2.000000000000000000, 0.4908274934776338805 ) ) ;
#3966 = EDGE_LOOP ( 'NONE', ( #9248, #9959, #9794, #2919 ) ) ;
#3967 = EDGE_LOOP ( 'NONE', ( #993, #5374, #7262, #2549 ) ) ;
#3968 = CARTESIAN_POINT ( 'NONE',  ( -1.039600561562681769, -3.006278401112418225E-16, -1.988572465096293262 ) ) ;
#3969 = ORIENTED_EDGE ( 'NONE', *, *, #3343, .T. ) ;
#3970 = DIRECTION ( 'NONE',  ( -0.000000000000000000, -1.000000000000000000, -0.000000000000000000 ) ) ;
#3971 = EDGE_CURVE ( 'NONE', #6565, #1658, #2490, .T. ) ;
#3972 = VECTOR ( 'NONE', #10045, 1000.000000000000114 ) ;
#3973 = CARTESIAN_POINT ( 'NONE',  ( -1.597348465557272501, -2.981555974335137194E-16, -1.438259018540731349 ) ) ;
#3974 = DIRECTION ( 'NONE',  ( -0.000000000000000000, 1.000000000000000000, -0.000000000000000000 ) ) ;
#3975 = DIRECTION ( 'NONE',  ( -0.9998368636726751024, 0.000000000000000000, 0.01806228228072287098 ) ) ;
#3976 = VERTEX_POINT ( 'NONE', #5698 ) ;
#3977 = CARTESIAN_POINT ( 'NONE',  ( 0.06312143415528455315, -0.1447218629912427057, 0.9591860661605581262 ) ) ;
#3978 = DIRECTION ( 'NONE',  ( -0.7588742120398588309, 0.000000000000000000, 0.6512372304321087935 ) ) ;
#3979 = VECTOR ( 'NONE', #358, 1000.000000000000000 ) ;
#3980 = ORIENTED_EDGE ( 'NONE', *, *, #8039, .F. ) ;
#3981 = ORIENTED_EDGE ( 'NONE', *, *, #6243, .T. ) ;
#3982 = LINE ( 'NONE', #941, #8681 ) ;
#3983 = VECTOR ( 'NONE', #3611, 1000.000000000000000 ) ;
#3984 = EDGE_LOOP ( 'NONE', ( #758, #5806, #81, #6370 ) ) ;
#3985 = LINE ( 'NONE', #3035, #434 ) ;
#3986 = CARTESIAN_POINT ( 'NONE',  ( 0.09772477418981408148, 2.000000000000000000, 0.9562803425125588896 ) ) ;
#3987 = DIRECTION ( 'NONE',  ( 0.5024926696294885753, 0.000000000000000000, 0.8645814692489248721 ) ) ;
#3988 = VECTOR ( 'NONE', #8593, 1000.000000000000000 ) ;
#3989 = ORIENTED_EDGE ( 'NONE', *, *, #3450, .F. ) ;
#3990 = ADVANCED_FACE ( 'NONE', ( #8769 ), #8863, .F. ) ;
#3991 = ADVANCED_FACE ( 'NONE', ( #7605 ), #9852, .F. ) ;
#3992 = DIRECTION ( 'NONE',  ( 0.000000000000000000, -1.000000000000000000, 0.000000000000000000 ) ) ;
#3993 = EDGE_CURVE ( 'NONE', #1201, #433, #455, .T. ) ;
#3994 = PLANE ( 'NONE',  #5028 ) ;
#3995 = CARTESIAN_POINT ( 'NONE',  ( 0.000000000000000000, 0.000000000000000000, 3.600000000000000089 ) ) ;
#3996 = EDGE_CURVE ( 'NONE', #933, #8758, #6730, .T. ) ;
#3997 = DIRECTION ( 'NONE',  ( 0.4472135954999585938, 0.000000000000000000, -0.8944271909999155223 ) ) ;
#3998 = FACE_OUTER_BOUND ( 'NONE', #233, .T. ) ;
#3999 = CARTESIAN_POINT ( 'NONE',  ( -17.49999999999998579, -6.938893903907228378E-15, -3.599999999999997424 ) ) ;
#4000 = ORIENTED_EDGE ( 'NONE', *, *, #8380, .F. ) ;
#4001 = ORIENTED_EDGE ( 'NONE', *, *, #3661, .T. ) ;
#4002 = LINE ( 'NONE', #8535, #1559 ) ;
#4003 = VERTEX_POINT ( 'NONE', #6780 ) ;
#4004 = ADVANCED_FACE ( 'NONE', ( #298 ), #1966, .F. ) ;
#4005 = CARTESIAN_POINT ( 'NONE',  ( 0.2558339143048378173, -0.1498172852299859137, -0.9265911899310566024 ) ) ;
#4006 = CARTESIAN_POINT ( 'NONE',  ( 0.04699317460290971388, -3.006278401112418225E-16, -2.243430725046218210 ) ) ;
#4007 = DIRECTION ( 'NONE',  ( 0.000000000000000000, -1.000000000000000000, 0.000000000000000000 ) ) ;
#4008 = VECTOR ( 'NONE', #5153, 1000.000000000000114 ) ;
#4009 = DIRECTION ( 'NONE',  ( -0.000000000000000000, 1.000000000000000000, -0.000000000000000000 ) ) ;
#4010 = CARTESIAN_POINT ( 'NONE',  ( 0.3584601446948488812, -2.981555974335137194E-16, 2.119343636482122761 ) ) ;
#4011 = CARTESIAN_POINT ( 'NONE',  ( -2.014635500889847552, -2.981555974335137194E-16, 0.7492362266910435054 ) ) ;
#4012 = ORIENTED_EDGE ( 'NONE', *, *, #2825, .F. ) ;
#4013 = VERTEX_POINT ( 'NONE', #3490 ) ;
#4014 = ORIENTED_EDGE ( 'NONE', *, *, #2601, .T. ) ;
#4015 = CARTESIAN_POINT ( 'NONE',  ( 1.121961427204688277, -3.006278401112418225E-16, -1.943294196050973754 ) ) ;
#4016 = ORIENTED_EDGE ( 'NONE', *, *, #596, .T. ) ;
#4017 = VECTOR ( 'NONE', #2886, 1000.000000000000114 ) ;
#4018 = PLANE ( 'NONE',  #5719 ) ;
#4019 = LINE ( 'NONE', #6372, #1639 ) ;
#4020 = CARTESIAN_POINT ( 'NONE',  ( 1.904845299228154154, 2.000000000000000000, 0.9958290570375649686 ) ) ;
#4021 = DIRECTION ( 'NONE',  ( -0.000000000000000000, 1.000000000000000000, -0.000000000000000000 ) ) ;
#4022 = ORIENTED_EDGE ( 'NONE', *, *, #1994, .T. ) ;
#4023 = FACE_OUTER_BOUND ( 'NONE', #8390, .T. ) ;
#4024 = VECTOR ( 'NONE', #4571, 1000.000000000000114 ) ;
#4025 = ADVANCED_FACE ( 'NONE', ( #6678 ), #5854, .F. ) ;
#4026 = CARTESIAN_POINT ( 'NONE',  ( 0.6745345522507247837, -2.981555974335137194E-16, 0.6848542639031319768 ) ) ;
#4027 = ORIENTED_EDGE ( 'NONE', *, *, #1569, .T. ) ;
#4028 = EDGE_LOOP ( 'NONE', ( #3320, #2795, #8238, #3916 ) ) ;
#4029 = CARTESIAN_POINT ( 'NONE',  ( 0.9554158832771030285, 2.000000000000000000, -2.030362102316337847 ) ) ;
#4030 = EDGE_LOOP ( 'NONE', ( #9101, #9062, #912, #5860 ) ) ;
#4031 = CARTESIAN_POINT ( 'NONE',  ( -2.148972967168876647, -2.981555974335137194E-16, 0.04501456663476231801 ) ) ;
#4032 = VECTOR ( 'NONE', #5064, 999.9999999999998863 ) ;
#4033 = EDGE_CURVE ( 'NONE', #7567, #7036, #9995, .T. ) ;
#4034 = FACE_OUTER_BOUND ( 'NONE', #4288, .T. ) ;
#4035 = CARTESIAN_POINT ( 'NONE',  ( 0.7258572354296843887, 2.000000000000000000, 0.6302011573622841034 ) ) ;
#4036 = ORIENTED_EDGE ( 'NONE', *, *, #10098, .T. ) ;
#4037 = CARTESIAN_POINT ( 'NONE',  ( 2.070264362223233956, -2.981555974335137194E-16, -0.5780281959734717701 ) ) ;
#4038 = LINE ( 'NONE', #3351, #5051 ) ;
#4039 = ADVANCED_FACE ( 'NONE', ( #5224 ), #1192, .F. ) ;
#4040 = DIRECTION ( 'NONE',  ( 0.000000000000000000, 0.000000000000000000, 1.000000000000000000 ) ) ;
#4041 = CARTESIAN_POINT ( 'NONE',  ( -0.5127291109526648238, -0.1461575717926111573, 0.8130996763915704362 ) ) ;
#4042 = PLANE ( 'NONE',  #3073 ) ;
#4043 = CARTESIAN_POINT ( 'NONE',  ( -2.070264362223231291, 2.000000000000000000, 0.5780281959734854258 ) ) ;
#4044 = VECTOR ( 'NONE', #9820, 1000.000000000000000 ) ;
#4045 = DIRECTION ( 'NONE',  ( 0.5557886347590605958, 0.000000000000000000, 0.8313236394285077324 ) ) ;
#4046 = EDGE_CURVE ( 'NONE', #1111, #5426, #9123, .T. ) ;
#4047 = VERTEX_POINT ( 'NONE', #6049 ) ;
#4048 = DIRECTION ( 'NONE',  ( -0.4041033210507466999, 0.000000000000000000, 0.9147133463089719418 ) ) ;
#4049 = VERTEX_POINT ( 'NONE', #4331 ) ;
#4050 = VECTOR ( 'NONE', #7535, 1000.000000000000114 ) ;
#4051 = FACE_OUTER_BOUND ( 'NONE', #9919, .T. ) ;
#4052 = FACE_OUTER_BOUND ( 'NONE', #4384, .T. ) ;
#4053 = VECTOR ( 'NONE', #10323, 1000.000000000000114 ) ;
#4054 = DIRECTION ( 'NONE',  ( 0.000000000000000000, -1.000000000000000000, 0.000000000000000000 ) ) ;
#4055 = VECTOR ( 'NONE', #4882, 1000.000000000000000 ) ;
#4056 = EDGE_CURVE ( 'NONE', #5337, #3445, #5172, .T. ) ;
#4057 = EDGE_CURVE ( 'NONE', #9290, #1127, #7658, .T. ) ;
#4058 = PRODUCT_DEFINITION ( 'UNKNOWN', '', #8022, #6124 ) ;
#4059 = DIRECTION ( 'NONE',  ( -0.9729170569713516681, 0.000000000000000000, 0.2311544943413465780 ) ) ;
#4060 = PLANE ( 'NONE',  #5446 ) ;
#4061 = DIRECTION ( 'NONE',  ( -0.4231710054858927039, 0.000000000000000000, 0.9060498331306389153 ) ) ;
#4062 = VECTOR ( 'NONE', #3166, 1000.000000000000114 ) ;
#4063 = ORIENTED_EDGE ( 'NONE', *, *, #3790, .F. ) ;
#4064 = EDGE_LOOP ( 'NONE', ( #5816, #1731, #3912, #1771 ) ) ;
#4065 = VERTEX_POINT ( 'NONE', #1137 ) ;
#4066 = AXIS2_PLACEMENT_3D ( 'NONE', #5786, #546, #6763 ) ;
#4067 = LINE ( 'NONE', #289, #2407 ) ;
#4068 = ORIENTED_EDGE ( 'NONE', *, *, #5440, .T. ) ;
#4069 = FACE_OUTER_BOUND ( 'NONE', #1270, .T. ) ;
#4070 = VECTOR ( 'NONE', #2243, 1000.000000000000114 ) ;
#4071 = CARTESIAN_POINT ( 'NONE',  ( 2.126385852261808651, 2.000000000000000000, -0.3139973441491867856 ) ) ;
#4072 = LINE ( 'NONE', #8859, #3215 ) ;
#4073 = DIRECTION ( 'NONE',  ( -0.000000000000000000, 1.000000000000000000, -0.000000000000000000 ) ) ;
#4074 = EDGE_CURVE ( 'NONE', #8083, #2724, #9073, .T. ) ;
#4075 = VERTEX_POINT ( 'NONE', #9171 ) ;
#4076 = CARTESIAN_POINT ( 'NONE',  ( 0.4782302799131947779, -0.1473724245436877356, -0.8338573165359491890 ) ) ;
#4077 = LINE ( 'NONE', #248, #9605 ) ;
#4078 = ORIENTED_EDGE ( 'NONE', *, *, #5775, .T. ) ;
#4079 = ORIENTED_EDGE ( 'NONE', *, *, #9713, .F. ) ;
#4080 = LINE ( 'NONE', #5511, #9667 ) ;
#4081 = ORIENTED_EDGE ( 'NONE', *, *, #7460, .F. ) ;
#4082 = VECTOR ( 'NONE', #10194, 999.9999999999998863 ) ;
#4083 = PLANE ( 'NONE',  #938 ) ;
#4084 = FACE_OUTER_BOUND ( 'NONE', #1297, .T. ) ;
#4085 = ORIENTED_EDGE ( 'NONE', *, *, #3531, .F. ) ;
#4086 = DIRECTION ( 'NONE',  ( 0.9997162067481566439, 0.000000000000000000, -0.02382238369846466711 ) ) ;
#4087 = DIRECTION ( 'NONE',  ( 0.5509898714915115736, 0.000000000000000000, -0.8345119301206949114 ) ) ;
#4088 = EDGE_CURVE ( 'NONE', #7314, #2022, #4486, .T. ) ;
#4089 = PLANE ( 'NONE',  #4999 ) ;
#4090 = DIRECTION ( 'NONE',  ( -0.9999958508255877287, 0.000000000000000000, 0.002880682490144836037 ) ) ;
#4091 = PLANE ( 'NONE',  #7331 ) ;
#4092 = CARTESIAN_POINT ( 'NONE',  ( 1.430330258545887467, 2.000000000000000000, -1.728972275089637911 ) ) ;
#4093 = CARTESIAN_POINT ( 'NONE',  ( -17.49999999999997868, -22.29461818466508305, 3.600000000000000089 ) ) ;
#4094 = VERTEX_POINT ( 'NONE', #508 ) ;
#4095 = CARTESIAN_POINT ( 'NONE',  ( -0.3324718211827816794, 2.000000000000000000, 0.9019338740095036444 ) ) ;
#4096 = ORIENTED_EDGE ( 'NONE', *, *, #8833, .T. ) ;
#4097 = FACE_OUTER_BOUND ( 'NONE', #7855, .T. ) ;
#4098 = CARTESIAN_POINT ( 'NONE',  ( -0.4067776771157957660, -2.981555974335137194E-16, 0.8709501400003700766 ) ) ;
#4099 = DIRECTION ( 'NONE',  ( 0.000000000000000000, -1.000000000000000000, 0.000000000000000000 ) ) ;
#4100 = DIRECTION ( 'NONE',  ( 0.8674621517390596059, 0.000000000000000000, 0.4975031811961011519 ) ) ;
#4101 = CARTESIAN_POINT ( 'NONE',  ( 0.9557185851998458714, 2.000000000000000000, -1.925282605420701509 ) ) ;
#4102 = CARTESIAN_POINT ( 'NONE',  ( -0.4067776771157778359, -2.981555974335137194E-16, -0.8709501400003784033 ) ) ;
#4103 = VECTOR ( 'NONE', #8348, 1000.000000000000000 ) ;
#4104 = VERTEX_POINT ( 'NONE', #1088 ) ;
#4105 = ORIENTED_EDGE ( 'NONE', *, *, #4244, .F. ) ;
#4106 = ORIENTED_EDGE ( 'NONE', *, *, #6704, .F. ) ;
#4107 = DIRECTION ( 'NONE',  ( 0.000000000000000000, -1.000000000000000000, 0.000000000000000000 ) ) ;
#4108 = VERTEX_POINT ( 'NONE', #8285 ) ;
#4109 = EDGE_CURVE ( 'NONE', #2750, #8754, #403, .T. ) ;
#4110 = EDGE_CURVE ( 'NONE', #3591, #4104, #9949, .T. ) ;
#4111 = DIRECTION ( 'NONE',  ( -0.7124542072270210191, 0.000000000000000000, -0.7017186064260495515 ) ) ;
#4112 = EDGE_CURVE ( 'NONE', #5689, #4013, #7450, .T. ) ;
#4113 = VECTOR ( 'NONE', #4646, 1000.000000000000114 ) ;
#4114 = CARTESIAN_POINT ( 'NONE',  ( -0.2345538076625613699, 2.000000000000000000, -2.231630410227371630 ) ) ;
#4115 = CARTESIAN_POINT ( 'NONE',  ( -1.944875419031333319, -0.1438055149296448287, 0.9151889036038499681 ) ) ;
#4116 = VERTEX_POINT ( 'NONE', #5332 ) ;
#4117 = DIRECTION ( 'NONE',  ( -0.4472135954999585938, 0.000000000000000000, 0.8944271909999155223 ) ) ;
#4118 = CARTESIAN_POINT ( 'NONE',  ( -0.2944111163135860187, -0.1499926892710059800, -0.9150651996209749894 ) ) ;
#4119 = VERTEX_POINT ( 'NONE', #10215 ) ;
#4120 = ORIENTED_EDGE ( 'NONE', *, *, #1490, .T. ) ;
#4121 = ORIENTED_EDGE ( 'NONE', *, *, #251, .T. ) ;
#4122 = EDGE_CURVE ( 'NONE', #7152, #4116, #6934, .T. ) ;
#4123 = ORIENTED_EDGE ( 'NONE', *, *, #8126, .F. ) ;
#4124 = AXIS2_PLACEMENT_3D ( 'NONE', #6884, #10053, #7555 ) ;
#4125 = ORIENTED_EDGE ( 'NONE', *, *, #325, .F. ) ;
#4126 = LINE ( 'NONE', #8245, #2670 ) ;
#4127 = CARTESIAN_POINT ( 'NONE',  ( -1.698638506051844299, 2.000000000000000000, -1.466225426835364276 ) ) ;
#4128 = CARTESIAN_POINT ( 'NONE',  ( 2.212499041939546274, -0.1451609609644690935, 0.3742162021574899078 ) ) ;
#4129 = ORIENTED_EDGE ( 'NONE', *, *, #5315, .F. ) ;
#4130 = ORIENTED_EDGE ( 'NONE', *, *, #4074, .F. ) ;
#4131 = CARTESIAN_POINT ( 'NONE',  ( -2.009908089764445904, 2.000000000000000000, 0.9977270404474488652 ) ) ;
#4132 = PLANE ( 'NONE',  #1861 ) ;
#4133 = VECTOR ( 'NONE', #9960, 1000.000000000000000 ) ;
#4134 = FACE_OUTER_BOUND ( 'NONE', #8448, .T. ) ;
#4135 = FACE_OUTER_BOUND ( 'NONE', #7260, .T. ) ;
#4136 = DIRECTION ( 'NONE',  ( -0.7982682711663799946, 0.000000000000000000, -0.6023020564874728144 ) ) ;
#4137 = DIRECTION ( 'NONE',  ( -0.8875345109941208399, 0.000000000000000000, -0.4607412416904165253 ) ) ;
#4138 = CARTESIAN_POINT ( 'NONE',  ( 0.2611680761981650667, -2.981555974335137194E-16, -0.9251018651701748974 ) ) ;
#4139 = VECTOR ( 'NONE', #5485, 1000.000000000000114 ) ;
#4140 = DIRECTION ( 'NONE',  ( 0.7450692948612589461, 0.000000000000000000, -0.6669870657328719199 ) ) ;
#4141 = EDGE_CURVE ( 'NONE', #3660, #8033, #7099, .T. ) ;
#4142 = VERTEX_POINT ( 'NONE', #10054 ) ;
#4143 = CARTESIAN_POINT ( 'NONE',  ( -1.569990560170320348, -0.1499926892710059800, -1.603221574679141614 ) ) ;
#4144 = CARTESIAN_POINT ( 'NONE',  ( -0.8236591385239362406, -2.981555974335137194E-16, -0.4955883861556830139 ) ) ;
#4145 = EDGE_LOOP ( 'NONE', ( #4352, #5107, #6778, #5940 ) ) ;
#4146 = VECTOR ( 'NONE', #111, 1000.000000000000000 ) ;
#4147 = CARTESIAN_POINT ( 'NONE',  ( -1.861473433499375441, 2.000000000000000000, 1.074722187920194916 ) ) ;
#4148 = LINE ( 'NONE', #10310, #5757 ) ;
#4149 = LINE ( 'NONE', #9887, #830 ) ;
#4150 = DIRECTION ( 'NONE',  ( 0.000000000000000000, -1.000000000000000000, 0.000000000000000000 ) ) ;
#4151 = CARTESIAN_POINT ( 'NONE',  ( -2.014635500889847552, -0.1453987955827127088, 0.7492362266910435054 ) ) ;
#4152 = LINE ( 'NONE', #9007, #2834 ) ;
#4153 = EDGE_LOOP ( 'NONE', ( #5721, #973, #4266, #7387 ) ) ;
#4154 = DIRECTION ( 'NONE',  ( 0.000000000000000000, 0.000000000000000000, 1.000000000000000000 ) ) ;
#4155 = VERTEX_POINT ( 'NONE', #721 ) ;
#4156 = EDGE_CURVE ( 'NONE', #3591, #2274, #1346, .T. ) ;
#4157 = PLANE ( 'NONE',  #745 ) ;
#4158 = ORIENTED_EDGE ( 'NONE', *, *, #2923, .T. ) ;
#4159 = CARTESIAN_POINT ( 'NONE',  ( 0.9210301919172665386, -2.981555974335137194E-16, 0.2751828674594944957 ) ) ;
#4160 = CARTESIAN_POINT ( 'NONE',  ( 0.7294759924352635094, 2.000000000000000000, 0.6260087870205769400 ) ) ;
#4161 = LINE ( 'NONE', #9120, #3564 ) ;
#4162 = ADVANCED_FACE ( 'NONE', ( #4594 ), #565, .F. ) ;
#4163 = ORIENTED_EDGE ( 'NONE', *, *, #601, .T. ) ;
#4164 = LINE ( 'NONE', #4914, #4800 ) ;
#4165 = EDGE_CURVE ( 'NONE', #9562, #1195, #4885, .T. ) ;
#4166 = FACE_OUTER_BOUND ( 'NONE', #10016, .T. ) ;
#4167 = VECTOR ( 'NONE', #1428, 1000.000000000000000 ) ;
#4168 = ORIENTED_EDGE ( 'NONE', *, *, #5149, .T. ) ;
#4169 = CARTESIAN_POINT ( 'NONE',  ( 0.5508761081120544523, -2.981555974335137194E-16, -0.7877548720748752675 ) ) ;
#4170 = EDGE_CURVE ( 'NONE', #3579, #2694, #7866, .T. ) ;
#4171 = ORIENTED_EDGE ( 'NONE', *, *, #4826, .T. ) ;
#4172 = ORIENTED_EDGE ( 'NONE', *, *, #5456, .F. ) ;
#4173 = CARTESIAN_POINT ( 'NONE',  ( 0.8436897371696973069, 2.000000000000000000, -0.4606624060642605656 ) ) ;
#4174 = VECTOR ( 'NONE', #3446, 1000.000000000000000 ) ;
#4175 = CIRCLE ( 'NONE', #10174, 2.000000000000000000 ) ;
#4176 = EDGE_CURVE ( 'NONE', #6237, #4396, #8704, .T. ) ;
#4177 = EDGE_CURVE ( 'NONE', #5544, #3804, #10109, .T. ) ;
#4178 = VERTEX_POINT ( 'NONE', #5543 ) ;
#4179 = DIRECTION ( 'NONE',  ( 0.8674621517390663783, 0.000000000000000000, -0.4975031811960894945 ) ) ;
#4180 = DIRECTION ( 'NONE',  ( -0.03899732433762558709, 0.000000000000000000, -0.9992393150264385904 ) ) ;
#4181 = ORIENTED_EDGE ( 'NONE', *, *, #1491, .F. ) ;
#4182 = EDGE_CURVE ( 'NONE', #9556, #4142, #9440, .T. ) ;
#4183 = FACE_OUTER_BOUND ( 'NONE', #8154, .T. ) ;
#4184 = ORIENTED_EDGE ( 'NONE', *, *, #3145, .T. ) ;
#4185 = VERTEX_POINT ( 'NONE', #8056 ) ;
#4186 = LINE ( 'NONE', #8828, #7252 ) ;
#4187 = LINE ( 'NONE', #9766, #8538 ) ;
#4188 = CARTESIAN_POINT ( 'NONE',  ( 0.2221997420524622624, 2.000000000000000000, 0.9352269775825576836 ) ) ;
#4189 = DIRECTION ( 'NONE',  ( 0.4842760365308979575, 0.000000000000000000, -0.8749152647210610700 ) ) ;
#4190 = FACE_OUTER_BOUND ( 'NONE', #4454, .T. ) ;
#4191 = FACE_OUTER_BOUND ( 'NONE', #792, .T. ) ;
#4192 = CARTESIAN_POINT ( 'NONE',  ( -0.4204692142881753525, -3.006278401112418225E-16, 2.204176811505026645 ) ) ;
#4193 = EDGE_CURVE ( 'NONE', #9474, #5917, #5490, .T. ) ;
#4194 = DIRECTION ( 'NONE',  ( 0.5901133345588709389, 0.000000000000000000, -0.8073204149380902583 ) ) ;
#4195 = EDGE_LOOP ( 'NONE', ( #9403, #8168, #569, #7926 ) ) ;
#4196 = LINE ( 'NONE', #9574, #8722 ) ;
#4197 = VERTEX_POINT ( 'NONE', #1501 ) ;
#4198 = CARTESIAN_POINT ( 'NONE',  ( -1.569990560170321015, 2.000000000000000000, -1.603221574679142059 ) ) ;
#4199 = CARTESIAN_POINT ( 'NONE',  ( 2.092653697217584874, 2.000000000000000000, -0.4908274934775900822 ) ) ;
#4200 = VECTOR ( 'NONE', #5375, 1000.000000000000000 ) ;
#4201 = EDGE_CURVE ( 'NONE', #8789, #3686, #4696, .T. ) ;
#4202 = LINE ( 'NONE', #7382, #8506 ) ;
#4203 = CARTESIAN_POINT ( 'NONE',  ( -1.597348465557272501, -0.1498172852299859137, -1.438259018540731349 ) ) ;
#4204 = CARTESIAN_POINT ( 'NONE',  ( 1.815371723283513372, -3.006278401112418225E-16, -1.318944761103826968 ) ) ;
#4205 = VERTEX_POINT ( 'NONE', #6314 ) ;
#4206 = CARTESIAN_POINT ( 'NONE',  ( -0.6745345522507295577, 2.000000000000000000, -0.6848542639031275359 ) ) ;
#4207 = VECTOR ( 'NONE', #2083, 1000.000000000000227 ) ;
#4208 = ORIENTED_EDGE ( 'NONE', *, *, #536, .F. ) ;
#4209 = DIRECTION ( 'NONE',  ( -0.9896890471220239904, 0.000000000000000000, -0.1432326429508999632 ) ) ;
#4210 = LINE ( 'NONE', #1759, #8239 ) ;
#4211 = VERTEX_POINT ( 'NONE', #3123 ) ;
#4212 = ORIENTED_EDGE ( 'NONE', *, *, #2455, .F. ) ;
#4213 = CARTESIAN_POINT ( 'NONE',  ( 0.8742577899074981396, 2.000000000000000000, -1.963615146004424883 ) ) ;
#4214 = AXIS2_PLACEMENT_3D ( 'NONE', #5045, #323, #115 ) ;
#4215 = CARTESIAN_POINT ( 'NONE',  ( 2.009908089764450345, -3.006278401112418225E-16, -0.9977270404474340992 ) ) ;
#4216 = EDGE_CURVE ( 'NONE', #8723, #8258, #9492, .T. ) ;
#4217 = LINE ( 'NONE', #5013, #1393 ) ;
#4218 = VECTOR ( 'NONE', #9620, 1000.000000000000000 ) ;
#4219 = EDGE_CURVE ( 'NONE', #6789, #4699, #324, .T. ) ;
#4220 = DIRECTION ( 'NONE',  ( -0.9989980541015158755, 0.000000000000000000, 0.04475363562197847561 ) ) ;
#4221 = ORIENTED_EDGE ( 'NONE', *, *, #1364, .T. ) ;
#4222 = CARTESIAN_POINT ( 'NONE',  ( -0.9540240211766758405, -0.1473724245436886238, -0.1177301659910190285 ) ) ;
#4223 = DIRECTION ( 'NONE',  ( -0.000000000000000000, 1.000000000000000000, -0.000000000000000000 ) ) ;
#4224 = EDGE_CURVE ( 'NONE', #2180, #446, #8994, .T. ) ;
#4225 = ORIENTED_EDGE ( 'NONE', *, *, #8608, .T. ) ;
#4226 = CARTESIAN_POINT ( 'NONE',  ( -0.5124017362655471919, 2.000000000000000000, -2.184635950727864540 ) ) ;
#4227 = VECTOR ( 'NONE', #6723, 1000.000000000000000 ) ;
#4228 = AXIS2_PLACEMENT_3D ( 'NONE', #3262, #6454, #5579 ) ;
#4229 = VERTEX_POINT ( 'NONE', #9050 ) ;
#4230 = VERTEX_POINT ( 'NONE', #8892 ) ;
#4231 = VERTEX_POINT ( 'NONE', #1894 ) ;
#4232 = EDGE_CURVE ( 'NONE', #7390, #1920, #1008, .T. ) ;
#4233 = AXIS2_PLACEMENT_3D ( 'NONE', #7601, #450, #1342 ) ;
#4234 = DIRECTION ( 'NONE',  ( 0.5204888928356591338, 0.000000000000000000, -0.8538684397696812978 ) ) ;
#4235 = ORIENTED_EDGE ( 'NONE', *, *, #10177, .F. ) ;
#4236 = CARTESIAN_POINT ( 'NONE',  ( 0.6745345522507247837, 2.000000000000000000, 0.6848542639031319768 ) ) ;
#4237 = ORIENTED_EDGE ( 'NONE', *, *, #3569, .F. ) ;
#4238 = FACE_OUTER_BOUND ( 'NONE', #3330, .T. ) ;
#4239 = ORIENTED_EDGE ( 'NONE', *, *, #214, .F. ) ;
#4240 = EDGE_LOOP ( 'NONE', ( #1830, #2063, #6047, #3427 ) ) ;
#4241 = DIRECTION ( 'NONE',  ( -0.2107285608220967332, 0.000000000000000000, -0.9775446146615754950 ) ) ;
#4242 = ADVANCED_FACE ( 'NONE', ( #5097 ), #8208, .F. ) ;
#4243 = EDGE_CURVE ( 'NONE', #3176, #7738, #7324, .T. ) ;
#4244 = EDGE_CURVE ( 'NONE', #9863, #7388, #2149, .T. ) ;
#4245 = DIRECTION ( 'NONE',  ( 0.03899732433763213046, 0.000000000000000000, 0.9992393150264382573 ) ) ;
#4246 = CARTESIAN_POINT ( 'NONE',  ( -0.7258572354296933815, -0.1460357895205570966, 0.6302011573622737783 ) ) ;
#4247 = VECTOR ( 'NONE', #538, 1000.000000000000000 ) ;
#4248 = EDGE_CURVE ( 'NONE', #118, #4869, #2983, .T. ) ;
#4249 = CARTESIAN_POINT ( 'NONE',  ( -0.1828415940552460262, -0.1460293543205271327, -0.9437113840839918000 ) ) ;
#4250 = CARTESIAN_POINT ( 'NONE',  ( -0.1032326095015462658, 2.000000000000000000, -0.9557014456941497205 ) ) ;
#4251 = EDGE_LOOP ( 'NONE', ( #8482, #3768, #5407, #4366 ) ) ;
#4252 = VECTOR ( 'NONE', #4959, 1000.000000000000114 ) ;
#4253 = LINE ( 'NONE', #8210, #2414 ) ;
#4254 = ORIENTED_EDGE ( 'NONE', *, *, #7889, .T. ) ;
#4255 = CARTESIAN_POINT ( 'NONE',  ( -0.09772477418982747355, 2.000000000000000000, 0.9562803425125572243 ) ) ;
#4256 = PLANE ( 'NONE',  #9244 ) ;
#4257 = ADVANCED_FACE ( 'NONE', ( #5194 ), #2773, .F. ) ;
#4258 = DIRECTION ( 'NONE',  ( 0.1432326429508931354, 0.000000000000000000, 0.9896890471220251007 ) ) ;
#4259 = LINE ( 'NONE', #2632, #7721 ) ;
#4260 = DIRECTION ( 'NONE',  ( -0.04475363562197141876, 0.000000000000000000, -0.9989980541015160975 ) ) ;
#4261 = ORIENTED_EDGE ( 'NONE', *, *, #9082, .F. ) ;
#4262 = CARTESIAN_POINT ( 'NONE',  ( 0.8742577899074580605, -2.981555974335137194E-16, 1.963615146004443091 ) ) ;
#4263 = EDGE_LOOP ( 'NONE', ( #7079, #2556, #5222, #2198 ) ) ;
#4264 = LINE ( 'NONE', #9112, #4419 ) ;
#4265 = DIRECTION ( 'NONE',  ( 0.8313236394284999609, 0.000000000000000000, 0.5557886347590723641 ) ) ;
#4266 = ORIENTED_EDGE ( 'NONE', *, *, #4501, .F. ) ;
#4267 = ORIENTED_EDGE ( 'NONE', *, *, #3583, .F. ) ;
#4268 = VECTOR ( 'NONE', #9006, 999.9999999999998863 ) ;
#4269 = CARTESIAN_POINT ( 'NONE',  ( 0.9473335580173301018, -2.981555974335137194E-16, 0.1630378938180099269 ) ) ;
#4270 = CARTESIAN_POINT ( 'NONE',  ( -17.49999999999998224, -22.29461818466508305, 3.600000000000000089 ) ) ;
#4271 = DIRECTION ( 'NONE',  ( 0.000000000000000000, -1.000000000000000000, 0.000000000000000000 ) ) ;
#4272 = AXIS2_PLACEMENT_3D ( 'NONE', #783, #4658, #2297 ) ;
#4273 = DIRECTION ( 'NONE',  ( -0.3708014161143574072, 0.000000000000000000, 0.9287121781303327994 ) ) ;
#4274 = ORIENTED_EDGE ( 'NONE', *, *, #5712, .T. ) ;
#4275 = DIRECTION ( 'NONE',  ( 0.000000000000000000, -1.000000000000000000, 0.000000000000000000 ) ) ;
#4276 = CARTESIAN_POINT ( 'NONE',  ( -0.4830264792950583197, -2.981555974335137194E-16, -0.8310882295317429946 ) ) ;
#4277 = ORIENTED_EDGE ( 'NONE', *, *, #10327, .T. ) ;
#4278 = DIRECTION ( 'NONE',  ( 0.000000000000000000, -1.000000000000000000, 0.000000000000000000 ) ) ;
#4279 = ADVANCED_FACE ( 'NONE', ( #2821 ), #2043, .F. ) ;
#4280 = VECTOR ( 'NONE', #3012, 999.9999999999998863 ) ;
#4281 = ORIENTED_EDGE ( 'NONE', *, *, #3996, .T. ) ;
#4282 = EDGE_LOOP ( 'NONE', ( #2110, #5330, #1769, #7352 ) ) ;
#4283 = VERTEX_POINT ( 'NONE', #9355 ) ;
#4284 = PLANE ( 'NONE',  #812 ) ;
#4285 = VERTEX_POINT ( 'NONE', #2201 ) ;
#4286 = LINE ( 'NONE', #5031, #345 ) ;
#4287 = CARTESIAN_POINT ( 'NONE',  ( 0.9554158832770613952, -0.1432581301189111422, 2.030362102316356943 ) ) ;
#4288 = EDGE_LOOP ( 'NONE', ( #6701, #8184, #808, #8199 ) ) ;
#4289 = DIRECTION ( 'NONE',  ( 0.4041033210507533058, 0.000000000000000000, -0.9147133463089690553 ) ) ;
#4290 = ORIENTED_EDGE ( 'NONE', *, *, #469, .F. ) ;
#4291 = ORIENTED_EDGE ( 'NONE', *, *, #1236, .F. ) ;
#4292 = CARTESIAN_POINT ( 'NONE',  ( 1.280637217848606069, 2.000000000000000000, -1.842595477255267289 ) ) ;
#4293 = LINE ( 'NONE', #2765, #9673 ) ;
#4294 = DIRECTION ( 'NONE',  ( -0.9035967632308891107, 0.000000000000000000, 0.4283840443791767649 ) ) ;
#4295 = AXIS2_PLACEMENT_3D ( 'NONE', #9280, #5171, #1917 ) ;
#4296 = CARTESIAN_POINT ( 'NONE',  ( 0.4428924704590213590, -0.1483595806240759762, -0.8531520876005002085 ) ) ;
#4297 = LINE ( 'NONE', #1405, #6061 ) ;
#4298 = ORIENTED_EDGE ( 'NONE', *, *, #5540, .T. ) ;
#4299 = DIRECTION ( 'NONE',  ( -0.4472135954999585938, 0.000000000000000000, -0.8944271909999155223 ) ) ;
#4300 = ADVANCED_FACE ( 'NONE', ( #7633 ), #4355, .F. ) ;
#4301 = ADVANCED_FACE ( 'NONE', ( #7599 ), #2227, .F. ) ;
#4302 = EDGE_CURVE ( 'NONE', #2323, #1721, #1341, .T. ) ;
#4303 = VECTOR ( 'NONE', #1979, 1000.000000000000114 ) ;
#4304 = ORIENTED_EDGE ( 'NONE', *, *, #4701, .T. ) ;
#4305 = CARTESIAN_POINT ( 'NONE',  ( -0.7991187831734525293, -2.981555974335137194E-16, -0.5342577985820772257 ) ) ;
#4306 = CARTESIAN_POINT ( 'NONE',  ( -0.4782302799131832871, 2.000000000000000000, -0.8338573165359559614 ) ) ;
#4307 = ORIENTED_EDGE ( 'NONE', *, *, #2442, .T. ) ;
#4308 = EDGE_CURVE ( 'NONE', #5870, #2610, #8488, .T. ) ;
#4309 = CARTESIAN_POINT ( 'NONE',  ( 0.6452641508340518639, -0.1460293543205279931, -0.7125001056945863276 ) ) ;
#4310 = DIRECTION ( 'NONE',  ( 0.000000000000000000, -1.000000000000000000, 0.000000000000000000 ) ) ;
#4311 = CARTESIAN_POINT ( 'NONE',  ( -1.263411704741989494, 2.000000000000000000, 1.738937028518532824 ) ) ;
#4312 = AXIS2_PLACEMENT_3D ( 'NONE', #4544, #7719, #571 ) ;
#4313 = DIRECTION ( 'NONE',  ( -0.3315857306873513100, 0.000000000000000000, -0.9434250914643594887 ) ) ;
#4314 = CARTESIAN_POINT ( 'NONE',  ( 2.126385852261802434, 2.000000000000000000, 0.3139973441492314721 ) ) ;
#4315 = ORIENTED_EDGE ( 'NONE', *, *, #2511, .F. ) ;
#4316 = CARTESIAN_POINT ( 'NONE',  ( 0.3376626519355446221, 2.000000000000000000, -0.9000034213569646502 ) ) ;
#4317 = ORIENTED_EDGE ( 'NONE', *, *, #1340, .T. ) ;
#4318 = EDGE_CURVE ( 'NONE', #2483, #6823, #6978, .T. ) ;
#4319 = DIRECTION ( 'NONE',  ( -0.9362739751521705900, 0.000000000000000000, 0.3512706128510505454 ) ) ;
#4320 = DIRECTION ( 'NONE',  ( -0.5155608271417791988, 0.000000000000000000, 0.8568529824403277040 ) ) ;
#4321 = ORIENTED_EDGE ( 'NONE', *, *, #7237, .F. ) ;
#4322 = VERTEX_POINT ( 'NONE', #2117 ) ;
#4323 = AXIS2_PLACEMENT_3D ( 'NONE', #4935, #4989, #6595 ) ;
#4324 = DIRECTION ( 'NONE',  ( 0.8427808753721419688, 0.000000000000000000, 0.5382568124111073438 ) ) ;
#4325 = LINE ( 'NONE', #2687, #9856 ) ;
#4326 = CARTESIAN_POINT ( 'NONE',  ( 1.035502725338395491, 2.000000000000000000, -1.883572464931645429 ) ) ;
#4327 = VECTOR ( 'NONE', #698, 1000.000000000000000 ) ;
#4328 = DIRECTION ( 'NONE',  ( 0.000000000000000000, -1.000000000000000000, 0.000000000000000000 ) ) ;
#4329 = ORIENTED_EDGE ( 'NONE', *, *, #8039, .T. ) ;
#4330 = CARTESIAN_POINT ( 'NONE',  ( -5.352861011585580826E-16, -4.408728476930471151E-16, -3.600000000000000089 ) ) ;
#4331 = CARTESIAN_POINT ( 'NONE',  ( 1.189484353158689167, -2.981555974335137194E-16, 1.790317876362344851 ) ) ;
#4332 = ORIENTED_EDGE ( 'NONE', *, *, #6051, .T. ) ;
#4333 = ORIENTED_EDGE ( 'NONE', *, *, #5549, .F. ) ;
#4334 = EDGE_LOOP ( 'NONE', ( #7256, #226, #9908, #8708 ) ) ;
#4335 = EDGE_LOOP ( 'NONE', ( #5281, #8375, #9866, #9907 ) ) ;
#4336 = ADVANCED_FACE ( 'NONE', ( #448 ), #5429, .F. ) ;
#4337 = VECTOR ( 'NONE', #9046, 999.9999999999998863 ) ;
#4338 = VERTEX_POINT ( 'NONE', #7760 ) ;
#4339 = CARTESIAN_POINT ( 'NONE',  ( -0.09772477418980740627, -0.1467932918244574947, -0.9562803425125593337 ) ) ;
#4340 = CARTESIAN_POINT ( 'NONE',  ( -0.1798608697330854045, 2.000000000000000000, -2.141905971878966142 ) ) ;
#4341 = EDGE_LOOP ( 'NONE', ( #4908, #3953, #5076, #1908 ) ) ;
#4342 = CARTESIAN_POINT ( 'NONE',  ( 0.4117887667798597606, 2.000000000000000000, 0.8685921001945094977 ) ) ;
#4343 = ORIENTED_EDGE ( 'NONE', *, *, #4662, .F. ) ;
#4344 = VERTEX_POINT ( 'NONE', #4531 ) ;
#4345 = CLOSED_SHELL ( 'NONE', ( #8371, #3261, #2066, #452, #704, #3930, #950, #2397, #7825, #1115, #8553, #6025, #4039, #6285, #8324, #6859, #9269, #9587, #6522, #1081, #6326, #1280, #7426, #9706, #3750, #6607, #6802, #2369, #5401, #9530, #3791, #5659, #3675, #673, #6787, #65, #8066, #2752, #7089, #8497, #10034, #7254, #4242, #9591, #1687, #188, #464, #3116, #4804, #5241, #8999, #6633, #169, #3021, #5716, #9726, #1744, #6989, #4572, #5022, #9261, #8287, #6474, #2275, #4884, #9842, #3711, #6600, #2831, #2390, #1234, #3991, #9857, #9758, #1299, #7614, #6543, #6401, #576, #5893, #10019, #6545, #7549, #4453, #8645, #7165, #4977, #5631, #9722, #9686, #1913, #2191, #7887, #7173, #3547, #5127, #7284, #9709, #732, #5077, #5845, #146, #6839, #139, #6426, #140, #3808, #88, #6226, #4436, #9343, #9906, #6058, #9697, #10295, #5931, #277, #3059, #1571, #6099, #9723, #7238, #6931, #8573, #555, #1231, #1807, #4613, #4025, #988, #1876, #5084, #2807, #8397, #6021, #9821, #6862, #1308, #1451, #687, #7489, #3508, #6070, #5947, #8832, #2790, #8765, #2449, #1969, #87, #2129, #3217, #3990, #10308, #3216, #6033, #8646, #5415, #7482, #12, #5115, #3103, #8510, #6346, #4765, #6777, #2951, #1092, #7750, #9626, #8207, #8558, #6227, #3532, #1579, #10251, #518, #8683, #6155, #4566, #5702, #2829, #6734, #8360, #9271, #9911, #4438, #614, #9781, #7167, #4923, #4300, #7295, #9017, #4770, #2759, #3771, #1714, #2888, #9211, #3860, #8504, #9475, #8796, #92, #7499, #10115, #4279, #4760, #4162, #8188, #7483, #6967, #921, #5493, #8097, #3194, #4483, #8321, #9354, #4441, #9340, #7613, #4301, #1919, #9564, #1492, #9548, #7624, #2634, #8575, #7212, #2072, #9185, #521, #10236, #2977, #6470, #6875, #4336, #8651, #5847, #3857, #6658, #9028, #2446, #1893, #2240, #6671, #4257, #7315, #4731, #929, #5269, #9148, #8308, #2753, #3404, #9080, #9877, #6097, #3462, #10218, #10078, #3789, #9041, #784, #5053, #9129, #7919, #3077, #7545, #2003, #6792, #2963, #6919, #7404, #2026, #480, #9965, #8252, #9347, #2195, #5844, #8443, #1287, #4004, #6648, #7058, #2546, #3840, #2570, #3126, #6375, #9790, #10039, #9927, #3285, #9131, #9749, #6449, #9086, #3766, #2569, #1041, #2947, #2643, #5079, #1232, #2804, #422, #8710, #6131, #6350 ) ) ;
#4346 = AXIS2_PLACEMENT_3D ( 'NONE', #6878, #1441, #9217 ) ;
#4347 = DIRECTION ( 'NONE',  ( 0.2862728641871146174, 0.000000000000000000, 0.9581481342830584502 ) ) ;
#4348 = VECTOR ( 'NONE', #4278, 1000.000000000000000 ) ;
#4349 = FACE_OUTER_BOUND ( 'NONE', #8418, .T. ) ;
#4350 = LINE ( 'NONE', #369, #4899 ) ;
#4351 = EDGE_CURVE ( 'NONE', #9953, #7723, #1392, .T. ) ;
#4352 = ORIENTED_EDGE ( 'NONE', *, *, #8444, .T. ) ;
#4353 = LINE ( 'NONE', #7524, #7714 ) ;
#4354 = VECTOR ( 'NONE', #5299, 999.9999999999998863 ) ;
#4355 = PLANE ( 'NONE',  #2979 ) ;
#4356 = EDGE_CURVE ( 'NONE', #9925, #4632, #2172, .T. ) ;
#4357 = EDGE_LOOP ( 'NONE', ( #9694, #3306, #9226, #9040 ) ) ;
#4358 = LINE ( 'NONE', #376, #3578 ) ;
#4359 = LINE ( 'NONE', #5305, #2218 ) ;
#4360 = EDGE_LOOP ( 'NONE', ( #4812, #8327, #7402, #8584 ) ) ;
#4361 = DIRECTION ( 'NONE',  ( -0.6555985552360034108, 0.000000000000000000, 0.7551096174546215734 ) ) ;
#4362 = LINE ( 'NONE', #8111, #7004 ) ;
#4363 = DIRECTION ( 'NONE',  ( -0.000000000000000000, 1.000000000000000000, 0.000000000000000000 ) ) ;
#4364 = DIRECTION ( 'NONE',  ( -0.000000000000000000, -1.000000000000000000, -0.000000000000000000 ) ) ;
#4365 = EDGE_CURVE ( 'NONE', #8960, #5178, #4636, .T. ) ;
#4366 = ORIENTED_EDGE ( 'NONE', *, *, #2176, .F. ) ;
#4367 = CARTESIAN_POINT ( 'NONE',  ( 0.8622402173287568861, -2.981555974335137194E-16, -0.4249282675784758490 ) ) ;
#4368 = ORIENTED_EDGE ( 'NONE', *, *, #4057, .T. ) ;
#4369 = FACE_OUTER_BOUND ( 'NONE', #2879, .T. ) ;
#4370 = CARTESIAN_POINT ( 'NONE',  ( -2.212499041939549382, -0.1451609609644682330, -0.3742162021574738096 ) ) ;
#4371 = ORIENTED_EDGE ( 'NONE', *, *, #5315, .T. ) ;
#4372 = ORIENTED_EDGE ( 'NONE', *, *, #9058, .T. ) ;
#4373 = CARTESIAN_POINT ( 'NONE',  ( 0.9581172076848553099, -2.981555974335137194E-16, -0.07767651707280920359 ) ) ;
#4374 = EDGE_CURVE ( 'NONE', #2481, #1605, #6042, .T. ) ;
#4375 = EDGE_CURVE ( 'NONE', #7827, #2027, #6927, .T. ) ;
#4376 = DIRECTION ( 'NONE',  ( -0.9207430172529452728, 0.000000000000000000, -0.3901695736214481069 ) ) ;
#4377 = DIRECTION ( 'NONE',  ( 0.000000000000000000, -1.000000000000000000, 0.000000000000000000 ) ) ;
#4378 = VECTOR ( 'NONE', #3587, 999.9999999999998863 ) ;
#4379 = CARTESIAN_POINT ( 'NONE',  ( 0.6705776782266664737, -2.981555974335137194E-16, -0.6887291212301976939 ) ) ;
#4380 = VERTEX_POINT ( 'NONE', #3060 ) ;
#4381 = CARTESIAN_POINT ( 'NONE',  ( 0.2996782327926879042, -0.1451609609644690935, -0.9133538097345618167 ) ) ;
#4382 = DIRECTION ( 'NONE',  ( 0.4093665898583113694, 0.000000000000000000, 0.9123699880573543641 ) ) ;
#4383 = VERTEX_POINT ( 'NONE', #7652 ) ;
#4384 = EDGE_LOOP ( 'NONE', ( #2895, #6737, #5071, #3572 ) ) ;
#4385 = ORIENTED_EDGE ( 'NONE', *, *, #271, .F. ) ;
#4386 = VECTOR ( 'NONE', #4962, 1000.000000000000114 ) ;
#4387 = DIRECTION ( 'NONE',  ( -0.000000000000000000, 1.000000000000000000, 0.000000000000000000 ) ) ;
#4388 = EDGE_CURVE ( 'NONE', #9138, #7325, #4587, .T. ) ;
#4389 = VECTOR ( 'NONE', #3357, 1000.000000000000114 ) ;
#4390 = ORIENTED_EDGE ( 'NONE', *, *, #4998, .F. ) ;
#4391 = LINE ( 'NONE', #7565, #1300 ) ;
#4392 = LINE ( 'NONE', #8400, #7021 ) ;
#4393 = DIRECTION ( 'NONE',  ( -0.9942166556096145857, 0.000000000000000000, -0.1073929313708917727 ) ) ;
#4394 = VECTOR ( 'NONE', #1711, 1000.000000000000000 ) ;
#4395 = AXIS2_PLACEMENT_3D ( 'NONE', #654, #7083, #809 ) ;
#4396 = VERTEX_POINT ( 'NONE', #8591 ) ;
#4397 = LINE ( 'NONE', #7623, #3803 ) ;
#4398 = ORIENTED_EDGE ( 'NONE', *, *, #3734, .F. ) ;
#4399 = VECTOR ( 'NONE', #2381, 999.9999999999998863 ) ;
#4400 = ORIENTED_EDGE ( 'NONE', *, *, #6069, .T. ) ;
#4401 = DIRECTION ( 'NONE',  ( -0.8458679691042347848, 0.000000000000000000, -0.5333923310692394448 ) ) ;
#4402 = PLANE ( 'NONE',  #474 ) ;
#4403 = VECTOR ( 'NONE', #2690, 1000.000000000000114 ) ;
#4404 = ORIENTED_EDGE ( 'NONE', *, *, #4216, .F. ) ;
#4405 = FACE_OUTER_BOUND ( 'NONE', #141, .T. ) ;
#4406 = CARTESIAN_POINT ( 'NONE',  ( 0.9408267182697697129, -0.1491166960093065208, 0.1971479423076035742 ) ) ;
#4407 = ORIENTED_EDGE ( 'NONE', *, *, #9912, .T. ) ;
#4408 = DIRECTION ( 'NONE',  ( 0.9729170569713500027, 0.000000000000000000, 0.2311544943413534059 ) ) ;
#4409 = ORIENTED_EDGE ( 'NONE', *, *, #7856, .F. ) ;
#4410 = EDGE_CURVE ( 'NONE', #6276, #3976, #2950, .T. ) ;
#4411 = VECTOR ( 'NONE', #7226, 1000.000000000000000 ) ;
#4412 = CARTESIAN_POINT ( 'NONE',  ( 0.09000938839288329107, -0.1427855095417420173, -2.147558947929733009 ) ) ;
#4413 = VECTOR ( 'NONE', #3992, 1000.000000000000000 ) ;
#4414 = CARTESIAN_POINT ( 'NONE',  ( 0.5174051459242621220, 2.000000000000000000, -0.8101321743626034300 ) ) ;
#4415 = LINE ( 'NONE', #1996, #4017 ) ;
#4416 = AXIS2_PLACEMENT_3D ( 'NONE', #7235, #122, #3311 ) ;
#4417 = DIRECTION ( 'NONE',  ( 0.7450692948612493982, 0.000000000000000000, 0.6669870657328825780 ) ) ;
#4418 = DIRECTION ( 'NONE',  ( -0.7412141892185430958, 0.000000000000000000, 0.6712685943056608817 ) ) ;
#4419 = VECTOR ( 'NONE', #3683, 1000.000000000000000 ) ;
#4420 = ORIENTED_EDGE ( 'NONE', *, *, #5534, .T. ) ;
#4421 = DIRECTION ( 'NONE',  ( -0.4420530731320692630, 0.000000000000000000, -0.8969888965502824663 ) ) ;
#4422 = EDGE_LOOP ( 'NONE', ( #3722, #5889, #7682, #7830 ) ) ;
#4423 = DIRECTION ( 'NONE',  ( -0.3512706128510505454, 0.000000000000000000, -0.9362739751521705900 ) ) ;
#4424 = LINE ( 'NONE', #9987, #1385 ) ;
#4425 = ORIENTED_EDGE ( 'NONE', *, *, #6912, .F. ) ;
#4426 = ORIENTED_EDGE ( 'NONE', *, *, #991, .T. ) ;
#4427 = LINE ( 'NONE', #7650, #2860 ) ;
#4428 = LINE ( 'NONE', #9019, #8050 ) ;
#4429 = LINE ( 'NONE', #7653, #387 ) ;
#4430 = FACE_OUTER_BOUND ( 'NONE', #7667, .T. ) ;
#4431 = ORIENTED_EDGE ( 'NONE', *, *, #1678, .F. ) ;
#4432 = DIRECTION ( 'NONE',  ( -0.3708014161143444176, 0.000000000000000000, -0.9287121781303380175 ) ) ;
#4433 = DIRECTION ( 'NONE',  ( -0.7124542072270311222, 0.000000000000000000, 0.7017186064260393374 ) ) ;
#4434 = VERTEX_POINT ( 'NONE', #6148 ) ;
#4435 = VECTOR ( 'NONE', #2836, 1000.000000000000000 ) ;
#4436 = ADVANCED_FACE ( 'NONE', ( #10150 ), #5378, .F. ) ;
#4437 = EDGE_CURVE ( 'NONE', #10269, #1974, #2902, .T. ) ;
#4438 = ADVANCED_FACE ( 'NONE', ( #3845 ), #9376, .F. ) ;
#4439 = VERTEX_POINT ( 'NONE', #9273 ) ;
#4440 = ORIENTED_EDGE ( 'NONE', *, *, #5785, .F. ) ;
#4441 = ADVANCED_FACE ( 'NONE', ( #9433 ), #5728, .F. ) ;
#4442 = PLANE ( 'NONE',  #2309 ) ;
#4443 = LINE ( 'NONE', #6114, #9830 ) ;
#4444 = ORIENTED_EDGE ( 'NONE', *, *, #1251, .F. ) ;
#4445 = LINE ( 'NONE', #2028, #5139 ) ;
#4446 = DIRECTION ( 'NONE',  ( -0.7412141892185335479, 0.000000000000000000, -0.6712685943056714288 ) ) ;
#4447 = CARTESIAN_POINT ( 'NONE',  ( -0.5345450792948815977, -2.981555974335137194E-16, 2.081915628221650660 ) ) ;
#4448 = VERTEX_POINT ( 'NONE', #9579 ) ;
#4449 = VECTOR ( 'NONE', #2089, 1000.000000000000000 ) ;
#4450 = CARTESIAN_POINT ( 'NONE',  ( 0.6934102960788439685, 2.000000000000000000, -2.134097452749626367 ) ) ;
#4451 = CARTESIAN_POINT ( 'NONE',  ( -1.535719282928350804, -3.523657060577889411E-16, 1.503887432248156353 ) ) ;
#4452 = VERTEX_POINT ( 'NONE', #7859 ) ;
#4453 = ADVANCED_FACE ( 'NONE', ( #1595 ), #8901, .F. ) ;
#4454 = EDGE_LOOP ( 'NONE', ( #668, #3066, #2435, #6196 ) ) ;
#4455 = CARTESIAN_POINT ( 'NONE',  ( -0.5833806464172522910, -2.981555974335137194E-16, 0.7639955800606279546 ) ) ;
#4456 = PLANE ( 'NONE',  #2467 ) ;
#4457 = ORIENTED_EDGE ( 'NONE', *, *, #1250, .F. ) ;
#4458 = DIRECTION ( 'NONE',  ( 0.6234027750479839147, 0.000000000000000000, 0.7819008761105673555 ) ) ;
#4459 = CARTESIAN_POINT ( 'NONE',  ( 0.2944111163135921805, -0.1499926892710059800, 0.9150651996209729910 ) ) ;
#4460 = ORIENTED_EDGE ( 'NONE', *, *, #1765, .F. ) ;
#4461 = ORIENTED_EDGE ( 'NONE', *, *, #1282, .T. ) ;
#4462 = DIRECTION ( 'NONE',  ( 0.5333923310692337827, 0.000000000000000000, 0.8458679691042385596 ) ) ;
#4463 = ORIENTED_EDGE ( 'NONE', *, *, #2575, .F. ) ;
#4464 = VECTOR ( 'NONE', #3058, 1000.000000000000000 ) ;
#4465 = CARTESIAN_POINT ( 'NONE',  ( 0.4830264792950696995, -2.981555974335137194E-16, -0.8310882295317367774 ) ) ;
#4466 = LINE ( 'NONE', #8626, #653 ) ;
#4467 = CARTESIAN_POINT ( 'NONE',  ( -0.1376839174503886598, -0.1478946242935122724, -0.9513492333743172047 ) ) ;
#4468 = EDGE_CURVE ( 'NONE', #2321, #7851, #4688, .T. ) ;
#4469 = CARTESIAN_POINT ( 'NONE',  ( -0.6411484854771019037, 2.000000000000000000, 0.7162058674269604630 ) ) ;
#4470 = LINE ( 'NONE', #3731, #6272 ) ;
#4471 = AXIS2_PLACEMENT_3D ( 'NONE', #1665, #142, #9639 ) ;
#4472 = ORIENTED_EDGE ( 'NONE', *, *, #9458, .T. ) ;
#4473 = VERTEX_POINT ( 'NONE', #2329 ) ;
#4474 = DIRECTION ( 'NONE',  ( -0.1696083962828338343, 0.000000000000000000, 0.9855115381924075546 ) ) ;
#4475 = ORIENTED_EDGE ( 'NONE', *, *, #152, .T. ) ;
#4476 = ORIENTED_EDGE ( 'NONE', *, *, #4816, .F. ) ;
#4477 = CARTESIAN_POINT ( 'NONE',  ( 0.3324718211827753511, 2.000000000000000000, -0.9019338740095058649 ) ) ;
#4478 = AXIS2_PLACEMENT_3D ( 'NONE', #9302, #9973, #3721 ) ;
#4479 = DIRECTION ( 'NONE',  ( 0.8674621517390663783, 0.000000000000000000, -0.4975031811960894945 ) ) ;
#4480 = DIRECTION ( 'NONE',  ( 0.5557886347590605958, 0.000000000000000000, 0.8313236394285076214 ) ) ;
#4481 = DIRECTION ( 'NONE',  ( 0.7017186064260346745, 0.000000000000000000, 0.7124542072270356741 ) ) ;
#4482 = DIRECTION ( 'NONE',  ( 0.9623838978496845886, 0.000000000000000000, -0.2716932703613542666 ) ) ;
#4483 = ADVANCED_FACE ( 'NONE', ( #5535 ), #10312, .F. ) ;
#4484 = ORIENTED_EDGE ( 'NONE', *, *, #3455, .F. ) ;
#4485 = DIRECTION ( 'NONE',  ( 0.000000000000000000, 1.000000000000000000, -0.000000000000000000 ) ) ;
#4486 = LINE ( 'NONE', #7556, #1109 ) ;
#4487 = VECTOR ( 'NONE', #6696, 1000.000000000000227 ) ;
#4488 = ORIENTED_EDGE ( 'NONE', *, *, #2020, .F. ) ;
#4489 = EDGE_CURVE ( 'NONE', #8221, #7733, #4789, .T. ) ;
#4490 = ORIENTED_EDGE ( 'NONE', *, *, #8685, .T. ) ;
#4491 = ORIENTED_EDGE ( 'NONE', *, *, #2770, .F. ) ;
#4492 = DIRECTION ( 'NONE',  ( -0.6866441927842267257, 0.000000000000000000, -0.7269936399417107342 ) ) ;
#4493 = DIRECTION ( 'NONE',  ( -0.5204888928356650180, 0.000000000000000000, 0.8538684397696776340 ) ) ;
#4494 = DIRECTION ( 'NONE',  ( -0.4842760365308916848, 0.000000000000000000, -0.8749152647210645117 ) ) ;
#4495 = EDGE_CURVE ( 'NONE', #8185, #3785, #1698, .T. ) ;
#4496 = EDGE_CURVE ( 'NONE', #1486, #7390, #6456, .T. ) ;
#4497 = ORIENTED_EDGE ( 'NONE', *, *, #1751, .F. ) ;
#4498 = CARTESIAN_POINT ( 'NONE',  ( -0.8770254568504652903, -2.981555974335137194E-16, -0.3935080342288066468 ) ) ;
#4499 = CARTESIAN_POINT ( 'NONE',  ( -0.2996782327926817424, -0.1451609609644690935, 0.9133538097345639262 ) ) ;
#4500 = CARTESIAN_POINT ( 'NONE',  ( -1.981493566476409507, -0.1447218629912427057, 0.8329431978499615141 ) ) ;
#4501 = EDGE_CURVE ( 'NONE', #7541, #4630, #918, .T. ) ;
#4502 = ORIENTED_EDGE ( 'NONE', *, *, #7304, .T. ) ;
#4503 = ORIENTED_EDGE ( 'NONE', *, *, #5283, .T. ) ;
#4504 = EDGE_LOOP ( 'NONE', ( #6771, #1048, #1563, #10200 ) ) ;
#4505 = CARTESIAN_POINT ( 'NONE',  ( -17.49999999999998579, 4.200000000000000178, -3.599999999999997424 ) ) ;
#4506 = EDGE_CURVE ( 'NONE', #9993, #433, #3312, .T. ) ;
#4507 = EDGE_CURVE ( 'NONE', #4108, #6154, #6356, .T. ) ;
#4508 = ORIENTED_EDGE ( 'NONE', *, *, #3429, .F. ) ;
#4509 = CARTESIAN_POINT ( 'NONE',  ( -2.044243080056977302, -2.981555974335137194E-16, -0.6642148405983434589 ) ) ;
#4510 = CARTESIAN_POINT ( 'NONE',  ( -2.092653697217581765, -0.1459816899409631941, 0.4908274934776041265 ) ) ;
#4511 = VERTEX_POINT ( 'NONE', #7191 ) ;
#4512 = AXIS2_PLACEMENT_3D ( 'NONE', #9154, #2158, #8529 ) ;
#4513 = DIRECTION ( 'NONE',  ( 0.6188876310076700804, 0.000000000000000000, 0.7854795351794431335 ) ) ;
#4514 = ORIENTED_EDGE ( 'NONE', *, *, #4756, .F. ) ;
#4515 = LINE ( 'NONE', #5252, #1348 ) ;
#4516 = DIRECTION ( 'NONE',  ( 0.9207430172529478263, 0.000000000000000000, 0.3901695736214420562 ) ) ;
#4517 = LINE ( 'NONE', #10137, #3181 ) ;
#4518 = EDGE_CURVE ( 'NONE', #5912, #9690, #9485, .T. ) ;
#4519 = VECTOR ( 'NONE', #3624, 1000.000000000000000 ) ;
#4520 = FACE_OUTER_BOUND ( 'NONE', #2881, .T. ) ;
#4521 = DIRECTION ( 'NONE',  ( 0.4842760365308856896, 0.000000000000000000, 0.8749152647210679534 ) ) ;
#4522 = VECTOR ( 'NONE', #6383, 1000.000000000000000 ) ;
#4523 = VERTEX_POINT ( 'NONE', #30 ) ;
#4524 = ORIENTED_EDGE ( 'NONE', *, *, #9003, .T. ) ;
#4525 = CARTESIAN_POINT ( 'NONE',  ( -2.148151099483878834, -3.006278401112418225E-16, 0.6485650548146950634 ) ) ;
#4526 = LINE ( 'NONE', #6717, #53 ) ;
#4527 = EDGE_LOOP ( 'NONE', ( #10043, #7897, #445, #6169 ) ) ;
#4528 = VERTEX_POINT ( 'NONE', #6507 ) ;
#4529 = DIRECTION ( 'NONE',  ( 0.4093665898583113694, 0.000000000000000000, 0.9123699880573543641 ) ) ;
#4530 = DIRECTION ( 'NONE',  ( 0.5155608271417730926, 0.000000000000000000, 0.8568529824403313677 ) ) ;
#4531 = CARTESIAN_POINT ( 'NONE',  ( 1.966364586822013649, 2.000000000000000000, -1.081018079512492402 ) ) ;
#4532 = LINE ( 'NONE', #1443, #8392 ) ;
#4533 = DIRECTION ( 'NONE',  ( -0.5509898714915056894, 0.000000000000000000, 0.8345119301206987972 ) ) ;
#4534 = LINE ( 'NONE', #6828, #6761 ) ;
#4535 = AXIS2_PLACEMENT_3D ( 'NONE', #9362, #7794, #5946 ) ;
#4536 = ORIENTED_EDGE ( 'NONE', *, *, #9375, .F. ) ;
#4537 = CARTESIAN_POINT ( 'NONE',  ( 0.4830264792950529906, 2.000000000000000000, 0.8310882295317462143 ) ) ;
#4538 = DIRECTION ( 'NONE',  ( 0.08080691660714793556, 0.000000000000000000, 0.9967297739249316724 ) ) ;
#4539 = ORIENTED_EDGE ( 'NONE', *, *, #9204, .T. ) ;
#4540 = ORIENTED_EDGE ( 'NONE', *, *, #3713, .F. ) ;
#4541 = ORIENTED_EDGE ( 'NONE', *, *, #1734, .F. ) ;
#4542 = CARTESIAN_POINT ( 'NONE',  ( -2.044243080056982631, -2.981555974335137194E-16, 0.6642148405983292481 ) ) ;
#4543 = EDGE_CURVE ( 'NONE', #7673, #8766, #5680, .T. ) ;
#4544 = CARTESIAN_POINT ( 'NONE',  ( -0.2558339143048253272, -0.1498172852299859137, -0.9265911899310602662 ) ) ;
#4545 = CARTESIAN_POINT ( 'NONE',  ( -0.9086988294849362990, -2.981555974335137194E-16, 0.3135102267217027561 ) ) ;
#4546 = VECTOR ( 'NONE', #5832, 1000.000000000000114 ) ;
#4547 = EDGE_CURVE ( 'NONE', #4094, #4344, #713, .T. ) ;
#4548 = DIRECTION ( 'NONE',  ( 0.000000000000000000, -1.000000000000000000, 0.000000000000000000 ) ) ;
#4549 = ORIENTED_EDGE ( 'NONE', *, *, #5283, .F. ) ;
#4550 = LINE ( 'NONE', #8347, #3979 ) ;
#4551 = DIRECTION ( 'NONE',  ( 0.9229756359820519007, 0.000000000000000000, -0.3848583835432542455 ) ) ;
#4552 = VERTEX_POINT ( 'NONE', #7090 ) ;
#4553 = VECTOR ( 'NONE', #8274, 1000.000000000000000 ) ;
#4554 = ORIENTED_EDGE ( 'NONE', *, *, #10231, .F. ) ;
#4555 = VECTOR ( 'NONE', #1810, 1000.000000000000000 ) ;
#4556 = CARTESIAN_POINT ( 'NONE',  ( -0.4478004200876873897, 2.000000000000000000, 0.8505862735405960162 ) ) ;
#4557 = VECTOR ( 'NONE', #7177, 1000.000000000000000 ) ;
#4558 = VECTOR ( 'NONE', #4581, 1000.000000000000000 ) ;
#4559 = ORIENTED_EDGE ( 'NONE', *, *, #3025, .T. ) ;
#4560 = CARTESIAN_POINT ( 'NONE',  ( -0.7516106207556921825, -2.981555974335137194E-16, 0.5992526176276831151 ) ) ;
#4561 = VECTOR ( 'NONE', #4150, 1000.000000000000000 ) ;
#4562 = CARTESIAN_POINT ( 'NONE',  ( 0.8436897371696876480, -0.1478946242935122724, 0.4606624060642782736 ) ) ;
#4563 = DIRECTION ( 'NONE',  ( 0.2050930954896879599, 0.000000000000000000, -0.9787424697960427356 ) ) ;
#4564 = EDGE_LOOP ( 'NONE', ( #1159, #6379, #3293, #8857 ) ) ;
#4565 = EDGE_CURVE ( 'NONE', #8600, #2945, #10261, .T. ) ;
#4566 = ADVANCED_FACE ( 'NONE', ( #3117 ), #4895, .F. ) ;
#4567 = CARTESIAN_POINT ( 'NONE',  ( -1.569990560170321015, -3.006278401112418225E-16, -1.603221574679142503 ) ) ;
#4568 = ORIENTED_EDGE ( 'NONE', *, *, #8136, .T. ) ;
#4569 = EDGE_CURVE ( 'NONE', #624, #418, #8697, .T. ) ;
#4570 = VECTOR ( 'NONE', #1811, 999.9999999999998863 ) ;
#4571 = DIRECTION ( 'NONE',  ( -0.8645814692489147690, 0.000000000000000000, -0.5024926696295057837 ) ) ;
#4572 = ADVANCED_FACE ( 'NONE', ( #7917 ), #766, .F. ) ;
#4573 = DIRECTION ( 'NONE',  ( 0.9287121781303303569, 0.000000000000000000, 0.3708014161143639020 ) ) ;
#4574 = FACE_OUTER_BOUND ( 'NONE', #4564, .T. ) ;
#4575 = CARTESIAN_POINT ( 'NONE',  ( 0.1431626797720521871, -0.1458349236714002739, 0.9505402001424618774 ) ) ;
#4576 = CARTESIAN_POINT ( 'NONE',  ( 2.212499041939545386, -3.006278401112418225E-16, 0.3742162021574897413 ) ) ;
#4577 = DIRECTION ( 'NONE',  ( -0.4041033210507340434, 0.000000000000000000, -0.9147133463089773819 ) ) ;
#4578 = ORIENTED_EDGE ( 'NONE', *, *, #916, .F. ) ;
#4579 = ORIENTED_EDGE ( 'NONE', *, *, #8057, .F. ) ;
#4580 = CARTESIAN_POINT ( 'NONE',  ( -0.4468946144997016368, -0.1458670832290543395, 2.102473859139058376 ) ) ;
#4581 = DIRECTION ( 'NONE',  ( 0.000000000000000000, -1.000000000000000000, 0.000000000000000000 ) ) ;
#4582 = ORIENTED_EDGE ( 'NONE', *, *, #7994, .F. ) ;
#4583 = VERTEX_POINT ( 'NONE', #6708 ) ;
#4584 = EDGE_CURVE ( 'NONE', #9438, #5999, #2778, .T. ) ;
#4585 = LINE ( 'NONE', #2845, #4378 ) ;
#4586 = DIRECTION ( 'NONE',  ( 0.8776908234681632948, 0.000000000000000000, -0.4792273139124871295 ) ) ;
#4587 = LINE ( 'NONE', #502, #678 ) ;
#4588 = AXIS2_PLACEMENT_3D ( 'NONE', #8856, #9683, #5793 ) ;
#4589 = DIRECTION ( 'NONE',  ( -0.000000000000000000, 1.000000000000000000, -0.000000000000000000 ) ) ;
#4590 = CARTESIAN_POINT ( 'NONE',  ( -0.9068775087697282800, -2.981555974335137194E-16, -0.3187403473895294992 ) ) ;
#4591 = DIRECTION ( 'NONE',  ( -0.9978417078911512306, 0.000000000000000000, -0.06566525712178676588 ) ) ;
#4592 = VERTEX_POINT ( 'NONE', #2578 ) ;
#4593 = DIRECTION ( 'NONE',  ( 0.000000000000000000, -1.000000000000000000, 0.000000000000000000 ) ) ;
#4594 = FACE_OUTER_BOUND ( 'NONE', #5913, .T. ) ;
#4595 = VERTEX_POINT ( 'NONE', #9933 ) ;
#4596 = ORIENTED_EDGE ( 'NONE', *, *, #9443, .T. ) ;
#4597 = LINE ( 'NONE', #5285, #4044 ) ;
#4598 = DIRECTION ( 'NONE',  ( 0.08654807566954357545, 0.000000000000000000, 0.9962476753287302644 ) ) ;
#4599 = FACE_OUTER_BOUND ( 'NONE', #5085, .T. ) ;
#4600 = CARTESIAN_POINT ( 'NONE',  ( 1.430330258545887467, -0.1491166960093065208, -1.728972275089637467 ) ) ;
#4601 = ORIENTED_EDGE ( 'NONE', *, *, #8009, .T. ) ;
#4602 = CARTESIAN_POINT ( 'NONE',  ( -1.597348465557282493, 2.000000000000000000, 1.438259018540720691 ) ) ;
#4603 = EDGE_CURVE ( 'NONE', #2776, #8960, #1847, .T. ) ;
#4604 = CARTESIAN_POINT ( 'NONE',  ( 1.861473433499359009, 2.000000000000000000, 1.074722187920221117 ) ) ;
#4605 = ORIENTED_EDGE ( 'NONE', *, *, #3223, .F. ) ;
#4606 = DIRECTION ( 'NONE',  ( 0.3654446344290512294, 0.000000000000000000, 0.9308330780365602353 ) ) ;
#4607 = ORIENTED_EDGE ( 'NONE', *, *, #5595, .T. ) ;
#4608 = DIRECTION ( 'NONE',  ( 0.1696083962828272285, 0.000000000000000000, 0.9855115381924086648 ) ) ;
#4609 = AXIS2_PLACEMENT_3D ( 'NONE', #2029, #1200, #5348 ) ;
#4610 = ORIENTED_EDGE ( 'NONE', *, *, #8194, .F. ) ;
#4611 = CARTESIAN_POINT ( 'NONE',  ( 0.7026215908543839150, 2.000000000000000000, 0.6560069550177355380 ) ) ;
#4612 = LINE ( 'NONE', #9158, #9872 ) ;
#4613 = ADVANCED_FACE ( 'NONE', ( #2676 ), #2630, .F. ) ;
#4614 = FACE_OUTER_BOUND ( 'NONE', #6125, .T. ) ;
#4615 = EDGE_LOOP ( 'NONE', ( #9948, #3649, #9619, #2551 ) ) ;
#4616 = PLANE ( 'NONE',  #4751 ) ;
#4617 = ORIENTED_EDGE ( 'NONE', *, *, #2618, .T. ) ;
#4618 = AXIS2_PLACEMENT_3D ( 'NONE', #829, #8181, #1033 ) ;
#4619 = DIRECTION ( 'NONE',  ( 0.000000000000000000, -1.000000000000000000, 0.000000000000000000 ) ) ;
#4620 = CARTESIAN_POINT ( 'NONE',  ( 0.3324718211827753511, -0.1499342098531314116, -0.9019338740095058649 ) ) ;
#4621 = DIRECTION ( 'NONE',  ( 0.9229756359820519007, 0.000000000000000000, -0.3848583835432542455 ) ) ;
#4622 = CARTESIAN_POINT ( 'NONE',  ( 0.6411484854770967967, 2.000000000000000000, -0.7162058674269654590 ) ) ;
#4623 = EDGE_CURVE ( 'NONE', #9332, #7723, #6559, .T. ) ;
#4624 = EDGE_CURVE ( 'NONE', #4229, #6465, #4362, .T. ) ;
#4625 = EDGE_CURVE ( 'NONE', #2113, #9173, #4149, .T. ) ;
#4626 = CARTESIAN_POINT ( 'NONE',  ( -0.8410217014933268898, 2.000000000000000000, 0.4655155449430833925 ) ) ;
#4627 = DIRECTION ( 'NONE',  ( -0.4041033210507466999, 0.000000000000000000, 0.9147133463089718308 ) ) ;
#4628 = ORIENTED_EDGE ( 'NONE', *, *, #3892, .T. ) ;
#4629 = EDGE_CURVE ( 'NONE', #6715, #4322, #7531, .T. ) ;
#4630 = VERTEX_POINT ( 'NONE', #3365 ) ;
#4631 = CARTESIAN_POINT ( 'NONE',  ( -0.4204692142881605865, -0.1458670832290543395, -2.204176811505030642 ) ) ;
#4632 = VERTEX_POINT ( 'NONE', #2730 ) ;
#4633 = VERTEX_POINT ( 'NONE', #8216 ) ;
#4634 = CARTESIAN_POINT ( 'NONE',  ( -0.9482571523558123161, -0.1483595806240759762, -0.1575772761930885335 ) ) ;
#4635 = DIRECTION ( 'NONE',  ( 0.000000000000000000, -1.000000000000000000, 0.000000000000000000 ) ) ;
#4636 = LINE ( 'NONE', #7703, #7839 ) ;
#4637 = AXIS2_PLACEMENT_3D ( 'NONE', #1458, #3812, #7935 ) ;
#4638 = EDGE_CURVE ( 'NONE', #9993, #9215, #178, .T. ) ;
#4639 = DIRECTION ( 'NONE',  ( 0.7982682711663759978, 0.000000000000000000, 0.6023020564874780325 ) ) ;
#4640 = DIRECTION ( 'NONE',  ( -0.8107068603065827883, 0.000000000000000000, 0.5854522923790143052 ) ) ;
#4641 = DIRECTION ( 'NONE',  ( 0.7982682711663759978, 0.000000000000000000, 0.6023020564874780325 ) ) ;
#4642 = CARTESIAN_POINT ( 'NONE',  ( 1.356673771595322542, 2.000000000000000000, 1.787351687275312795 ) ) ;
#4643 = EDGE_CURVE ( 'NONE', #6460, #8867, #9729, .T. ) ;
#4644 = ORIENTED_EDGE ( 'NONE', *, *, #5336, .F. ) ;
#4645 = DIRECTION ( 'NONE',  ( 0.000000000000000000, -1.000000000000000000, 0.000000000000000000 ) ) ;
#4646 = DIRECTION ( 'NONE',  ( 0.1281906809831506733, 0.000000000000000000, 0.9917495396061830615 ) ) ;
#4647 = ORIENTED_EDGE ( 'NONE', *, *, #1046, .F. ) ;
#4648 = CARTESIAN_POINT ( 'NONE',  ( -2.226228852475059750, -3.006278401112418225E-16, 0.2812381072119601866 ) ) ;
#4649 = VECTOR ( 'NONE', #7570, 1000.000000000000000 ) ;
#4650 = ORIENTED_EDGE ( 'NONE', *, *, #4603, .T. ) ;
#4651 = CARTESIAN_POINT ( 'NONE',  ( -0.9602976163832703804, -2.981555974335137194E-16, 0.04301991323789317728 ) ) ;
#4652 = CARTESIAN_POINT ( 'NONE',  ( -0.6148617368345645762, -2.981555974335137194E-16, 0.7388959801915081504 ) ) ;
#4653 = CARTESIAN_POINT ( 'NONE',  ( -0.9317457544248178847, -0.1496419838468801000, -0.2363727439399770647 ) ) ;
#4654 = LINE ( 'NONE', #1354, #3554 ) ;
#4655 = AXIS2_PLACEMENT_3D ( 'NONE', #5538, #9534, #1495 ) ;
#4656 = VERTEX_POINT ( 'NONE', #5104 ) ;
#4657 = CARTESIAN_POINT ( 'NONE',  ( -2.137669494649469648, 2.000000000000000000, 0.2246781174858904495 ) ) ;
#4658 = DIRECTION ( 'NONE',  ( 0.6669870657328719199, 0.000000000000000000, 0.7450692948612589461 ) ) ;
#4659 = ORIENTED_EDGE ( 'NONE', *, *, #5564, .T. ) ;
#4660 = VERTEX_POINT ( 'NONE', #1120 ) ;
#4661 = VECTOR ( 'NONE', #6342, 1000.000000000000000 ) ;
#4662 = EDGE_CURVE ( 'NONE', #8458, #2030, #5782, .T. ) ;
#4663 = DIRECTION ( 'NONE',  ( -0.6512372304321031313, 0.000000000000000000, -0.7588742120398636049 ) ) ;
#4664 = VECTOR ( 'NONE', #3467, 1000.000000000000000 ) ;
#4665 = ORIENTED_EDGE ( 'NONE', *, *, #2584, .T. ) ;
#4666 = DIRECTION ( 'NONE',  ( -0.9729170569713484484, 0.000000000000000000, -0.2311544943413599840 ) ) ;
#4667 = CARTESIAN_POINT ( 'NONE',  ( 0.8207902148049702751, -2.981555974335137194E-16, -0.5003255422690284782 ) ) ;
#4668 = DIRECTION ( 'NONE',  ( 0.9948188822373297269, 0.000000000000000000, -0.1016631277507719644 ) ) ;
#4669 = FACE_OUTER_BOUND ( 'NONE', #651, .T. ) ;
#4670 = ORIENTED_EDGE ( 'NONE', *, *, #273, .T. ) ;
#4671 = ORIENTED_EDGE ( 'NONE', *, *, #2038, .F. ) ;
#4672 = EDGE_CURVE ( 'NONE', #6276, #5098, #1796, .T. ) ;
#4673 = CARTESIAN_POINT ( 'NONE',  ( -0.5508761081120430170, 2.000000000000000000, -0.7877548720748829281 ) ) ;
#4674 = EDGE_CURVE ( 'NONE', #6066, #6568, #4202, .T. ) ;
#4675 = LINE ( 'NONE', #3104, #2070 ) ;
#4676 = DIRECTION ( 'NONE',  ( 0.6555985552359877566, 0.000000000000000000, 0.7551096174546353401 ) ) ;
#4677 = DIRECTION ( 'NONE',  ( 0.9147133463089774930, 0.000000000000000000, -0.4041033210507340989 ) ) ;
#4678 = VECTOR ( 'NONE', #6344, 1000.000000000000000 ) ;
#4679 = ORIENTED_EDGE ( 'NONE', *, *, #5916, .F. ) ;
#4680 = VERTEX_POINT ( 'NONE', #5937 ) ;
#4681 = LINE ( 'NONE', #9479, #7386 ) ;
#4682 = VERTEX_POINT ( 'NONE', #4311 ) ;
#4683 = ORIENTED_EDGE ( 'NONE', *, *, #4623, .F. ) ;
#4684 = CARTESIAN_POINT ( 'NONE',  ( -1.084202172485504434E-16, 2.000000000000000000, -2.149444375840398269 ) ) ;
#4685 = LINE ( 'NONE', #3740, #7620 ) ;
#4686 = VECTOR ( 'NONE', #1288, 1000.000000000000114 ) ;
#4687 = AXIS2_PLACEMENT_3D ( 'NONE', #3175, #9537, #80 ) ;
#4688 = LINE ( 'NONE', #77, #6679 ) ;
#4689 = AXIS2_PLACEMENT_3D ( 'NONE', #1, #5451, #684 ) ;
#4690 = EDGE_CURVE ( 'NONE', #6328, #7729, #1949, .T. ) ;
#4691 = CARTESIAN_POINT ( 'NONE',  ( -2.014635500889847108, 2.000000000000000000, 0.7492362266910436164 ) ) ;
#4692 = CARTESIAN_POINT ( 'NONE',  ( 0.4478004200876929408, 2.000000000000000000, -0.8505862735405930186 ) ) ;
#4693 = LINE ( 'NONE', #5539, #9755 ) ;
#4694 = CARTESIAN_POINT ( 'NONE',  ( -1.712096752485716245, -2.981555974335137194E-16, -1.299552167079023102 ) ) ;
#4695 = ORIENTED_EDGE ( 'NONE', *, *, #4547, .F. ) ;
#4696 = LINE ( 'NONE', #3914, #7012 ) ;
#4697 = EDGE_LOOP ( 'NONE', ( #8918, #6784, #6235, #8222 ) ) ;
#4698 = LINE ( 'NONE', #9442, #5758 ) ;
#4699 = VERTEX_POINT ( 'NONE', #3523 ) ;
#4700 = ORIENTED_EDGE ( 'NONE', *, *, #1040, .F. ) ;
#4701 = EDGE_CURVE ( 'NONE', #1895, #9229, #8317, .T. ) ;
#4702 = EDGE_CURVE ( 'NONE', #5098, #2358, #1167, .T. ) ;
#4703 = CARTESIAN_POINT ( 'NONE',  ( 0.4428924704590213590, -2.981555974335137194E-16, -0.8531520876005002085 ) ) ;
#4704 = EDGE_CURVE ( 'NONE', #6460, #7360, #7433, .T. ) ;
#4705 = DIRECTION ( 'NONE',  ( 0.9564829166099524382, 0.000000000000000000, -0.2917883312151442476 ) ) ;
#4706 = CARTESIAN_POINT ( 'NONE',  ( -0.4428924704590269101, 2.000000000000000000, 0.8531520876004972109 ) ) ;
#4707 = EDGE_CURVE ( 'NONE', #8623, #7029, #545, .T. ) ;
#4708 = CARTESIAN_POINT ( 'NONE',  ( 0.9554158832770628385, 2.000000000000000000, 2.030362102316358275 ) ) ;
#4709 = ORIENTED_EDGE ( 'NONE', *, *, #3399, .F. ) ;
#4710 = CARTESIAN_POINT ( 'NONE',  ( -17.49999999999997868, 4.200000000000000178, 3.600000000000000089 ) ) ;
#4711 = FACE_OUTER_BOUND ( 'NONE', #1902, .T. ) ;
#4712 = ORIENTED_EDGE ( 'NONE', *, *, #7942, .T. ) ;
#4713 = DIRECTION ( 'NONE',  ( -0.000000000000000000, 1.000000000000000000, 0.000000000000000000 ) ) ;
#4714 = ORIENTED_EDGE ( 'NONE', *, *, #5799, .F. ) ;
#4715 = VECTOR ( 'NONE', #3466, 1000.000000000000000 ) ;
#4716 = EDGE_CURVE ( 'NONE', #9013, #4197, #3626, .T. ) ;
#4717 = DIRECTION ( 'NONE',  ( 0.9581481342830545644, 0.000000000000000000, 0.2862728641871276070 ) ) ;
#4718 = ORIENTED_EDGE ( 'NONE', *, *, #405, .F. ) ;
#4719 = VECTOR ( 'NONE', #8858, 1000.000000000000114 ) ;
#4720 = CARTESIAN_POINT ( 'NONE',  ( 0.5174051459242458018, -2.981555974335137194E-16, 0.8101321743626138661 ) ) ;
#4721 = CARTESIAN_POINT ( 'NONE',  ( 0.9473335580173301018, -0.1459623876292454603, 0.1630378938180099269 ) ) ;
#4722 = ORIENTED_EDGE ( 'NONE', *, *, #3160, .T. ) ;
#4723 = DIRECTION ( 'NONE',  ( 0.9623838978496845886, 0.000000000000000000, -0.2716932703613542111 ) ) ;
#4724 = ORIENTED_EDGE ( 'NONE', *, *, #5465, .F. ) ;
#4725 = CARTESIAN_POINT ( 'NONE',  ( -1.814835910835292720, 2.000000000000000000, -1.151729890892199126 ) ) ;
#4726 = LINE ( 'NONE', #8098, #481 ) ;
#4727 = PLANE ( 'NONE',  #7910 ) ;
#4728 = LINE ( 'NONE', #10250, #2994 ) ;
#4729 = DIRECTION ( 'NONE',  ( -0.3261448337396457009, 0.000000000000000000, -0.9453198122460667596 ) ) ;
#4730 = ORIENTED_EDGE ( 'NONE', *, *, #9646, .T. ) ;
#4731 = ADVANCED_FACE ( 'NONE', ( #648 ), #3831, .F. ) ;
#4732 = VECTOR ( 'NONE', #3926, 999.9999999999998863 ) ;
#4733 = VECTOR ( 'NONE', #6972, 1000.000000000000227 ) ;
#4734 = ORIENTED_EDGE ( 'NONE', *, *, #406, .F. ) ;
#4735 = CARTESIAN_POINT ( 'NONE',  ( 1.121961427204649198, 2.000000000000000000, 1.943294196050997291 ) ) ;
#4736 = EDGE_LOOP ( 'NONE', ( #2814, #587, #3244, #5109 ) ) ;
#4737 = FACE_OUTER_BOUND ( 'NONE', #5453, .T. ) ;
#4738 = CARTESIAN_POINT ( 'NONE',  ( 0.000000000000000000, -0.1418147860772172864, 2.149444375840398713 ) ) ;
#4739 = DIRECTION ( 'NONE',  ( 0.000000000000000000, -1.000000000000000000, 0.000000000000000000 ) ) ;
#4740 = VECTOR ( 'NONE', #6623, 1000.000000000000000 ) ;
#4741 = DIRECTION ( 'NONE',  ( 0.6669870657328770269, 0.000000000000000000, -0.7450692948612543942 ) ) ;
#4742 = DIRECTION ( 'NONE',  ( 0.7309375656651574404, 0.000000000000000000, 0.6824443384624812037 ) ) ;
#4743 = CARTESIAN_POINT ( 'NONE',  ( 0.5127291109526593837, 2.000000000000000000, -0.8130996763915738779 ) ) ;
#4744 = FACE_OUTER_BOUND ( 'NONE', #9828, .T. ) ;
#4745 = VERTEX_POINT ( 'NONE', #9310 ) ;
#4746 = DIRECTION ( 'NONE',  ( -0.000000000000000000, 1.000000000000000000, -0.000000000000000000 ) ) ;
#4747 = ORIENTED_EDGE ( 'NONE', *, *, #9845, .F. ) ;
#4748 = ORIENTED_EDGE ( 'NONE', *, *, #130, .T. ) ;
#4749 = VERTEX_POINT ( 'NONE', #593 ) ;
#4750 = DIRECTION ( 'NONE',  ( 0.7124542072270260151, 0.000000000000000000, 0.7017186064260444445 ) ) ;
#4751 = AXIS2_PLACEMENT_3D ( 'NONE', #6338, #2986, #5563 ) ;
#4752 = DIRECTION ( 'NONE',  ( -0.9434250914643573793, 0.000000000000000000, 0.3315857306873577492 ) ) ;
#4753 = CARTESIAN_POINT ( 'NONE',  ( -0.8742577899074841508, -2.981555974335137194E-16, 1.963615146004430878 ) ) ;
#4754 = VECTOR ( 'NONE', #3958, 1000.000000000000000 ) ;
#4755 = LINE ( 'NONE', #3237, #2547 ) ;
#4756 = EDGE_CURVE ( 'NONE', #2274, #634, #4415, .T. ) ;
#4757 = EDGE_CURVE ( 'NONE', #2030, #2672, #4517, .T. ) ;
#4758 = VERTEX_POINT ( 'NONE', #3729 ) ;
#4759 = PLANE ( 'NONE',  #3629 ) ;
#4760 = ADVANCED_FACE ( 'NONE', ( #7019 ), #7746, .F. ) ;
#4761 = DIRECTION ( 'NONE',  ( -0.000000000000000000, 1.000000000000000000, 0.000000000000000000 ) ) ;
#4762 = EDGE_LOOP ( 'NONE', ( #9589, #8742, #3899, #7218 ) ) ;
#4763 = VECTOR ( 'NONE', #9368, 1000.000000000000114 ) ;
#4764 = CARTESIAN_POINT ( 'NONE',  ( 3.000384657911015863E-16, 0.000000000000000000, 2.450000000000000178 ) ) ;
#4765 = ADVANCED_FACE ( 'NONE', ( #5201 ), #5367, .F. ) ;
#4766 = EDGE_LOOP ( 'NONE', ( #6767, #3013, #8931, #5320 ) ) ;
#4767 = LINE ( 'NONE', #7119, #9516 ) ;
#4768 = ORIENTED_EDGE ( 'NONE', *, *, #7766, .F. ) ;
#4769 = CARTESIAN_POINT ( 'NONE',  ( 0.2944111163135983977, 2.000000000000000000, -0.9150651996209711037 ) ) ;
#4770 = ADVANCED_FACE ( 'NONE', ( #6082 ), #9981, .F. ) ;
#4771 = LINE ( 'NONE', #4035, #3469 ) ;
#4772 = ORIENTED_EDGE ( 'NONE', *, *, #8891, .F. ) ;
#4773 = AXIS2_PLACEMENT_3D ( 'NONE', #7533, #1330, #4521 ) ;
#4774 = DIRECTION ( 'NONE',  ( 0.000000000000000000, -1.000000000000000000, 0.000000000000000000 ) ) ;
#4775 = DIRECTION ( 'NONE',  ( 0.1224747460865599907, 0.000000000000000000, 0.9924716301089078208 ) ) ;
#4776 = CARTESIAN_POINT ( 'NONE',  ( 0.3750546960483663872, 2.000000000000000000, -0.8850741211550896548 ) ) ;
#4777 = FACE_OUTER_BOUND ( 'NONE', #8551, .T. ) ;
#4778 = DIRECTION ( 'NONE',  ( 0.9896890471220229912, 0.000000000000000000, 0.1432326429509068189 ) ) ;
#4779 = LINE ( 'NONE', #2268, #1042 ) ;
#4780 = ORIENTED_EDGE ( 'NONE', *, *, #4569, .T. ) ;
#4781 = EDGE_LOOP ( 'NONE', ( #630, #7838, #8408, #6847 ) ) ;
#4782 = VECTOR ( 'NONE', #9237, 1000.000000000000114 ) ;
#4783 = CARTESIAN_POINT ( 'NONE',  ( -0.5833806464172469619, 2.000000000000000000, -0.7639955800606321734 ) ) ;
#4784 = DIRECTION ( 'NONE',  ( 0.9287121781303381285, 0.000000000000000000, -0.3708014161143444731 ) ) ;
#4785 = ORIENTED_EDGE ( 'NONE', *, *, #7941, .F. ) ;
#4786 = LINE ( 'NONE', #5480, #8034 ) ;
#4787 = LINE ( 'NONE', #3263, #10243 ) ;
#4788 = EDGE_CURVE ( 'NONE', #972, #2653, #2991, .T. ) ;
#4789 = LINE ( 'NONE', #861, #9338 ) ;
#4790 = CARTESIAN_POINT ( 'NONE',  ( -1.765014549298234092, -0.1478946242935113842, 1.226717068275106737 ) ) ;
#4791 = LINE ( 'NONE', #7862, #3150 ) ;
#4792 = CARTESIAN_POINT ( 'NONE',  ( -0.6105945004202858462, -0.1442935096704878739, 0.7424261451638731746 ) ) ;
#4793 = CARTESIAN_POINT ( 'NONE',  ( -0.9194294835318239656, -2.981555974335137194E-16, 0.2804846694184730538 ) ) ;
#4794 = ORIENTED_EDGE ( 'NONE', *, *, #4110, .T. ) ;
#4795 = DIRECTION ( 'NONE',  ( 0.000000000000000000, -1.000000000000000000, 0.000000000000000000 ) ) ;
#4796 = ORIENTED_EDGE ( 'NONE', *, *, #4584, .F. ) ;
#4797 = EDGE_LOOP ( 'NONE', ( #1943, #4975, #6407, #7401 ) ) ;
#4798 = ORIENTED_EDGE ( 'NONE', *, *, #8172, .T. ) ;
#4799 = LINE ( 'NONE', #4703, #4719 ) ;
#4800 = VECTOR ( 'NONE', #194, 1000.000000000000227 ) ;
#4801 = VECTOR ( 'NONE', #5428, 1000.000000000000000 ) ;
#4802 = CARTESIAN_POINT ( 'NONE',  ( 0.9194294835318259640, -0.1454566137144368831, -0.2804846694184667810 ) ) ;
#4803 = CARTESIAN_POINT ( 'NONE',  ( 0.9303684665555613797, -2.981555974335137194E-16, 0.2417369260279451093 ) ) ;
#4804 = ADVANCED_FACE ( 'NONE', ( #6866 ), #6028, .F. ) ;
#4805 = CARTESIAN_POINT ( 'NONE',  ( 1.712096752485707141, -0.1487670180785271301, 1.299552167079035092 ) ) ;
#4806 = ORIENTED_EDGE ( 'NONE', *, *, #3375, .T. ) ;
#4807 = DIRECTION ( 'NONE',  ( 0.9888474094770519640, 0.000000000000000000, -0.1489322019259884111 ) ) ;
#4808 = DIRECTION ( 'NONE',  ( -0.8427808753721385271, 0.000000000000000000, -0.5382568124111127839 ) ) ;
#4809 = EDGE_CURVE ( 'NONE', #4155, #1035, #7795, .T. ) ;
#4810 = VECTOR ( 'NONE', #2530, 1000.000000000000000 ) ;
#4811 = ORIENTED_EDGE ( 'NONE', *, *, #5578, .F. ) ;
#4812 = ORIENTED_EDGE ( 'NONE', *, *, #4495, .F. ) ;
#4813 = EDGE_CURVE ( 'NONE', #634, #4104, #8581, .T. ) ;
#4814 = LINE ( 'NONE', #10288, #9345 ) ;
#4815 = VECTOR ( 'NONE', #7202, 1000.000000000000000 ) ;
#4816 = EDGE_CURVE ( 'NONE', #8428, #2722, #10030, .T. ) ;
#4817 = VERTEX_POINT ( 'NONE', #2054 ) ;
#4818 = CARTESIAN_POINT ( 'NONE',  ( 2.194887756272258628, -0.1459816899409636104, -0.4665377947248381951 ) ) ;
#4819 = LINE ( 'NONE', #8730, #10000 ) ;
#4820 = CARTESIAN_POINT ( 'NONE',  ( 0.000000000000000000, 4.200000000000000178, 0.000000000000000000 ) ) ;
#4821 = VECTOR ( 'NONE', #2281, 1000.000000000000000 ) ;
#4822 = ORIENTED_EDGE ( 'NONE', *, *, #9999, .F. ) ;
#4823 = CARTESIAN_POINT ( 'NONE',  ( -2.126385852261804210, -3.523657060577889411E-16, -0.3139973441492158179 ) ) ;
#4824 = DIRECTION ( 'NONE',  ( -0.3261448337396586350, 0.000000000000000000, 0.9453198122460623187 ) ) ;
#4825 = LINE ( 'NONE', #2461, #9181 ) ;
#4826 = EDGE_CURVE ( 'NONE', #4047, #5334, #3779, .T. ) ;
#4827 = EDGE_CURVE ( 'NONE', #6765, #10253, #1276, .T. ) ;
#4828 = EDGE_CURVE ( 'NONE', #9971, #2235, #9258, .T. ) ;
#4829 = FACE_OUTER_BOUND ( 'NONE', #4030, .T. ) ;
#4830 = VECTOR ( 'NONE', #3574, 1000.000000000000000 ) ;
#4831 = CARTESIAN_POINT ( 'NONE',  ( 1.814835910835308042, 2.000000000000000000, -1.151729890892173813 ) ) ;
#4832 = CARTESIAN_POINT ( 'NONE',  ( -0.6105945004202706361, 2.000000000000000000, -0.7424261451638854981 ) ) ;
#4833 = FACE_OUTER_BOUND ( 'NONE', #3710, .T. ) ;
#4834 = EDGE_LOOP ( 'NONE', ( #1676, #193, #602, #4212 ) ) ;
#4835 = ORIENTED_EDGE ( 'NONE', *, *, #8963, .F. ) ;
#4836 = CARTESIAN_POINT ( 'NONE',  ( 0.8742577899074981396, -3.523657060577889411E-16, -1.963615146004424883 ) ) ;
#4837 = DIRECTION ( 'NONE',  ( 0.9382822259387135766, 0.000000000000000000, 0.3458705892201486276 ) ) ;
#4838 = ORIENTED_EDGE ( 'NONE', *, *, #631, .T. ) ;
#4839 = CARTESIAN_POINT ( 'NONE',  ( -0.7294759924352679503, 2.000000000000000000, -0.6260087870205718330 ) ) ;
#4840 = EDGE_CURVE ( 'NONE', #8117, #6071, #7692, .T. ) ;
#4841 = CARTESIAN_POINT ( 'NONE',  ( 0.7793006826606462267, 2.000000000000000000, 0.5627723082837652324 ) ) ;
#4842 = AXIS2_PLACEMENT_3D ( 'NONE', #68, #9520, #7134 ) ;
#4843 = LINE ( 'NONE', #10313, #55 ) ;
#4844 = DIRECTION ( 'NONE',  ( -0.8073204149380985850, 0.000000000000000000, 0.5901133345588596146 ) ) ;
#4845 = CARTESIAN_POINT ( 'NONE',  ( -0.4067776771157957660, -0.1491166960093056604, 0.8709501400003700766 ) ) ;
#4846 = ORIENTED_EDGE ( 'NONE', *, *, #7181, .F. ) ;
#4847 = CARTESIAN_POINT ( 'NONE',  ( -1.712096752485724904, -2.981555974335137194E-16, 1.299552167079011555 ) ) ;
#4848 = ORIENTED_EDGE ( 'NONE', *, *, #4410, .T. ) ;
#4849 = ORIENTED_EDGE ( 'NONE', *, *, #3618, .T. ) ;
#4850 = CARTESIAN_POINT ( 'NONE',  ( 0.9396752671476390484, 2.000000000000000000, -0.2025650939263719807 ) ) ;
#4851 = VECTOR ( 'NONE', #4494, 1000.000000000000227 ) ;
#4852 = ORIENTED_EDGE ( 'NONE', *, *, #7542, .F. ) ;
#4853 = VECTOR ( 'NONE', #4099, 1000.000000000000000 ) ;
#4854 = DIRECTION ( 'NONE',  ( -0.5204888928356530275, 0.000000000000000000, -0.8538684397696848505 ) ) ;
#4855 = AXIS2_PLACEMENT_3D ( 'NONE', #9506, #8035, #8821 ) ;
#4856 = LINE ( 'NONE', #7878, #8977 ) ;
#4857 = CARTESIAN_POINT ( 'NONE',  ( -0.7026215908543882449, 2.000000000000000000, -0.6560069550177308750 ) ) ;
#4858 = DIRECTION ( 'NONE',  ( 0.9623838978496807028, 0.000000000000000000, 0.2716932703613678113 ) ) ;
#4859 = VECTOR ( 'NONE', #1264, 1000.000000000000000 ) ;
#4860 = ORIENTED_EDGE ( 'NONE', *, *, #801, .F. ) ;
#4861 = DIRECTION ( 'NONE',  ( 0.000000000000000000, 0.000000000000000000, 1.000000000000000000 ) ) ;
#4862 = AXIS2_PLACEMENT_3D ( 'NONE', #4845, #4061, #9437 ) ;
#4863 = DIRECTION ( 'NONE',  ( -0.5509898714915056894, 0.000000000000000000, 0.8345119301206987972 ) ) ;
#4864 = ORIENTED_EDGE ( 'NONE', *, *, #2500, .F. ) ;
#4865 = EDGE_CURVE ( 'NONE', #2745, #2672, #8628, .T. ) ;
#4866 = VERTEX_POINT ( 'NONE', #2267 ) ;
#4867 = FACE_OUTER_BOUND ( 'NONE', #6986, .T. ) ;
#4868 = EDGE_CURVE ( 'NONE', #9314, #6624, #7077, .T. ) ;
#4869 = VERTEX_POINT ( 'NONE', #8837 ) ;
#4870 = CARTESIAN_POINT ( 'NONE',  ( 0.9605295310403396680, -2.981555974335137194E-16, -0.03748659714900877404 ) ) ;
#4871 = CARTESIAN_POINT ( 'NONE',  ( 2.226228852475056197, -3.006278401112418225E-16, 0.2812381072119906067 ) ) ;
#4872 = DIRECTION ( 'NONE',  ( 0.7309375656651716513, 0.000000000000000000, -0.6824443384624659936 ) ) ;
#4873 = ORIENTED_EDGE ( 'NONE', *, *, #4501, .T. ) ;
#4874 = EDGE_LOOP ( 'NONE', ( #781, #10060, #9541, #1755 ) ) ;
#4875 = DIRECTION ( 'NONE',  ( 0.000000000000000000, -1.000000000000000000, 0.000000000000000000 ) ) ;
#4876 = DIRECTION ( 'NONE',  ( 0.000000000000000000, -1.000000000000000000, 0.000000000000000000 ) ) ;
#4877 = FACE_OUTER_BOUND ( 'NONE', #4282, .T. ) ;
#4878 = CARTESIAN_POINT ( 'NONE',  ( 2.092653697217584874, -2.981555974335137194E-16, -0.4908274934775900822 ) ) ;
#4879 = DIRECTION ( 'NONE',  ( 0.08080691660716181335, 0.000000000000000000, -0.9967297739249305621 ) ) ;
#4880 = CARTESIAN_POINT ( 'NONE',  ( -1.904845299228161259, 2.000000000000000000, -0.9958290570375517570 ) ) ;
#4881 = AXIS2_PLACEMENT_3D ( 'NONE', #8379, #556, #8539 ) ;
#4882 = DIRECTION ( 'NONE',  ( 0.000000000000000000, -1.000000000000000000, 0.000000000000000000 ) ) ;
#4883 = EDGE_CURVE ( 'NONE', #4528, #7581, #1480, .T. ) ;
#4884 = ADVANCED_FACE ( 'NONE', ( #7274 ), #9569, .F. ) ;
#4885 = LINE ( 'NONE', #2338, #8776 ) ;
#4886 = EDGE_CURVE ( 'NONE', #9680, #2132, #2367, .T. ) ;
#4887 = EDGE_LOOP ( 'NONE', ( #2340, #8791, #9740, #4904 ) ) ;
#4888 = CARTESIAN_POINT ( 'NONE',  ( -0.6988304498647912588, 2.000000000000000000, -0.6600441101230736241 ) ) ;
#4889 = EDGE_LOOP ( 'NONE', ( #6078, #1065, #6703, #4085 ) ) ;
#4890 = EDGE_CURVE ( 'NONE', #8997, #1464, #5672, .T. ) ;
#4891 = VECTOR ( 'NONE', #5158, 1000.000000000000000 ) ;
#4892 = CARTESIAN_POINT ( 'NONE',  ( 0.9317457544248208823, -2.981555974335137194E-16, -0.2363727439399643249 ) ) ;
#4893 = FACE_OUTER_BOUND ( 'NONE', #7104, .T. ) ;
#4894 = VECTOR ( 'NONE', #7106, 1000.000000000000114 ) ;
#4895 = PLANE ( 'NONE',  #5018 ) ;
#4896 = VECTOR ( 'NONE', #4458, 1000.000000000000000 ) ;
#4897 = DIRECTION ( 'NONE',  ( 0.4792273139124932357, 0.000000000000000000, 0.8776908234681599641 ) ) ;
#4898 = CARTESIAN_POINT ( 'NONE',  ( -0.6705776782266715808, -2.981555974335137194E-16, 0.6887291212301926979 ) ) ;
#4899 = VECTOR ( 'NONE', #2769, 1000.000000000000000 ) ;
#4900 = VECTOR ( 'NONE', #8326, 1000.000000000000000 ) ;
#4901 = ORIENTED_EDGE ( 'NONE', *, *, #8345, .F. ) ;
#4902 = CARTESIAN_POINT ( 'NONE',  ( -0.09772477418980740627, -2.981555974335137194E-16, -0.9562803425125593337 ) ) ;
#4903 = ORIENTED_EDGE ( 'NONE', *, *, #8890, .F. ) ;
#4904 = ORIENTED_EDGE ( 'NONE', *, *, #2844, .F. ) ;
#4905 = AXIS2_PLACEMENT_3D ( 'NONE', #3730, #9934, #7693 ) ;
#4906 = EDGE_CURVE ( 'NONE', #6301, #4229, #7176, .T. ) ;
#4907 = LINE ( 'NONE', #8118, #4926 ) ;
#4908 = ORIENTED_EDGE ( 'NONE', *, *, #2196, .F. ) ;
#4909 = CARTESIAN_POINT ( 'NONE',  ( 0.8207902148049702751, 2.000000000000000000, -0.5003255422690284782 ) ) ;
#4910 = VECTOR ( 'NONE', #2229, 1000.000000000000000 ) ;
#4911 = DIRECTION ( 'NONE',  ( 0.000000000000000000, -1.000000000000000000, 0.000000000000000000 ) ) ;
#4912 = LINE ( 'NONE', #932, #9714 ) ;
#4913 = EDGE_LOOP ( 'NONE', ( #6172, #703, #1313, #6781 ) ) ;
#4914 = CARTESIAN_POINT ( 'NONE',  ( -0.1828415940552460262, -2.981555974335137194E-16, -0.9437113840839918000 ) ) ;
#4915 = LINE ( 'NONE', #8082, #1937 ) ;
#4916 = ORIENTED_EDGE ( 'NONE', *, *, #9761, .T. ) ;
#4917 = AXIS2_PLACEMENT_3D ( 'NONE', #755, #8331, #8528 ) ;
#4918 = EDGE_LOOP ( 'NONE', ( #959, #1772, #9678, #5125 ) ) ;
#4919 = EDGE_LOOP ( 'NONE', ( #8818, #6639, #6630, #9212 ) ) ;
#4920 = VECTOR ( 'NONE', #6822, 1000.000000000000000 ) ;
#4921 = CARTESIAN_POINT ( 'NONE',  ( -0.7793006826606502235, 2.000000000000000000, -0.5627723082837599033 ) ) ;
#4922 = VECTOR ( 'NONE', #2577, 1000.000000000000114 ) ;
#4923 = ADVANCED_FACE ( 'NONE', ( #5470 ), #7846, .F. ) ;
#4924 = AXIS2_PLACEMENT_3D ( 'NONE', #2906, #7655, #1445 ) ;
#4925 = VERTEX_POINT ( 'NONE', #4880 ) ;
#4926 = VECTOR ( 'NONE', #8023, 1000.000000000000114 ) ;
#4927 = DIRECTION ( 'NONE',  ( 0.9888474094770519640, 0.000000000000000000, -0.1489322019259884111 ) ) ;
#4928 = CARTESIAN_POINT ( 'NONE',  ( 2.236053101125675457, -3.006278401112418225E-16, 0.1877666250610898202 ) ) ;
#4929 = LINE ( 'NONE', #9089, #8798 ) ;
#4930 = VERTEX_POINT ( 'NONE', #4043 ) ;
#4931 = ORIENTED_EDGE ( 'NONE', *, *, #4707, .F. ) ;
#4932 = FACE_OUTER_BOUND ( 'NONE', #9071, .T. ) ;
#4933 = DIRECTION ( 'NONE',  ( -0.9999958508255876177, 0.000000000000000000, -0.002880682490151775365 ) ) ;
#4934 = CARTESIAN_POINT ( 'NONE',  ( -0.9533299039201579284, 2.000000000000000000, -0.1232246698432157977 ) ) ;
#4935 = CARTESIAN_POINT ( 'NONE',  ( -0.5127291109526480595, -0.1461575717926111573, -0.8130996763915810943 ) ) ;
#4936 = DIRECTION ( 'NONE',  ( -0.8427808753721456325, 0.000000000000000000, 0.5382568124111016816 ) ) ;
#4937 = DIRECTION ( 'NONE',  ( 0.9035967632308861130, 0.000000000000000000, 0.4283840443791830377 ) ) ;
#4938 = EDGE_CURVE ( 'NONE', #2727, #291, #9507, .T. ) ;
#4939 = FACE_OUTER_BOUND ( 'NONE', #3113, .T. ) ;
#4940 = AXIS2_PLACEMENT_3D ( 'NONE', #2580, #1070, #4952 ) ;
#4941 = ORIENTED_EDGE ( 'NONE', *, *, #201, .F. ) ;
#4942 = CARTESIAN_POINT ( 'NONE',  ( 2.111371806538503204, -2.981555974335137194E-16, 0.4027657127738898946 ) ) ;
#4943 = DIRECTION ( 'NONE',  ( 0.9382822259387136876, 0.000000000000000000, 0.3458705892201485721 ) ) ;
#4944 = VERTEX_POINT ( 'NONE', #1532 ) ;
#4945 = DIRECTION ( 'NONE',  ( 0.9948188822373283946, 0.000000000000000000, 0.1016631277507859255 ) ) ;
#4946 = LINE ( 'NONE', #8110, #7916 ) ;
#4947 = EDGE_CURVE ( 'NONE', #9690, #8610, #4728, .T. ) ;
#4948 = EDGE_CURVE ( 'NONE', #7127, #8878, #1689, .T. ) ;
#4949 = EDGE_CURVE ( 'NONE', #3495, #4680, #3158, .T. ) ;
#4950 = CARTESIAN_POINT ( 'NONE',  ( 0.3699492575029141861, -0.1496419838468801000, -0.8872202499038382983 ) ) ;
#4951 = PLANE ( 'NONE',  #3056 ) ;
#4952 = DIRECTION ( 'NONE',  ( -0.08080691660715476343, 0.000000000000000000, 0.9967297739249311173 ) ) ;
#4953 = EDGE_CURVE ( 'NONE', #7827, #4682, #5570, .T. ) ;
#4954 = VECTOR ( 'NONE', #2982, 1000.000000000000000 ) ;
#4955 = VERTEX_POINT ( 'NONE', #1585 ) ;
#4956 = FACE_OUTER_BOUND ( 'NONE', #6564, .T. ) ;
#4957 = EDGE_LOOP ( 'NONE', ( #2081, #8513, #7924, #3763 ) ) ;
#4958 = ORIENTED_EDGE ( 'NONE', *, *, #5968, .T. ) ;
#4959 = DIRECTION ( 'NONE',  ( -0.9623838978496825902, 0.000000000000000000, 0.2716932703613611499 ) ) ;
#4960 = FACE_OUTER_BOUND ( 'NONE', #1574, .T. ) ;
#4961 = ORIENTED_EDGE ( 'NONE', *, *, #7181, .T. ) ;
#4962 = DIRECTION ( 'NONE',  ( 0.1696083962828411618, 0.000000000000000000, -0.9855115381924063334 ) ) ;
#4963 = VECTOR ( 'NONE', #8389, 1000.000000000000000 ) ;
#4964 = EDGE_CURVE ( 'NONE', #9033, #7733, #1636, .T. ) ;
#4965 = EDGE_CURVE ( 'NONE', #8820, #2685, #9470, .T. ) ;
#4966 = LINE ( 'NONE', #4160, #6719 ) ;
#4967 = EDGE_CURVE ( 'NONE', #1701, #7851, #7227, .T. ) ;
#4968 = CARTESIAN_POINT ( 'NONE',  ( -0.9408267182697724884, -2.981555974335137194E-16, 0.1971479423075904180 ) ) ;
#4969 = VERTEX_POINT ( 'NONE', #8687 ) ;
#4970 = DIRECTION ( 'NONE',  ( 0.9817433889756569387, 0.000000000000000000, -0.1902101947914253133 ) ) ;
#4971 = LINE ( 'NONE', #6626, #3278 ) ;
#4972 = ORIENTED_EDGE ( 'NONE', *, *, #7460, .T. ) ;
#4973 = AXIS2_PLACEMENT_3D ( 'NONE', #5771, #8101, #4136 ) ;
#4974 = ORIENTED_EDGE ( 'NONE', *, *, #3356, .F. ) ;
#4975 = ORIENTED_EDGE ( 'NONE', *, *, #9205, .T. ) ;
#4976 = VERTEX_POINT ( 'NONE', #7905 ) ;
#4977 = ADVANCED_FACE ( 'NONE', ( #3998 ), #4091, .F. ) ;
#4978 = AXIS2_PLACEMENT_3D ( 'NONE', #4381, #3592, #5907 ) ;
#4979 = VERTEX_POINT ( 'NONE', #5927 ) ;
#4980 = CARTESIAN_POINT ( 'NONE',  ( 2.148972967168877091, -2.981555974335137194E-16, -0.04501456663474825981 ) ) ;
#4981 = DIRECTION ( 'NONE',  ( 0.8875345109941240596, 0.000000000000000000, -0.4607412416904103081 ) ) ;
#4982 = ORIENTED_EDGE ( 'NONE', *, *, #10088, .T. ) ;
#4983 = ORIENTED_EDGE ( 'NONE', *, *, #7416, .T. ) ;
#4984 = CARTESIAN_POINT ( 'NONE',  ( 1.656175356194951709, -2.981555974335137194E-16, 1.370107409791088582 ) ) ;
#4985 = EDGE_CURVE ( 'NONE', #6301, #6193, #9772, .T. ) ;
#4986 = CARTESIAN_POINT ( 'NONE',  ( -0.3376626519355386269, -0.1443895770494173503, 0.9000034213569669816 ) ) ;
#4987 = AXIS2_PLACEMENT_3D ( 'NONE', #8906, #1801, #4154 ) ;
#4988 = CARTESIAN_POINT ( 'NONE',  ( -0.6411484854770866937, -2.981555974335137194E-16, -0.7162058674269742298 ) ) ;
#4989 = DIRECTION ( 'NONE',  ( -0.5333923310692277875, 0.000000000000000000, -0.8458679691042422233 ) ) ;
#4990 = CARTESIAN_POINT ( 'NONE',  ( 0.7821687833936933343, -0.1456470276146848986, -2.103188477247110111 ) ) ;
#4991 = PLANE ( 'NONE',  #5413 ) ;
#4992 = CARTESIAN_POINT ( 'NONE',  ( -1.471395926836244206, -0.1499342098531314116, 1.566877516375045465 ) ) ;
#4993 = AXIS2_PLACEMENT_3D ( 'NONE', #4802, #4705, #7978 ) ;
#4994 = VERTEX_POINT ( 'NONE', #1006 ) ;
#4995 = LINE ( 'NONE', #4888, #4218 ) ;
#4996 = VERTEX_POINT ( 'NONE', #3512 ) ;
#4997 = EDGE_CURVE ( 'NONE', #3290, #3579, #7422, .T. ) ;
#4998 = EDGE_CURVE ( 'NONE', #838, #3938, #6597, .T. ) ;
#4999 = AXIS2_PLACEMENT_3D ( 'NONE', #7319, #10298, #9613 ) ;
#5000 = CARTESIAN_POINT ( 'NONE',  ( -0.2944111163136047260, -2.981555974335137194E-16, 0.9150651996209688832 ) ) ;
#5001 = CARTESIAN_POINT ( 'NONE',  ( 0.4428924704590213590, 2.000000000000000000, -0.8531520876005002085 ) ) ;
#5002 = CARTESIAN_POINT ( 'NONE',  ( -1.280637217848580534, -0.1483595806240759762, -1.842595477255284830 ) ) ;
#5003 = DIRECTION ( 'NONE',  ( -0.6512372304321031313, 0.000000000000000000, -0.7588742120398636049 ) ) ;
#5004 = LINE ( 'NONE', #2528, #10085 ) ;
#5005 = DIRECTION ( 'NONE',  ( -0.8458679691042347848, 0.000000000000000000, -0.5333923310692394448 ) ) ;
#5006 = ORIENTED_EDGE ( 'NONE', *, *, #5532, .T. ) ;
#5007 = VERTEX_POINT ( 'NONE', #8939 ) ;
#5008 = CARTESIAN_POINT ( 'NONE',  ( 1.944875419031320884, 2.000000000000000000, 0.9151889036038773906 ) ) ;
#5009 = ORIENTED_EDGE ( 'NONE', *, *, #2907, .T. ) ;
#5010 = CARTESIAN_POINT ( 'NONE',  ( 0.6745345522507391056, -2.981555974335137194E-16, -0.6848542639031178769 ) ) ;
#5011 = EDGE_CURVE ( 'NONE', #103, #7153, #2516, .T. ) ;
#5012 = CARTESIAN_POINT ( 'NONE',  ( -0.3376626519355324652, -2.981555974335137194E-16, -0.9000034213569690911 ) ) ;
#5013 = CARTESIAN_POINT ( 'NONE',  ( 0.9210301919172665386, 2.000000000000000000, 0.2751828674594944957 ) ) ;
#5014 = DIRECTION ( 'NONE',  ( 0.000000000000000000, -1.000000000000000000, 0.000000000000000000 ) ) ;
#5015 = ORIENTED_EDGE ( 'NONE', *, *, #8893, .T. ) ;
#5016 = LINE ( 'NONE', #8970, #2118 ) ;
#5017 = CARTESIAN_POINT ( 'NONE',  ( 2.044243080056986628, -0.1458349236714011621, -0.6642148405983152593 ) ) ;
#5018 = AXIS2_PLACEMENT_3D ( 'NONE', #1648, #8064, #6306 ) ;
#5019 = EDGE_LOOP ( 'NONE', ( #9366, #1319, #10305, #1401 ) ) ;
#5020 = EDGE_CURVE ( 'NONE', #2682, #2975, #5825, .T. ) ;
#5021 = EDGE_CURVE ( 'NONE', #2424, #103, #5874, .T. ) ;
#5022 = ADVANCED_FACE ( 'NONE', ( #8204 ), #269, .F. ) ;
#5023 = DIRECTION ( 'NONE',  ( -0.9382822259387206820, 0.000000000000000000, 0.3458705892201293097 ) ) ;
#5024 = ORIENTED_EDGE ( 'NONE', *, *, #8926, .F. ) ;
#5025 = VERTEX_POINT ( 'NONE', #319 ) ;
#5026 = EDGE_CURVE ( 'NONE', #5558, #5087, #1059, .T. ) ;
#5027 = ORIENTED_EDGE ( 'NONE', *, *, #2347, .T. ) ;
#5028 = AXIS2_PLACEMENT_3D ( 'NONE', #8625, #3155, #5566 ) ;
#5029 = DIRECTION ( 'NONE',  ( -0.3315857306873645216, 0.000000000000000000, 0.9434250914643549368 ) ) ;
#5030 = ORIENTED_EDGE ( 'NONE', *, *, #6990, .F. ) ;
#5031 = CARTESIAN_POINT ( 'NONE',  ( 0.1431626797720521871, -2.981555974335137194E-16, 0.9505402001424618774 ) ) ;
#5032 = DIRECTION ( 'NONE',  ( -0.6866441927842366066, 0.000000000000000000, 0.7269936399417014083 ) ) ;
#5033 = ORIENTED_EDGE ( 'NONE', *, *, #779, .T. ) ;
#5034 = DIRECTION ( 'NONE',  ( -0.7947849549988932338, 0.000000000000000000, -0.6068911560629361990 ) ) ;
#5035 = CARTESIAN_POINT ( 'NONE',  ( 1.039600561562708414, -0.1432581301189111422, -1.988572465096277053 ) ) ;
#5036 = ORIENTED_EDGE ( 'NONE', *, *, #4967, .F. ) ;
#5037 = EDGE_CURVE ( 'NONE', #99, #9556, #5718, .T. ) ;
#5038 = ORIENTED_EDGE ( 'NONE', *, *, #307, .F. ) ;
#5039 = CARTESIAN_POINT ( 'NONE',  ( 0.4117887667798597606, -0.1421340054777718021, 0.8685921001945094977 ) ) ;
#5040 = CARTESIAN_POINT ( 'NONE',  ( 0.04699317460288526815, -0.1418147860772172864, 2.243430725046168916 ) ) ;
#5041 = LINE ( 'NONE', #1106, #9490 ) ;
#5042 = CARTESIAN_POINT ( 'NONE',  ( -1.597348465557272057, 2.000000000000000000, -1.438259018540731571 ) ) ;
#5043 = DIRECTION ( 'NONE',  ( -0.002880682490137731477, 0.000000000000000000, -0.9999958508255877287 ) ) ;
#5044 = PLANE ( 'NONE',  #7385 ) ;
#5045 = CARTESIAN_POINT ( 'NONE',  ( 0.9602976163832700474, -0.1442935096704878739, 0.04301991323790607669 ) ) ;
#5046 = VERTEX_POINT ( 'NONE', #5772 ) ;
#5047 = CARTESIAN_POINT ( 'NONE',  ( -2.173425891652588149, 2.000000000000000000, 0.5580409214696936404 ) ) ;
#5048 = ORIENTED_EDGE ( 'NONE', *, *, #7594, .T. ) ;
#5049 = LINE ( 'NONE', #4255, #2025 ) ;
#5050 = DIRECTION ( 'NONE',  ( 0.000000000000000000, 0.000000000000000000, -1.000000000000000000 ) ) ;
#5051 = VECTOR ( 'NONE', #7418, 999.9999999999998863 ) ;
#5052 = DIRECTION ( 'NONE',  ( 0.03899732433763213046, 0.000000000000000000, 0.9992393150264382573 ) ) ;
#5053 = ADVANCED_FACE ( 'NONE', ( #9717 ), #3460, .F. ) ;
#5054 = LINE ( 'NONE', #9888, #9886 ) ;
#5055 = DIRECTION ( 'NONE',  ( -0.9997162067481564218, 0.000000000000000000, 0.02382238369847172396 ) ) ;
#5056 = ORIENTED_EDGE ( 'NONE', *, *, #2421, .T. ) ;
#5057 = CARTESIAN_POINT ( 'NONE',  ( -17.49999999999997868, 0.000000000000000000, 3.600000000000000089 ) ) ;
#5058 = VECTOR ( 'NONE', #5795, 1000.000000000000114 ) ;
#5059 = ORIENTED_EDGE ( 'NONE', *, *, #3088, .F. ) ;
#5060 = CARTESIAN_POINT ( 'NONE',  ( 0.9612567592082511547, 2.000000000000000000, 0.002769087004222362414 ) ) ;
#5061 = ORIENTED_EDGE ( 'NONE', *, *, #6292, .T. ) ;
#5062 = CARTESIAN_POINT ( 'NONE',  ( -2.126385852261806431, -0.1451609609644690935, 0.3139973441492014405 ) ) ;
#5063 = VECTOR ( 'NONE', #3206, 1000.000000000000000 ) ;
#5064 = DIRECTION ( 'NONE',  ( -0.2050930954896811875, 0.000000000000000000, 0.9787424697960442899 ) ) ;
#5065 = CARTESIAN_POINT ( 'NONE',  ( -1.944875419031333319, -2.981555974335137194E-16, 0.9151889036038499681 ) ) ;
#5066 = VECTOR ( 'NONE', #7139, 1000.000000000000000 ) ;
#5067 = LINE ( 'NONE', #8230, #2552 ) ;
#5068 = ORIENTED_EDGE ( 'NONE', *, *, #10162, .T. ) ;
#5069 = DIRECTION ( 'NONE',  ( -0.9948188822373291718, 0.000000000000000000, -0.1016631277507789172 ) ) ;
#5070 = DIRECTION ( 'NONE',  ( 0.9942166556096166952, 0.000000000000000000, -0.1073929313708710531 ) ) ;
#5071 = ORIENTED_EDGE ( 'NONE', *, *, #5271, .F. ) ;
#5072 = CARTESIAN_POINT ( 'NONE',  ( 0.8207902148049668334, 2.000000000000000000, 0.5003255422690341403 ) ) ;
#5073 = VECTOR ( 'NONE', #7522, 1000.000000000000000 ) ;
#5074 = EDGE_LOOP ( 'NONE', ( #5293, #3086, #7122, #5840 ) ) ;
#5075 = EDGE_LOOP ( 'NONE', ( #1265, #8946, #7455, #6074 ) ) ;
#5076 = ORIENTED_EDGE ( 'NONE', *, *, #5011, .F. ) ;
#5077 = ADVANCED_FACE ( 'NONE', ( #4191 ), #5044, .F. ) ;
#5078 = EDGE_CURVE ( 'NONE', #5650, #5764, #9871, .T. ) ;
#5079 = ADVANCED_FACE ( 'NONE', ( #2720 ), #4991, .F. ) ;
#5080 = CARTESIAN_POINT ( 'NONE',  ( 0.8947733005277508367, -2.981555974335137194E-16, -0.3512875825147562803 ) ) ;
#5081 = EDGE_LOOP ( 'NONE', ( #9139, #3054, #7425, #2448 ) ) ;
#5082 = CARTESIAN_POINT ( 'NONE',  ( -1.404491242304771292, 2.000000000000000000, 1.627118764909655679 ) ) ;
#5083 = CARTESIAN_POINT ( 'NONE',  ( -1.944875419031326880, -0.1438055149296439406, -0.9151889036038635128 ) ) ;
#5084 = ADVANCED_FACE ( 'NONE', ( #4349 ), #1157, .F. ) ;
#5085 = EDGE_LOOP ( 'NONE', ( #6302, #9451, #4063, #9596 ) ) ;
#5086 = LINE ( 'NONE', #2712, #6318 ) ;
#5087 = VERTEX_POINT ( 'NONE', #166 ) ;
#5088 = ORIENTED_EDGE ( 'NONE', *, *, #10162, .F. ) ;
#5089 = DIRECTION ( 'NONE',  ( -0.7686738296558919270, 0.000000000000000000, 0.6396409489722689745 ) ) ;
#5090 = CARTESIAN_POINT ( 'NONE',  ( -0.5127291109526648238, -2.981555974335137194E-16, 0.8130996763915704362 ) ) ;
#5091 = CARTESIAN_POINT ( 'NONE',  ( -0.8622402173287510019, -0.1487670180785271301, -0.4249282675784877839 ) ) ;
#5092 = AXIS2_PLACEMENT_3D ( 'NONE', #1429, #1223, #2890 ) ;
#5093 = DIRECTION ( 'NONE',  ( -0.8538684397696886252, 0.000000000000000000, 0.5204888928356472544 ) ) ;
#5094 = EDGE_CURVE ( 'NONE', #5765, #6453, #3355, .T. ) ;
#5095 = VERTEX_POINT ( 'NONE', #9923 ) ;
#5096 = CARTESIAN_POINT ( 'NONE',  ( 0.8436897371696876480, -2.981555974335137194E-16, 0.4606624060642782736 ) ) ;
#5097 = FACE_OUTER_BOUND ( 'NONE', #4957, .T. ) ;
#5098 = VERTEX_POINT ( 'NONE', #2768 ) ;
#5099 = VECTOR ( 'NONE', #8311, 1000.000000000000114 ) ;
#5100 = CARTESIAN_POINT ( 'NONE',  ( -2.173425891652588149, -3.006278401112418225E-16, 0.5580409214696927522 ) ) ;
#5101 = ORIENTED_EDGE ( 'NONE', *, *, #3873, .F. ) ;
#5102 = CARTESIAN_POINT ( 'NONE',  ( 1.335122602884941889, 2.000000000000000000, 1.684505494231960387 ) ) ;
#5103 = PLANE ( 'NONE',  #7573 ) ;
#5104 = CARTESIAN_POINT ( 'NONE',  ( 0.6934102960788446346, -3.006278401112418225E-16, -2.134097452749624146 ) ) ;
#5105 = CARTESIAN_POINT ( 'NONE',  ( -0.1798608697331002260, 2.000000000000000000, 2.141905971878965254 ) ) ;
#5106 = FACE_OUTER_BOUND ( 'NONE', #4195, .T. ) ;
#5107 = ORIENTED_EDGE ( 'NONE', *, *, #212, .T. ) ;
#5108 = CARTESIAN_POINT ( 'NONE',  ( 0.000000000000000000, 3.200000000000000622, 0.000000000000000000 ) ) ;
#5109 = ORIENTED_EDGE ( 'NONE', *, *, #10327, .F. ) ;
#5110 = FACE_OUTER_BOUND ( 'NONE', #2871, .T. ) ;
#5111 = ORIENTED_EDGE ( 'NONE', *, *, #1637, .F. ) ;
#5112 = ORIENTED_EDGE ( 'NONE', *, *, #1607, .F. ) ;
#5113 = VECTOR ( 'NONE', #6458, 1000.000000000000000 ) ;
#5114 = LINE ( 'NONE', #4159, #9696 ) ;
#5115 = ADVANCED_FACE ( 'NONE', ( #5971 ), #367, .F. ) ;
#5116 = DIRECTION ( 'NONE',  ( 1.000000000000000000, 0.000000000000000000, -0.000000000000000000 ) ) ;
#5117 = CARTESIAN_POINT ( 'NONE',  ( 1.189484353158725805, 2.000000000000000000, -1.790317876362320870 ) ) ;
#5118 = AXIS2_PLACEMENT_3D ( 'NONE', #8667, #10328, #4808 ) ;
#5119 = CARTESIAN_POINT ( 'NONE',  ( -0.4117887667798655338, -0.1421340054777718021, -0.8685921001945069442 ) ) ;
#5120 = ORIENTED_EDGE ( 'NONE', *, *, #5916, .T. ) ;
#5121 = CARTESIAN_POINT ( 'NONE',  ( -0.9317457544248178847, 2.000000000000000000, -0.2363727439399770647 ) ) ;
#5122 = DIRECTION ( 'NONE',  ( 0.9729170569713533334, 0.000000000000000000, -0.2311544943413395836 ) ) ;
#5123 = VERTEX_POINT ( 'NONE', #4326 ) ;
#5124 = CIRCLE ( 'NONE', #4618, 2.450000000000000178 ) ;
#5125 = ORIENTED_EDGE ( 'NONE', *, *, #4964, .T. ) ;
#5126 = VERTEX_POINT ( 'NONE', #5065 ) ;
#5127 = ADVANCED_FACE ( 'NONE', ( #9745 ), #349, .F. ) ;
#5128 = ORIENTED_EDGE ( 'NONE', *, *, #7543, .T. ) ;
#5129 = EDGE_CURVE ( 'NONE', #1139, #9681, #1028, .T. ) ;
#5130 = ORIENTED_EDGE ( 'NONE', *, *, #8664, .T. ) ;
#5131 = CARTESIAN_POINT ( 'NONE',  ( -0.05759418846821597049, 2.000000000000000000, 0.9595338109837893148 ) ) ;
#5132 = ORIENTED_EDGE ( 'NONE', *, *, #3871, .T. ) ;
#5133 = FACE_OUTER_BOUND ( 'NONE', #2092, .T. ) ;
#5134 = ORIENTED_EDGE ( 'NONE', *, *, #2744, .T. ) ;
#5135 = ORIENTED_EDGE ( 'NONE', *, *, #631, .F. ) ;
#5136 = DIRECTION ( 'NONE',  ( -0.9992393150264382573, 0.000000000000000000, 0.03899732433763213046 ) ) ;
#5137 = DIRECTION ( 'NONE',  ( -0.9207430172529504908, 0.000000000000000000, 0.3901695736214356169 ) ) ;
#5138 = EDGE_CURVE ( 'NONE', #328, #990, #9119, .T. ) ;
#5139 = VECTOR ( 'NONE', #7513, 1000.000000000000000 ) ;
#5140 = DIRECTION ( 'NONE',  ( 0.9828229611194677640, 0.000000000000000000, 0.1845508794245127593 ) ) ;
#5141 = DIRECTION ( 'NONE',  ( 0.000000000000000000, -1.000000000000000000, 0.000000000000000000 ) ) ;
#5142 = ORIENTED_EDGE ( 'NONE', *, *, #6209, .F. ) ;
#5143 = LINE ( 'NONE', #5355, #7222 ) ;
#5144 = CARTESIAN_POINT ( 'NONE',  ( -0.7793006826606502235, -2.981555974335137194E-16, -0.5627723082837599033 ) ) ;
#5145 = VECTOR ( 'NONE', #1212, 1000.000000000000114 ) ;
#5146 = ORIENTED_EDGE ( 'NONE', *, *, #4351, .T. ) ;
#5147 = EDGE_CURVE ( 'NONE', #9033, #510, #6673, .T. ) ;
#5148 = LINE ( 'NONE', #4305, #5099 ) ;
#5149 = EDGE_CURVE ( 'NONE', #9733, #8985, #4428, .T. ) ;
#5150 = DIRECTION ( 'NONE',  ( 0.000000000000000000, -1.000000000000000000, 0.000000000000000000 ) ) ;
#5151 = EDGE_LOOP ( 'NONE', ( #253, #5600, #9091, #2061 ) ) ;
#5152 = DIRECTION ( 'NONE',  ( 0.5901133345588597257, 0.000000000000000000, 0.8073204149380984740 ) ) ;
#5153 = DIRECTION ( 'NONE',  ( -0.9828229611194716497, 0.000000000000000000, 0.1845508794244922202 ) ) ;
#5154 = VECTOR ( 'NONE', #5432, 1000.000000000000000 ) ;
#5155 = FACE_OUTER_BOUND ( 'NONE', #10145, .T. ) ;
#5156 = DIRECTION ( 'NONE',  ( 0.000000000000000000, -1.000000000000000000, 0.000000000000000000 ) ) ;
#5157 = ORIENTED_EDGE ( 'NONE', *, *, #4165, .T. ) ;
#5158 = DIRECTION ( 'NONE',  ( -0.7164852230950616852, 0.000000000000000000, 0.6976022685502245579 ) ) ;
#5159 = ORIENTED_EDGE ( 'NONE', *, *, #9980, .T. ) ;
#5160 = VECTOR ( 'NONE', #902, 1000.000000000000227 ) ;
#5161 = LINE ( 'NONE', #3684, #1411 ) ;
#5162 = ORIENTED_EDGE ( 'NONE', *, *, #1932, .F. ) ;
#5163 = ORIENTED_EDGE ( 'NONE', *, *, #7053, .T. ) ;
#5164 = EDGE_CURVE ( 'NONE', #6417, #640, #9900, .T. ) ;
#5165 = CARTESIAN_POINT ( 'NONE',  ( -0.2558339143048253272, 2.000000000000000000, -0.9265911899310602662 ) ) ;
#5166 = CARTESIAN_POINT ( 'NONE',  ( -0.9317457544248178847, -2.981555974335137194E-16, -0.2363727439399770647 ) ) ;
#5167 = LINE ( 'NONE', #5993, #7892 ) ;
#5168 = VECTOR ( 'NONE', #1275, 999.9999999999998863 ) ;
#5169 = CARTESIAN_POINT ( 'NONE',  ( 0.7026215908543975708, -2.981555974335137194E-16, -0.6560069550177208830 ) ) ;
#5170 = ORIENTED_EDGE ( 'NONE', *, *, #8998, .T. ) ;
#5171 = DIRECTION ( 'NONE',  ( 0.3062760203559155570, 0.000000000000000000, -0.9519427500406433262 ) ) ;
#5172 = LINE ( 'NONE', #5996, #10102 ) ;
#5173 = VERTEX_POINT ( 'NONE', #9847 ) ;
#5174 = ORIENTED_EDGE ( 'NONE', *, *, #1206, .T. ) ;
#5175 = VERTEX_POINT ( 'NONE', #7548 ) ;
#5176 = ORIENTED_EDGE ( 'NONE', *, *, #2767, .T. ) ;
#5177 = VECTOR ( 'NONE', #2378, 1000.000000000000114 ) ;
#5178 = VERTEX_POINT ( 'NONE', #2742 ) ;
#5179 = CARTESIAN_POINT ( 'NONE',  ( -0.9554158832770744958, -0.1432581301189111422, -2.030362102316350281 ) ) ;
#5180 = EDGE_CURVE ( 'NONE', #410, #1760, #5167, .T. ) ;
#5181 = CARTESIAN_POINT ( 'NONE',  ( 0.9086988294849319692, -2.981555974335137194E-16, 0.3135102267217150240 ) ) ;
#5182 = ORIENTED_EDGE ( 'NONE', *, *, #1129, .F. ) ;
#5183 = CARTESIAN_POINT ( 'NONE',  ( 1.712096752485734230, -2.981555974335137194E-16, -1.299552167078999343 ) ) ;
#5184 = ORIENTED_EDGE ( 'NONE', *, *, #9529, .F. ) ;
#5185 = ORIENTED_EDGE ( 'NONE', *, *, #1249, .F. ) ;
#5186 = VECTOR ( 'NONE', #6583, 999.9999999999998863 ) ;
#5187 = VECTOR ( 'NONE', #6826, 1000.000000000000000 ) ;
#5188 = DIRECTION ( 'NONE',  ( 0.9729170569713533334, 0.000000000000000000, -0.2311544943413396114 ) ) ;
#5189 = VECTOR ( 'NONE', #7008, 1000.000000000000000 ) ;
#5190 = CARTESIAN_POINT ( 'NONE',  ( 1.113470241830511132, -2.981555974335137194E-16, -1.838557898296875548 ) ) ;
#5191 = VERTEX_POINT ( 'NONE', #2688 ) ;
#5192 = LINE ( 'NONE', #3718, #3220 ) ;
#5193 = VECTOR ( 'NONE', #8989, 1000.000000000000000 ) ;
#5194 = FACE_OUTER_BOUND ( 'NONE', #6065, .T. ) ;
#5195 = AXIS2_PLACEMENT_3D ( 'NONE', #4499, #7669, #8294 ) ;
#5196 = DIRECTION ( 'NONE',  ( -0.9729170569713516681, 0.000000000000000000, 0.2311544943413465503 ) ) ;
#5197 = VERTEX_POINT ( 'NONE', #8382 ) ;
#5198 = DIRECTION ( 'NONE',  ( -0.8645814692489147690, 0.000000000000000000, -0.5024926696295057837 ) ) ;
#5199 = VERTEX_POINT ( 'NONE', #5117 ) ;
#5200 = DIRECTION ( 'NONE',  ( -0.000000000000000000, -1.000000000000000000, -0.000000000000000000 ) ) ;
#5201 = FACE_OUTER_BOUND ( 'NONE', #3798, .T. ) ;
#5202 = EDGE_CURVE ( 'NONE', #7800, #9925, #3589, .T. ) ;
#5203 = EDGE_CURVE ( 'NONE', #338, #8620, #5797, .T. ) ;
#5204 = EDGE_CURVE ( 'NONE', #722, #4211, #8229, .T. ) ;
#5205 = PLANE ( 'NONE',  #7569 ) ;
#5206 = FACE_OUTER_BOUND ( 'NONE', #5019, .T. ) ;
#5207 = EDGE_LOOP ( 'NONE', ( #9572, #4958, #1161, #1717 ) ) ;
#5208 = CARTESIAN_POINT ( 'NONE',  ( 0.9612567592082511547, -2.981555974335137194E-16, -0.002769087004202684145 ) ) ;
#5209 = EDGE_CURVE ( 'NONE', #2059, #3176, #9166, .T. ) ;
#5210 = ORIENTED_EDGE ( 'NONE', *, *, #8256, .F. ) ;
#5211 = DIRECTION ( 'NONE',  ( 0.2311544943413395836, 0.000000000000000000, 0.9729170569713533334 ) ) ;
#5212 = DIRECTION ( 'NONE',  ( -0.9308330780365577928, 0.000000000000000000, -0.3654446344290575022 ) ) ;
#5213 = ORIENTED_EDGE ( 'NONE', *, *, #4643, .T. ) ;
#5214 = ORIENTED_EDGE ( 'NONE', *, *, #7732, .T. ) ;
#5215 = AXIS2_PLACEMENT_3D ( 'NONE', #1592, #3841, #9430 ) ;
#5216 = FACE_OUTER_BOUND ( 'NONE', #7974, .T. ) ;
#5217 = LINE ( 'NONE', #1235, #2394 ) ;
#5218 = AXIS2_PLACEMENT_3D ( 'NONE', #3374, #1130, #4324 ) ;
#5219 = CARTESIAN_POINT ( 'NONE',  ( 0.3324718211827691894, -2.981555974335137194E-16, 0.9019338740095081963 ) ) ;
#5220 = CARTESIAN_POINT ( 'NONE',  ( 0.3584601446948488812, 2.000000000000000000, 2.119343636482123205 ) ) ;
#5221 = EDGE_CURVE ( 'NONE', #2663, #9030, #4217, .T. ) ;
#5222 = ORIENTED_EDGE ( 'NONE', *, *, #2421, .F. ) ;
#5223 = DIRECTION ( 'NONE',  ( -0.9742326696776242301, 0.000000000000000000, -0.2255453509447911398 ) ) ;
#5224 = FACE_OUTER_BOUND ( 'NONE', #1261, .T. ) ;
#5225 = VERTEX_POINT ( 'NONE', #7497 ) ;
#5226 = ORIENTED_EDGE ( 'NONE', *, *, #7373, .T. ) ;
#5227 = ORIENTED_EDGE ( 'NONE', *, *, #2046, .T. ) ;
#5228 = VECTOR ( 'NONE', #8454, 1000.000000000000227 ) ;
#5229 = DIRECTION ( 'NONE',  ( 0.3261448337396521957, 0.000000000000000000, 0.9453198122460645392 ) ) ;
#5230 = LINE ( 'NONE', #8396, #3505 ) ;
#5231 = EDGE_LOOP ( 'NONE', ( #6935, #9930, #6194, #7783 ) ) ;
#5232 = FACE_OUTER_BOUND ( 'NONE', #9425, .T. ) ;
#5233 = CARTESIAN_POINT ( 'NONE',  ( 1.113470241830511132, 2.000000000000000000, -1.838557898296875770 ) ) ;
#5234 = DIRECTION ( 'NONE',  ( 0.9982034669914616742, 0.000000000000000000, 0.05991526087922720289 ) ) ;
#5235 = VECTOR ( 'NONE', #1962, 1000.000000000000000 ) ;
#5236 = VECTOR ( 'NONE', #3001, 1000.000000000000000 ) ;
#5237 = ORIENTED_EDGE ( 'NONE', *, *, #9945, .T. ) ;
#5238 = LINE ( 'NONE', #9137, #4133 ) ;
#5239 = ORIENTED_EDGE ( 'NONE', *, *, #8444, .F. ) ;
#5240 = ORIENTED_EDGE ( 'NONE', *, *, #2068, .F. ) ;
#5241 = ADVANCED_FACE ( 'NONE', ( #5902 ), #7446, .F. ) ;
#5242 = CARTESIAN_POINT ( 'NONE',  ( -0.6705776782266715808, 2.000000000000000000, 0.6887291212301926979 ) ) ;
#5243 = FACE_OUTER_BOUND ( 'NONE', #2269, .T. ) ;
#5244 = VECTOR ( 'NONE', #503, 1000.000000000000000 ) ;
#5245 = EDGE_LOOP ( 'NONE', ( #2387, #6740, #2623, #7571 ) ) ;
#5246 = DIRECTION ( 'NONE',  ( -0.6234027750479897989, 0.000000000000000000, -0.7819008761105626926 ) ) ;
#5247 = PLANE ( 'NONE',  #7635 ) ;
#5248 = ORIENTED_EDGE ( 'NONE', *, *, #6423, .T. ) ;
#5249 = CARTESIAN_POINT ( 'NONE',  ( 0.000000000000000000, 3.200000000000000622, -1.350000000000000089 ) ) ;
#5250 = ORIENTED_EDGE ( 'NONE', *, *, #8672, .F. ) ;
#5251 = VECTOR ( 'NONE', #8000, 999.9999999999998863 ) ;
#5252 = CARTESIAN_POINT ( 'NONE',  ( 1.356673771595322098, -0.1491166960093056604, 1.787351687275313017 ) ) ;
#5253 = VECTOR ( 'NONE', #7220, 1000.000000000000114 ) ;
#5254 = CARTESIAN_POINT ( 'NONE',  ( 2.241954552820973667, -3.006278401112418225E-16, -0.09396573644626063371 ) ) ;
#5255 = EDGE_CURVE ( 'NONE', #8033, #6758, #5217, .T. ) ;
#5256 = CARTESIAN_POINT ( 'NONE',  ( 0.2345538076625444668, -0.1448052212307958664, 2.231630410227371186 ) ) ;
#5257 = VECTOR ( 'NONE', #4310, 1000.000000000000000 ) ;
#5258 = FACE_OUTER_BOUND ( 'NONE', #7101, .T. ) ;
#5259 = FACE_OUTER_BOUND ( 'NONE', #6675, .T. ) ;
#5260 = VECTOR ( 'NONE', #6756, 1000.000000000000000 ) ;
#5261 = EDGE_LOOP ( 'NONE', ( #5646, #8453, #2420, #6008 ) ) ;
#5262 = CARTESIAN_POINT ( 'NONE',  ( 0.4478004200876758434, 2.000000000000000000, 0.8505862735406019004 ) ) ;
#5263 = VERTEX_POINT ( 'NONE', #8281 ) ;
#5264 = CARTESIAN_POINT ( 'NONE',  ( 0.4204692142881445438, -0.1458670832290543395, 2.204176811505033307 ) ) ;
#5265 = ORIENTED_EDGE ( 'NONE', *, *, #7651, .F. ) ;
#5266 = ORIENTED_EDGE ( 'NONE', *, *, #1987, .F. ) ;
#5267 = EDGE_CURVE ( 'NONE', #1974, #4656, #1860, .T. ) ;
#5268 = DIRECTION ( 'NONE',  ( -0.04475363562197141876, 0.000000000000000000, -0.9989980541015160975 ) ) ;
#5269 = ADVANCED_FACE ( 'NONE', ( #9069 ), #1914, .F. ) ;
#5270 = CARTESIAN_POINT ( 'NONE',  ( 0.1774015163344656310, -2.981555974335137194E-16, -0.9447491344100924504 ) ) ;
#5271 = EDGE_CURVE ( 'NONE', #7287, #1013, #6752, .T. ) ;
#5272 = CARTESIAN_POINT ( 'NONE',  ( 0.3584601446948929016, 2.000000000000000000, -2.119343636482115212 ) ) ;
#5273 = LINE ( 'NONE', #256, #5827 ) ;
#5274 = CARTESIAN_POINT ( 'NONE',  ( -2.194887756272251966, -0.1456920279732068779, -0.4665377947248685597 ) ) ;
#5275 = ORIENTED_EDGE ( 'NONE', *, *, #4112, .F. ) ;
#5276 = LINE ( 'NONE', #3643, #2781 ) ;
#5277 = CARTESIAN_POINT ( 'NONE',  ( -0.8597777503361603291, -2.981555974335137194E-16, -0.4298888751680808862 ) ) ;
#5278 = ORIENTED_EDGE ( 'NONE', *, *, #4643, .F. ) ;
#5279 = VERTEX_POINT ( 'NONE', #8605 ) ;
#5280 = VECTOR ( 'NONE', #4260, 1000.000000000000114 ) ;
#5281 = ORIENTED_EDGE ( 'NONE', *, *, #3029, .T. ) ;
#5282 = EDGE_LOOP ( 'NONE', ( #1281, #5300, #5789, #1613 ) ) ;
#5283 = EDGE_CURVE ( 'NONE', #4682, #9953, #5445, .T. ) ;
#5284 = EDGE_CURVE ( 'NONE', #923, #8721, #10169, .T. ) ;
#5285 = CARTESIAN_POINT ( 'NONE',  ( 0.9557185851998458714, -0.1432581301189111422, -1.925282605420701731 ) ) ;
#5286 = EDGE_CURVE ( 'NONE', #8277, #3786, #5342, .T. ) ;
#5287 = DIRECTION ( 'NONE',  ( 0.2458986747546196838, 0.000000000000000000, 0.9692955389115962550 ) ) ;
#5288 = FACE_OUTER_BOUND ( 'NONE', #10132, .T. ) ;
#5289 = EDGE_LOOP ( 'NONE', ( #9974, #4798, #388, #10290 ) ) ;
#5290 = DIRECTION ( 'NONE',  ( 0.4792273139125055037, 0.000000000000000000, -0.8776908234681531917 ) ) ;
#5291 = FACE_OUTER_BOUND ( 'NONE', #8668, .T. ) ;
#5292 = LINE ( 'NONE', #9085, #10275 ) ;
#5293 = ORIENTED_EDGE ( 'NONE', *, *, #5377, .F. ) ;
#5294 = VECTOR ( 'NONE', #2408, 1000.000000000000000 ) ;
#5295 = CARTESIAN_POINT ( 'NONE',  ( 2.145202938358540479, -0.1433794608872670517, 0.1349647290584010950 ) ) ;
#5296 = VERTEX_POINT ( 'NONE', #5501 ) ;
#5297 = VERTEX_POINT ( 'NONE', #9450 ) ;
#5298 = EDGE_CURVE ( 'NONE', #8083, #4283, #4297, .T. ) ;
#5299 = DIRECTION ( 'NONE',  ( -0.4842760365309040083, 0.000000000000000000, 0.8749152647210578504 ) ) ;
#5300 = ORIENTED_EDGE ( 'NONE', *, *, #7691, .T. ) ;
#5301 = CARTESIAN_POINT ( 'NONE',  ( -1.501477460193427760, -3.006278401112418225E-16, 1.667559658024767133 ) ) ;
#5302 = CARTESIAN_POINT ( 'NONE',  ( -1.202353991258283017, -3.006278401112418225E-16, 1.894606728650001237 ) ) ;
#5303 = VERTEX_POINT ( 'NONE', #8505 ) ;
#5304 = VERTEX_POINT ( 'NONE', #573 ) ;
#5305 = CARTESIAN_POINT ( 'NONE',  ( 0.5508761081120377989, 2.000000000000000000, 0.7877548720748867028 ) ) ;
#5306 = ORIENTED_EDGE ( 'NONE', *, *, #6788, .F. ) ;
#5307 = VECTOR ( 'NONE', #4635, 1000.000000000000000 ) ;
#5308 = CARTESIAN_POINT ( 'NONE',  ( 0.7516106207556835228, -2.981555974335137194E-16, 0.5992526176276935512 ) ) ;
#5309 = LINE ( 'NONE', #2885, #2980 ) ;
#5310 = CARTESIAN_POINT ( 'NONE',  ( -0.4478004200876813945, 2.000000000000000000, -0.8505862735405990138 ) ) ;
#5311 = DIRECTION ( 'NONE',  ( 0.3654446344290637749, 0.000000000000000000, -0.9308330780365553503 ) ) ;
#5312 = CARTESIAN_POINT ( 'NONE',  ( -1.966364586822006322, 2.000000000000000000, 1.081018079512506169 ) ) ;
#5313 = AXIS2_PLACEMENT_3D ( 'NONE', #2295, #5504, #7111 ) ;
#5314 = ORIENTED_EDGE ( 'NONE', *, *, #3534, .T. ) ;
#5315 = EDGE_CURVE ( 'NONE', #5225, #2223, #1158, .T. ) ;
#5316 = ORIENTED_EDGE ( 'NONE', *, *, #1544, .F. ) ;
#5317 = EDGE_CURVE ( 'NONE', #10146, #3395, #4654, .T. ) ;
#5318 = LINE ( 'NONE', #4580, #242 ) ;
#5319 = CARTESIAN_POINT ( 'NONE',  ( 0.9557185851998063475, -0.1432581301189111422, 1.925282605420721271 ) ) ;
#5320 = ORIENTED_EDGE ( 'NONE', *, *, #2313, .T. ) ;
#5321 = ORIENTED_EDGE ( 'NONE', *, *, #4603, .F. ) ;
#5322 = LINE ( 'NONE', #2789, #5389 ) ;
#5323 = DIRECTION ( 'NONE',  ( -0.4792273139124871295, 0.000000000000000000, -0.8776908234681632948 ) ) ;
#5324 = EDGE_CURVE ( 'NONE', #3125, #5197, #9397, .T. ) ;
#5325 = VECTOR ( 'NONE', #313, 1000.000000000000114 ) ;
#5326 = DIRECTION ( 'NONE',  ( 0.3901695736214295662, 0.000000000000000000, 0.9207430172529531553 ) ) ;
#5327 = CARTESIAN_POINT ( 'NONE',  ( -0.05759418846819586157, -2.981555974335137194E-16, -0.9595338109837904250 ) ) ;
#5328 = DIRECTION ( 'NONE',  ( -0.7947849549988932338, 0.000000000000000000, -0.6068911560629361990 ) ) ;
#5329 = DIRECTION ( 'NONE',  ( -0.9982034669914630065, 0.000000000000000000, 0.05991526087920628213 ) ) ;
#5330 = ORIENTED_EDGE ( 'NONE', *, *, #7856, .T. ) ;
#5331 = FACE_OUTER_BOUND ( 'NONE', #6983, .T. ) ;
#5332 = CARTESIAN_POINT ( 'NONE',  ( -0.9557185851998321047, 2.000000000000000000, 1.925282605420708615 ) ) ;
#5333 = AXIS2_PLACEMENT_3D ( 'NONE', #5499, #2395, #1610 ) ;
#5334 = VERTEX_POINT ( 'NONE', #8663 ) ;
#5335 = CARTESIAN_POINT ( 'NONE',  ( 0.3376626519355446221, -0.1443895770494173503, -0.9000034213569646502 ) ) ;
#5336 = EDGE_CURVE ( 'NONE', #6431, #8458, #7826, .T. ) ;
#5337 = VERTEX_POINT ( 'NONE', #3809 ) ;
#5338 = ORIENTED_EDGE ( 'NONE', *, *, #4507, .F. ) ;
#5339 = CARTESIAN_POINT ( 'NONE',  ( -1.656175356194961257, -2.981555974335137194E-16, -1.370107409791077036 ) ) ;
#5340 = LINE ( 'NONE', #8502, #9963 ) ;
#5341 = DIRECTION ( 'NONE',  ( -0.000000000000000000, 1.000000000000000000, -0.000000000000000000 ) ) ;
#5342 = LINE ( 'NONE', #623, #8563 ) ;
#5343 = EDGE_CURVE ( 'NONE', #4758, #4930, #6995, .T. ) ;
#5344 = EDGE_CURVE ( 'NONE', #4869, #6276, #7472, .T. ) ;
#5345 = ORIENTED_EDGE ( 'NONE', *, *, #5605, .T. ) ;
#5346 = LINE ( 'NONE', #2756, #5228 ) ;
#5347 = EDGE_CURVE ( 'NONE', #2724, #5685, #9924, .T. ) ;
#5348 = DIRECTION ( 'NONE',  ( 0.9997162067481563108, 0.000000000000000000, 0.02382238369847871490 ) ) ;
#5349 = ORIENTED_EDGE ( 'NONE', *, *, #3294, .T. ) ;
#5350 = EDGE_CURVE ( 'NONE', #5426, #2745, #6698, .T. ) ;
#5351 = ORIENTED_EDGE ( 'NONE', *, *, #3996, .F. ) ;
#5352 = CARTESIAN_POINT ( 'NONE',  ( 0.7821687833936487033, -3.006278401112418225E-16, 2.103188477247126098 ) ) ;
#5353 = AXIS2_PLACEMENT_3D ( 'NONE', #4950, #5981, #9831 ) ;
#5354 = ORIENTED_EDGE ( 'NONE', *, *, #6732, .T. ) ;
#5355 = CARTESIAN_POINT ( 'NONE',  ( -0.06312143415529800072, -2.981555974335137194E-16, 0.9591860661605572380 ) ) ;
#5356 = EDGE_CURVE ( 'NONE', #8024, #5337, #2187, .T. ) ;
#5357 = CARTESIAN_POINT ( 'NONE',  ( 0.1828415940552391705, -0.1460293543205279931, 0.9437113840839930212 ) ) ;
#5358 = CARTESIAN_POINT ( 'NONE',  ( 1.404491242304782173, 2.000000000000000000, -1.627118764909645465 ) ) ;
#5359 = CIRCLE ( 'NONE', #834, 1.999999999999999112 ) ;
#5360 = EDGE_LOOP ( 'NONE', ( #7820, #1397, #655, #1358 ) ) ;
#5361 = VECTOR ( 'NONE', #9666, 1000.000000000000000 ) ;
#5362 = LINE ( 'NONE', #10293, #1074 ) ;
#5363 = ORIENTED_EDGE ( 'NONE', *, *, #4757, .T. ) ;
#5364 = CARTESIAN_POINT ( 'NONE',  ( 2.111371806538511642, -2.981555974335137194E-16, -0.4027657127738456522 ) ) ;
#5365 = DIRECTION ( 'NONE',  ( -0.3315857306873645771, 0.000000000000000000, 0.9434250914643549368 ) ) ;
#5366 = CARTESIAN_POINT ( 'NONE',  ( 1.635749363218329311, -3.006278401112418225E-16, -1.536070895913145273 ) ) ;
#5367 = PLANE ( 'NONE',  #8498 ) ;
#5368 = CARTESIAN_POINT ( 'NONE',  ( 0.7821687833936933343, 2.000000000000000000, -2.103188477247110999 ) ) ;
#5369 = CARTESIAN_POINT ( 'NONE',  ( 0.9396752671476348295, -2.981555974335137194E-16, 0.2025650939263916595 ) ) ;
#5370 = ORIENTED_EDGE ( 'NONE', *, *, #5709, .T. ) ;
#5371 = EDGE_LOOP ( 'NONE', ( #9840, #8909, #6869, #1640 ) ) ;
#5372 = PLANE ( 'NONE',  #6062 ) ;
#5373 = ORIENTED_EDGE ( 'NONE', *, *, #3179, .F. ) ;
#5374 = ORIENTED_EDGE ( 'NONE', *, *, #1177, .T. ) ;
#5375 = DIRECTION ( 'NONE',  ( 0.000000000000000000, -1.000000000000000000, 0.000000000000000000 ) ) ;
#5376 = CARTESIAN_POINT ( 'NONE',  ( 2.009908089764451677, -0.1439148779360118480, -0.9977270404474343213 ) ) ;
#5377 = EDGE_CURVE ( 'NONE', #873, #1175, #2721, .T. ) ;
#5378 = PLANE ( 'NONE',  #837 ) ;
#5379 = CARTESIAN_POINT ( 'NONE',  ( 1.966364586821991667, 2.000000000000000000, 1.081018079512533037 ) ) ;
#5380 = CARTESIAN_POINT ( 'NONE',  ( 2.148151099483870397, 2.000000000000000000, 0.6485650548147249284 ) ) ;
#5381 = LINE ( 'NONE', #7763, #8763 ) ;
#5382 = ORIENTED_EDGE ( 'NONE', *, *, #8724, .T. ) ;
#5383 = DIRECTION ( 'NONE',  ( -0.000000000000000000, 1.000000000000000000, -0.000000000000000000 ) ) ;
#5384 = EDGE_LOOP ( 'NONE', ( #999, #3811, #6918, #4129 ) ) ;
#5385 = ORIENTED_EDGE ( 'NONE', *, *, #5534, .F. ) ;
#5386 = CARTESIAN_POINT ( 'NONE',  ( 0.6988304498648002516, 2.000000000000000000, -0.6600441101230642982 ) ) ;
#5387 = DIRECTION ( 'NONE',  ( 0.000000000000000000, 1.000000000000000000, -0.000000000000000000 ) ) ;
#5388 = DIRECTION ( 'NONE',  ( -0.9942166556096160290, 0.000000000000000000, 0.1073929313708781724 ) ) ;
#5389 = VECTOR ( 'NONE', #9270, 999.9999999999998863 ) ;
#5390 = PLANE ( 'NONE',  #380 ) ;
#5391 = ORIENTED_EDGE ( 'NONE', *, *, #8967, .F. ) ;
#5392 = CARTESIAN_POINT ( 'NONE',  ( 0.1828415940552391705, 2.000000000000000000, 0.9437113840839930212 ) ) ;
#5393 = CARTESIAN_POINT ( 'NONE',  ( -0.4428924704590269101, -2.981555974335137194E-16, 0.8531520876004972109 ) ) ;
#5394 = VERTEX_POINT ( 'NONE', #8304 ) ;
#5395 = VECTOR ( 'NONE', #6713, 1000.000000000000114 ) ;
#5396 = CARTESIAN_POINT ( 'NONE',  ( -1.263411704741976394, -2.981555974335137194E-16, -1.738937028518541261 ) ) ;
#5397 = VERTEX_POINT ( 'NONE', #6944 ) ;
#5398 = AXIS2_PLACEMENT_3D ( 'NONE', #9899, #7344, #2644 ) ;
#5399 = EDGE_CURVE ( 'NONE', #8723, #1386, #4350, .T. ) ;
#5400 = EDGE_CURVE ( 'NONE', #9953, #2027, #9289, .T. ) ;
#5401 = ADVANCED_FACE ( 'NONE', ( #2968 ), #5390, .F. ) ;
#5402 = LINE ( 'NONE', #1318, #3516 ) ;
#5403 = AXIS2_PLACEMENT_3D ( 'NONE', #9570, #8739, #4627 ) ;
#5404 = EDGE_CURVE ( 'NONE', #1930, #414, #9689, .T. ) ;
#5405 = VECTOR ( 'NONE', #1787, 1000.000000000000000 ) ;
#5406 = AXIS2_PLACEMENT_3D ( 'NONE', #1643, #911, #4837 ) ;
#5407 = ORIENTED_EDGE ( 'NONE', *, *, #597, .F. ) ;
#5408 = AXIS2_PLACEMENT_3D ( 'NONE', #7920, #7967, #4100 ) ;
#5409 = CARTESIAN_POINT ( 'NONE',  ( 0.8597777503361603291, -2.981555974335137194E-16, -0.4298888751680808862 ) ) ;
#5410 = EDGE_LOOP ( 'NONE', ( #6888, #4617, #5699, #940 ) ) ;
#5411 = LINE ( 'NONE', #1474, #8907 ) ;
#5412 = ORIENTED_EDGE ( 'NONE', *, *, #6914, .F. ) ;
#5413 = AXIS2_PLACEMENT_3D ( 'NONE', #6647, #5093, #1110 ) ;
#5414 = CARTESIAN_POINT ( 'NONE',  ( -0.8410217014933173418, 2.000000000000000000, -0.4655155449431011006 ) ) ;
#5415 = ADVANCED_FACE ( 'NONE', ( #731 ), #6469, .F. ) ;
#5416 = CARTESIAN_POINT ( 'NONE',  ( -0.9068775087697282800, 2.000000000000000000, -0.3187403473895294992 ) ) ;
#5417 = EDGE_CURVE ( 'NONE', #3229, #933, #7298, .T. ) ;
#5418 = LINE ( 'NONE', #2315, #6247 ) ;
#5419 = CARTESIAN_POINT ( 'NONE',  ( 0.2221997420524818856, 2.000000000000000000, -0.9352269775825530207 ) ) ;
#5420 = LINE ( 'NONE', #8479, #1238 ) ;
#5421 = CARTESIAN_POINT ( 'NONE',  ( -1.861473433499367891, 2.000000000000000000, -1.074722187920208682 ) ) ;
#5422 = ORIENTED_EDGE ( 'NONE', *, *, #2318, .F. ) ;
#5423 = ORIENTED_EDGE ( 'NONE', *, *, #4219, .F. ) ;
#5424 = CARTESIAN_POINT ( 'NONE',  ( -0.5124017362655467478, -0.1460357895205570966, -2.184635950727863207 ) ) ;
#5425 = ORIENTED_EDGE ( 'NONE', *, *, #8253, .T. ) ;
#5426 = VERTEX_POINT ( 'NONE', #6322 ) ;
#5427 = DIRECTION ( 'NONE',  ( 0.2661441392786939031, 0.000000000000000000, -0.9639332430866793811 ) ) ;
#5428 = DIRECTION ( 'NONE',  ( -0.04475363562198530348, 0.000000000000000000, 0.9989980541015155424 ) ) ;
#5429 = PLANE ( 'NONE',  #5690 ) ;
#5430 = AXIS2_PLACEMENT_3D ( 'NONE', #10245, #9513, #2311 ) ;
#5431 = CARTESIAN_POINT ( 'NONE',  ( 0.5833806464172578421, 2.000000000000000000, -0.7639955800606238467 ) ) ;
#5432 = DIRECTION ( 'NONE',  ( 0.000000000000000000, -1.000000000000000000, 0.000000000000000000 ) ) ;
#5433 = DIRECTION ( 'NONE',  ( -0.9978417078911512306, 0.000000000000000000, -0.06566525712178676588 ) ) ;
#5434 = CARTESIAN_POINT ( 'NONE',  ( 0.5127291109526538326, -2.981555974335137194E-16, 0.8130996763915773196 ) ) ;
#5435 = ORIENTED_EDGE ( 'NONE', *, *, #271, .T. ) ;
#5436 = LINE ( 'NONE', #2285, #8962 ) ;
#5437 = ORIENTED_EDGE ( 'NONE', *, *, #7002, .T. ) ;
#5438 = ORIENTED_EDGE ( 'NONE', *, *, #963, .F. ) ;
#5439 = DIRECTION ( 'NONE',  ( 0.000000000000000000, -1.000000000000000000, 0.000000000000000000 ) ) ;
#5440 = EDGE_CURVE ( 'NONE', #9079, #1538, #7108, .T. ) ;
#5441 = ORIENTED_EDGE ( 'NONE', *, *, #915, .F. ) ;
#5442 = FACE_OUTER_BOUND ( 'NONE', #7249, .T. ) ;
#5443 = CARTESIAN_POINT ( 'NONE',  ( 1.189484353158725805, -2.981555974335137194E-16, -1.790317876362320870 ) ) ;
#5444 = DIRECTION ( 'NONE',  ( -0.9992393150264380353, 0.000000000000000000, -0.03899732433763913875 ) ) ;
#5445 = LINE ( 'NONE', #6271, #9558 ) ;
#5446 = AXIS2_PLACEMENT_3D ( 'NONE', #7241, #2477, #79 ) ;
#5447 = ORIENTED_EDGE ( 'NONE', *, *, #8764, .F. ) ;
#5448 = DIRECTION ( 'NONE',  ( 0.06566525712178677976, 0.000000000000000000, -0.9978417078911513416 ) ) ;
#5449 = PLANE ( 'NONE',  #8773 ) ;
#5450 = ORIENTED_EDGE ( 'NONE', *, *, #130, .F. ) ;
#5451 = DIRECTION ( 'NONE',  ( 0.9308330780365628998, 0.000000000000000000, -0.3654446344290447346 ) ) ;
#5452 = LINE ( 'NONE', #7115, #7091 ) ;
#5453 = EDGE_LOOP ( 'NONE', ( #4503, #6615, #8566, #2811 ) ) ;
#5454 = EDGE_CURVE ( 'NONE', #2610, #2436, #9549, .T. ) ;
#5455 = LINE ( 'NONE', #2816, #9349 ) ;
#5456 = EDGE_CURVE ( 'NONE', #8610, #410, #5695, .T. ) ;
#5457 = VECTOR ( 'NONE', #4761, 1000.000000000000000 ) ;
#5458 = ORIENTED_EDGE ( 'NONE', *, *, #2404, .F. ) ;
#5459 = CARTESIAN_POINT ( 'NONE',  ( 1.869011007952390502, -3.006278401112418225E-16, -1.241767944784117228 ) ) ;
#5460 = DIRECTION ( 'NONE',  ( 0.000000000000000000, 1.000000000000000000, 0.000000000000000000 ) ) ;
#5461 = LINE ( 'NONE', #840, #9804 ) ;
#5462 = ORIENTED_EDGE ( 'NONE', *, *, #1948, .T. ) ;
#5463 = CARTESIAN_POINT ( 'NONE',  ( -0.7550506452478121799, -0.1438055149296439406, 0.5949123868917582936 ) ) ;
#5464 = VERTEX_POINT ( 'NONE', #826 ) ;
#5465 = EDGE_CURVE ( 'NONE', #1272, #8416, #3133, .T. ) ;
#5466 = VECTOR ( 'NONE', #5070, 1000.000000000000114 ) ;
#5467 = PLANE ( 'NONE',  #3337 ) ;
#5468 = PLANE ( 'NONE',  #1149 ) ;
#5469 = CARTESIAN_POINT ( 'NONE',  ( -0.6212577703813397800, -2.981555974335137194E-16, 2.057705009852658140 ) ) ;
#5470 = FACE_OUTER_BOUND ( 'NONE', #6353, .T. ) ;
#5471 = FACE_OUTER_BOUND ( 'NONE', #5360, .T. ) ;
#5472 = EDGE_CURVE ( 'NONE', #7437, #1272, #4755, .T. ) ;
#5473 = ORIENTED_EDGE ( 'NONE', *, *, #7118, .F. ) ;
#5474 = EDGE_CURVE ( 'NONE', #2493, #2252, #10324, .T. ) ;
#5475 = ORIENTED_EDGE ( 'NONE', *, *, #4506, .F. ) ;
#5476 = DIRECTION ( 'NONE',  ( -0.000000000000000000, 1.000000000000000000, -0.000000000000000000 ) ) ;
#5477 = CARTESIAN_POINT ( 'NONE',  ( 0.6988304498647958107, -0.1459623876292454603, 0.6600441101230689611 ) ) ;
#5478 = ORIENTED_EDGE ( 'NONE', *, *, #6010, .F. ) ;
#5479 = ORIENTED_EDGE ( 'NONE', *, *, #2500, .T. ) ;
#5480 = CARTESIAN_POINT ( 'NONE',  ( 0.8207902148049668334, -2.981555974335137194E-16, 0.5003255422690341403 ) ) ;
#5481 = DIRECTION ( 'NONE',  ( 0.000000000000000000, -1.000000000000000000, 0.000000000000000000 ) ) ;
#5482 = DIRECTION ( 'NONE',  ( -0.9060498331306416908, 0.000000000000000000, -0.4231710054858867642 ) ) ;
#5483 = VECTOR ( 'NONE', #3135, 1000.000000000000000 ) ;
#5484 = DIRECTION ( 'NONE',  ( -0.08654807566953653941, 0.000000000000000000, -0.9962476753287308195 ) ) ;
#5485 = DIRECTION ( 'NONE',  ( 0.6824443384624711006, 0.000000000000000000, 0.7309375656651668773 ) ) ;
#5486 = DIRECTION ( 'NONE',  ( -0.000000000000000000, 1.000000000000000000, -0.000000000000000000 ) ) ;
#5487 = CARTESIAN_POINT ( 'NONE',  ( -0.5127291109526480595, 2.000000000000000000, -0.8130996763915810943 ) ) ;
#5488 = ORIENTED_EDGE ( 'NONE', *, *, #288, .T. ) ;
#5489 = DIRECTION ( 'NONE',  ( -0.1281906809831440397, 0.000000000000000000, -0.9917495396061839497 ) ) ;
#5490 = LINE ( 'NONE', #8655, #3004 ) ;
#5491 = ORIENTED_EDGE ( 'NONE', *, *, #6209, .T. ) ;
#5492 = ORIENTED_EDGE ( 'NONE', *, *, #2443, .F. ) ;
#5493 = ADVANCED_FACE ( 'NONE', ( #6374 ), #9500, .F. ) ;
#5494 = PLANE ( 'NONE',  #2572 ) ;
#5495 = VERTEX_POINT ( 'NONE', #45 ) ;
#5496 = VECTOR ( 'NONE', #3668, 1000.000000000000227 ) ;
#5497 = VERTEX_POINT ( 'NONE', #4708 ) ;
#5498 = CARTESIAN_POINT ( 'NONE',  ( 2.049925530946085761, 2.000000000000000000, -0.9126856491235059154 ) ) ;
#5499 = CARTESIAN_POINT ( 'NONE',  ( -0.9408267182697711561, -0.1491166960093056604, -0.1971479423075970239 ) ) ;
#5500 = CARTESIAN_POINT ( 'NONE',  ( 0.05759418846820925364, 2.000000000000000000, -0.9595338109837899809 ) ) ;
#5501 = CARTESIAN_POINT ( 'NONE',  ( 0.1408970818120783286, -3.006278401112418225E-16, -2.239494985231586632 ) ) ;
#5502 = VECTOR ( 'NONE', #2966, 1000.000000000000114 ) ;
#5503 = ORIENTED_EDGE ( 'NONE', *, *, #346, .T. ) ;
#5504 = DIRECTION ( 'NONE',  ( 0.9999958508255877287, 0.000000000000000000, -0.002880682490137731477 ) ) ;
#5505 = CARTESIAN_POINT ( 'NONE',  ( 0.3699492575029079133, -2.981555974335137194E-16, 0.8872202499038410739 ) ) ;
#5506 = VERTEX_POINT ( 'NONE', #7881 ) ;
#5507 = LINE ( 'NONE', #1518, #1672 ) ;
#5508 = PLANE ( 'NONE',  #1581 ) ;
#5509 = ORIENTED_EDGE ( 'NONE', *, *, #463, .F. ) ;
#5510 = VECTOR ( 'NONE', #1935, 1000.000000000000000 ) ;
#5511 = CARTESIAN_POINT ( 'NONE',  ( 0.9210301919172722007, -2.981555974335137194E-16, -0.2751828674594756774 ) ) ;
#5512 = EDGE_CURVE ( 'NONE', #8364, #9053, #5550, .T. ) ;
#5513 = ORIENTED_EDGE ( 'NONE', *, *, #9396, .T. ) ;
#5514 = CARTESIAN_POINT ( 'NONE',  ( 0.2611680761981456378, -2.981555974335137194E-16, 0.9251018651701803375 ) ) ;
#5515 = DIRECTION ( 'NONE',  ( -0.03899732433762558709, 0.000000000000000000, -0.9992393150264385904 ) ) ;
#5516 = ORIENTED_EDGE ( 'NONE', *, *, #4056, .T. ) ;
#5517 = DIRECTION ( 'NONE',  ( 0.000000000000000000, -1.000000000000000000, 0.000000000000000000 ) ) ;
#5518 = VERTEX_POINT ( 'NONE', #1562 ) ;
#5519 = DIRECTION ( 'NONE',  ( -0.5333923310692451070, 0.000000000000000000, 0.8458679691042313431 ) ) ;
#5520 = FACE_OUTER_BOUND ( 'NONE', #3544, .T. ) ;
#5521 = DIRECTION ( 'NONE',  ( -0.4975031811960834438, 0.000000000000000000, -0.8674621517390698200 ) ) ;
#5522 = CARTESIAN_POINT ( 'NONE',  ( -0.8207902148049635027, -0.1439142420261029232, -0.5003255422690399135 ) ) ;
#5523 = VECTOR ( 'NONE', #6447, 1000.000000000000114 ) ;
#5524 = ORIENTED_EDGE ( 'NONE', *, *, #7928, .T. ) ;
#5525 = EDGE_LOOP ( 'NONE', ( #2856, #856, #1864, #5942 ) ) ;
#5526 = FACE_OUTER_BOUND ( 'NONE', #1371, .T. ) ;
#5527 = DIRECTION ( 'NONE',  ( -0.000000000000000000, 1.000000000000000000, 0.000000000000000000 ) ) ;
#5528 = ORIENTED_EDGE ( 'NONE', *, *, #1189, .F. ) ;
#5529 = CARTESIAN_POINT ( 'NONE',  ( -1.765014549298234092, -2.981555974335137194E-16, 1.226717068275106737 ) ) ;
#5530 = DIRECTION ( 'NONE',  ( -0.1224747460865534682, 0.000000000000000000, -0.9924716301089085979 ) ) ;
#5531 = EDGE_CURVE ( 'NONE', #8598, #8638, #4912, .T. ) ;
#5532 = EDGE_CURVE ( 'NONE', #3498, #2985, #780, .T. ) ;
#5533 = VECTOR ( 'NONE', #2830, 1000.000000000000000 ) ;
#5534 = EDGE_CURVE ( 'NONE', #2125, #2493, #9594, .T. ) ;
#5535 = FACE_OUTER_BOUND ( 'NONE', #2870, .T. ) ;
#5536 = VECTOR ( 'NONE', #6279, 1000.000000000000000 ) ;
#5537 = DIRECTION ( 'NONE',  ( 0.1432326429508999910, 0.000000000000000000, -0.9896890471220241015 ) ) ;
#5538 = CARTESIAN_POINT ( 'NONE',  ( -0.4428924704590269101, -0.1483595806240759762, 0.8531520876004972109 ) ) ;
#5539 = CARTESIAN_POINT ( 'NONE',  ( -1.535719282928350804, -0.1499926892710059800, 1.503887432248156353 ) ) ;
#5540 = EDGE_CURVE ( 'NONE', #5126, #9522, #8027, .T. ) ;
#5541 = CARTESIAN_POINT ( 'NONE',  ( 0.7991187831734598568, 2.000000000000000000, -0.5342577985820659014 ) ) ;
#5542 = ORIENTED_EDGE ( 'NONE', *, *, #2673, .F. ) ;
#5543 = CARTESIAN_POINT ( 'NONE',  ( -1.944875419031326658, 2.000000000000000000, -0.9151889036038635128 ) ) ;
#5544 = VERTEX_POINT ( 'NONE', #9637 ) ;
#5545 = ORIENTED_EDGE ( 'NONE', *, *, #3863, .T. ) ;
#5546 = ORIENTED_EDGE ( 'NONE', *, *, #6544, .F. ) ;
#5547 = CARTESIAN_POINT ( 'NONE',  ( -0.9303684665555647104, 2.000000000000000000, 0.2417369260279319254 ) ) ;
#5548 = DIRECTION ( 'NONE',  ( 0.000000000000000000, -1.000000000000000000, 0.000000000000000000 ) ) ;
#5549 = EDGE_CURVE ( 'NONE', #9304, #923, #2539, .T. ) ;
#5550 = LINE ( 'NONE', #8860, #3895 ) ;
#5551 = VERTEX_POINT ( 'NONE', #5746 ) ;
#5552 = CARTESIAN_POINT ( 'NONE',  ( -17.49999999999997868, -22.29461818466508305, 1.084202172485504434E-15 ) ) ;
#5553 = PLANE ( 'NONE',  #1100 ) ;
#5554 = ORIENTED_EDGE ( 'NONE', *, *, #3906, .F. ) ;
#5555 = VERTEX_POINT ( 'NONE', #2592 ) ;
#5556 = VECTOR ( 'NONE', #4824, 999.9999999999998863 ) ;
#5557 = CARTESIAN_POINT ( 'NONE',  ( 2.126385852261802434, -0.1451609609644690935, 0.3139973441492316941 ) ) ;
#5558 = VERTEX_POINT ( 'NONE', #8282 ) ;
#5559 = AXIS2_PLACEMENT_3D ( 'NONE', #1762, #2641, #9014 ) ;
#5560 = PLANE ( 'NONE',  #8100 ) ;
#5561 = PLANE ( 'NONE',  #8470 ) ;
#5562 = ORIENTED_EDGE ( 'NONE', *, *, #1596, .F. ) ;
#5563 = DIRECTION ( 'NONE',  ( 0.4093665898583241924, 0.000000000000000000, -0.9123699880573487020 ) ) ;
#5564 = EDGE_CURVE ( 'NONE', #6312, #6663, #245, .T. ) ;
#5565 = VECTOR ( 'NONE', #9521, 1000.000000000000114 ) ;
#5566 = DIRECTION ( 'NONE',  ( -0.1696083962828205116, 0.000000000000000000, -0.9855115381924099971 ) ) ;
#5567 = CARTESIAN_POINT ( 'NONE',  ( -0.8947733005277460627, 2.000000000000000000, -0.3512875825147687148 ) ) ;
#5568 = VECTOR ( 'NONE', #6769, 1000.000000000000000 ) ;
#5569 = PLANE ( 'NONE',  #9294 ) ;
#5570 = LINE ( 'NONE', #8738, #7834 ) ;
#5571 = CARTESIAN_POINT ( 'NONE',  ( -0.5345450792948815977, -0.1460357895205570966, 2.081915628221650660 ) ) ;
#5572 = ORIENTED_EDGE ( 'NONE', *, *, #6095, .T. ) ;
#5573 = AXIS2_PLACEMENT_3D ( 'NONE', #6622, #2014, #5849 ) ;
#5574 = VECTOR ( 'NONE', #10203, 1000.000000000000114 ) ;
#5575 = ORIENTED_EDGE ( 'NONE', *, *, #5377, .T. ) ;
#5576 = FACE_OUTER_BOUND ( 'NONE', #9012, .T. ) ;
#5577 = VERTEX_POINT ( 'NONE', #1813 ) ;
#5578 = EDGE_CURVE ( 'NONE', #1141, #8193, #5904, .T. ) ;
#5579 = DIRECTION ( 'NONE',  ( 0.7947849549988975637, 0.000000000000000000, 0.6068911560629305368 ) ) ;
#5580 = DIRECTION ( 'NONE',  ( -0.6512372304321137895, 0.000000000000000000, 0.7588742120398543900 ) ) ;
#5581 = DIRECTION ( 'NONE',  ( -0.9942166556096145857, 0.000000000000000000, -0.1073929313708917727 ) ) ;
#5582 = EDGE_CURVE ( 'NONE', #1766, #5779, #6573, .T. ) ;
#5583 = CARTESIAN_POINT ( 'NONE',  ( 2.049925530946064445, -3.006278401112418225E-16, 0.9126856491235477709 ) ) ;
#5584 = LINE ( 'NONE', #768, #8642 ) ;
#5585 = CARTESIAN_POINT ( 'NONE',  ( -0.8947733005277485052, 2.000000000000000000, 0.3512875825147625530 ) ) ;
#5586 = DIRECTION ( 'NONE',  ( -0.9207430172529504908, 0.000000000000000000, 0.3901695736214356169 ) ) ;
#5587 = ORIENTED_EDGE ( 'NONE', *, *, #8768, .F. ) ;
#5588 = FACE_OUTER_BOUND ( 'NONE', #10325, .T. ) ;
#5589 = EDGE_LOOP ( 'NONE', ( #7290, #8043, #7065, #5843 ) ) ;
#5590 = ORIENTED_EDGE ( 'NONE', *, *, #3389, .F. ) ;
#5591 = EDGE_CURVE ( 'NONE', #7696, #6453, #8127, .T. ) ;
#5592 = EDGE_CURVE ( 'NONE', #3033, #1658, #5950, .T. ) ;
#5593 = ORIENTED_EDGE ( 'NONE', *, *, #4947, .T. ) ;
#5594 = CARTESIAN_POINT ( 'NONE',  ( -0.3584601446948788017, -2.981555974335137194E-16, 2.119343636482117876 ) ) ;
#5595 = EDGE_CURVE ( 'NONE', #5126, #1103, #5067, .T. ) ;
#5596 = VECTOR ( 'NONE', #7789, 1000.000000000000000 ) ;
#5597 = CARTESIAN_POINT ( 'NONE',  ( 0.5124017362655304275, -0.1460357895205570966, 2.184635950727867648 ) ) ;
#5598 = CARTESIAN_POINT ( 'NONE',  ( 0.6411484854770967967, -2.981555974335137194E-16, -0.7162058674269654590 ) ) ;
#5599 = DIRECTION ( 'NONE',  ( 0.8538684397696849615, 0.000000000000000000, -0.5204888928356531386 ) ) ;
#5600 = ORIENTED_EDGE ( 'NONE', *, *, #8478, .T. ) ;
#5601 = DIRECTION ( 'NONE',  ( 0.06566525712176578267, 0.000000000000000000, 0.9978417078911527849 ) ) ;
#5602 = DIRECTION ( 'NONE',  ( -1.000000000000000000, 0.000000000000000000, 1.486905836551550312E-16 ) ) ;
#5603 = ORIENTED_EDGE ( 'NONE', *, *, #9143, .F. ) ;
#5604 = VECTOR ( 'NONE', #5439, 1000.000000000000000 ) ;
#5605 = EDGE_CURVE ( 'NONE', #3481, #3698, #2794, .T. ) ;
#5606 = EDGE_CURVE ( 'NONE', #2722, #6873, #9070, .T. ) ;
#5607 = VERTEX_POINT ( 'NONE', #8968 ) ;
#5608 = DIRECTION ( 'NONE',  ( 0.2862728641871276070, 0.000000000000000000, -0.9581481342830545644 ) ) ;
#5609 = ORIENTED_EDGE ( 'NONE', *, *, #5910, .T. ) ;
#5610 = CARTESIAN_POINT ( 'NONE',  ( -2.194887756272255963, 2.000000000000000000, 0.4665377947248535717 ) ) ;
#5611 = PLANE ( 'NONE',  #806 ) ;
#5612 = EDGE_LOOP ( 'NONE', ( #5990, #7097, #8278, #8691 ) ) ;
#5613 = EDGE_CURVE ( 'NONE', #8507, #4633, #1915, .T. ) ;
#5614 = VECTOR ( 'NONE', #8162, 1000.000000000000114 ) ;
#5615 = DIRECTION ( 'NONE',  ( 0.2107285608221171613, 0.000000000000000000, -0.9775446146615710541 ) ) ;
#5616 = PLANE ( 'NONE',  #3205 ) ;
#5617 = DIRECTION ( 'NONE',  ( 0.3708014161143509124, 0.000000000000000000, 0.9287121781303355750 ) ) ;
#5618 = DIRECTION ( 'NONE',  ( -0.1281906809831573901, 0.000000000000000000, 0.9917495396061821733 ) ) ;
#5619 = VECTOR ( 'NONE', #3940, 1000.000000000000000 ) ;
#5620 = CARTESIAN_POINT ( 'NONE',  ( -2.236053101125679898, 2.000000000000000000, 0.1877666250610606491 ) ) ;
#5621 = DIRECTION ( 'NONE',  ( -0.000000000000000000, 1.000000000000000000, 0.000000000000000000 ) ) ;
#5622 = CARTESIAN_POINT ( 'NONE',  ( -0.5508761081120430170, -2.981555974335137194E-16, -0.7877548720748829281 ) ) ;
#5623 = ORIENTED_EDGE ( 'NONE', *, *, #4704, .T. ) ;
#5624 = ORIENTED_EDGE ( 'NONE', *, *, #7871, .T. ) ;
#5625 = VECTOR ( 'NONE', #96, 1000.000000000000000 ) ;
#5626 = FACE_OUTER_BOUND ( 'NONE', #7026, .T. ) ;
#5627 = ORIENTED_EDGE ( 'NONE', *, *, #4033, .F. ) ;
#5628 = DIRECTION ( 'NONE',  ( -0.1639277132441447071, 0.000000000000000000, 0.9864723538095456767 ) ) ;
#5629 = DIRECTION ( 'NONE',  ( 0.8107068603065746837, 0.000000000000000000, 0.5854522923790257405 ) ) ;
#5630 = DIRECTION ( 'NONE',  ( 0.4041033210507532503, 0.000000000000000000, -0.9147133463089690553 ) ) ;
#5631 = ADVANCED_FACE ( 'NONE', ( #7447 ), #9020, .F. ) ;
#5632 = DIRECTION ( 'NONE',  ( -0.8195017574611013211, 0.000000000000000000, 0.5730766698428458872 ) ) ;
#5633 = FACE_OUTER_BOUND ( 'NONE', #6266, .T. ) ;
#5634 = CARTESIAN_POINT ( 'NONE',  ( 0.8695550808796893572, 2.000000000000000000, 2.068589794487277089 ) ) ;
#5635 = ORIENTED_EDGE ( 'NONE', *, *, #2803, .T. ) ;
#5636 = ORIENTED_EDGE ( 'NONE', *, *, #3872, .T. ) ;
#5637 = ORIENTED_EDGE ( 'NONE', *, *, #5343, .T. ) ;
#5638 = FACE_OUTER_BOUND ( 'NONE', #796, .T. ) ;
#5639 = ORIENTED_EDGE ( 'NONE', *, *, #5203, .T. ) ;
#5640 = EDGE_CURVE ( 'NONE', #3867, #838, #3539, .T. ) ;
#5641 = CARTESIAN_POINT ( 'NONE',  ( -1.814835910835292498, -0.1467932918244574947, -1.151729890892199348 ) ) ;
#5642 = VECTOR ( 'NONE', #4746, 1000.000000000000000 ) ;
#5643 = PLANE ( 'NONE',  #9303 ) ;
#5644 = DIRECTION ( 'NONE',  ( 0.2661441392786874083, 0.000000000000000000, 0.9639332430866811574 ) ) ;
#5645 = CARTESIAN_POINT ( 'NONE',  ( 2.226228852475060194, -0.1451609609644690935, -0.2812381072119448100 ) ) ;
#5646 = ORIENTED_EDGE ( 'NONE', *, *, #3447, .T. ) ;
#5647 = FACE_OUTER_BOUND ( 'NONE', #554, .T. ) ;
#5648 = LINE ( 'NONE', #6576, #3615 ) ;
#5649 = VECTOR ( 'NONE', #430, 1000.000000000000000 ) ;
#5650 = VERTEX_POINT ( 'NONE', #3434 ) ;
#5651 = DIRECTION ( 'NONE',  ( -0.8195017574610932165, 0.000000000000000000, -0.5730766698428575445 ) ) ;
#5652 = ORIENTED_EDGE ( 'NONE', *, *, #1497, .T. ) ;
#5653 = PLANE ( 'NONE',  #4855 ) ;
#5654 = VECTOR ( 'NONE', #9870, 1000.000000000000000 ) ;
#5655 = EDGE_CURVE ( 'NONE', #1757, #1075, #981, .T. ) ;
#5656 = EDGE_CURVE ( 'NONE', #4119, #3659, #4161, .T. ) ;
#5657 = EDGE_CURVE ( 'NONE', #7200, #4283, #7345, .T. ) ;
#5658 = ORIENTED_EDGE ( 'NONE', *, *, #3471, .T. ) ;
#5659 = ADVANCED_FACE ( 'NONE', ( #8917 ), #1085, .F. ) ;
#5660 = PLANE ( 'NONE',  #6280 ) ;
#5661 = FACE_OUTER_BOUND ( 'NONE', #8922, .T. ) ;
#5662 = CARTESIAN_POINT ( 'NONE',  ( -1.035502725338369512, -3.523657060577889411E-16, -1.883572464931660750 ) ) ;
#5663 = VECTOR ( 'NONE', #3300, 1000.000000000000114 ) ;
#5664 = EDGE_LOOP ( 'NONE', ( #4730, #578, #2325, #9704 ) ) ;
#5665 = CARTESIAN_POINT ( 'NONE',  ( -0.6934102960788304237, -0.1459623876292454603, 2.134097452749629031 ) ) ;
#5666 = DIRECTION ( 'NONE',  ( 0.000000000000000000, -1.000000000000000000, 0.000000000000000000 ) ) ;
#5667 = CARTESIAN_POINT ( 'NONE',  ( -0.8236591385239396823, -0.1467932918244574947, 0.4955883861556772407 ) ) ;
#5668 = DIRECTION ( 'NONE',  ( -0.9678627457047307425, 0.000000000000000000, 0.2514790358596513675 ) ) ;
#5669 = FACE_OUTER_BOUND ( 'NONE', #6619, .T. ) ;
#5670 = AXIS2_PLACEMENT_3D ( 'NONE', #4620, #6962, #2156 ) ;
#5671 = DIRECTION ( 'NONE',  ( 0.3261448337396520847, 0.000000000000000000, 0.9453198122460645392 ) ) ;
#5672 = LINE ( 'NONE', #756, #6174 ) ;
#5673 = EDGE_CURVE ( 'NONE', #145, #744, #295, .T. ) ;
#5674 = CARTESIAN_POINT ( 'NONE',  ( -1.501477460193428426, -0.1496419838468801000, 1.667559658024767355 ) ) ;
#5675 = EDGE_LOOP ( 'NONE', ( #3098, #1602, #2064, #2713 ) ) ;
#5676 = LINE ( 'NONE', #855, #3716 ) ;
#5677 = VERTEX_POINT ( 'NONE', #2743 ) ;
#5678 = CARTESIAN_POINT ( 'NONE',  ( 0.7821687833936936673, -3.006278401112418225E-16, -2.103188477247110555 ) ) ;
#5679 = CARTESIAN_POINT ( 'NONE',  ( 0.9068775087697260595, -2.981555974335137194E-16, 0.3187403473895358275 ) ) ;
#5680 = LINE ( 'NONE', #3219, #162 ) ;
#5681 = AXIS2_PLACEMENT_3D ( 'NONE', #3575, #4258, #3468 ) ;
#5682 = DIRECTION ( 'NONE',  ( -0.000000000000000000, 1.000000000000000000, 0.000000000000000000 ) ) ;
#5683 = CARTESIAN_POINT ( 'NONE',  ( 1.113470241830511132, -0.1461575717926111573, -1.838557898296875548 ) ) ;
#5684 = ORIENTED_EDGE ( 'NONE', *, *, #6340, .T. ) ;
#5685 = VERTEX_POINT ( 'NONE', #3379 ) ;
#5686 = ORIENTED_EDGE ( 'NONE', *, *, #6395, .F. ) ;
#5687 = DIRECTION ( 'NONE',  ( -0.3315857306873513100, 0.000000000000000000, -0.9434250914643594887 ) ) ;
#5688 = AXIS2_PLACEMENT_3D ( 'NONE', #462, #1305, #6838 ) ;
#5689 = VERTEX_POINT ( 'NONE', #9901 ) ;
#5690 = AXIS2_PLACEMENT_3D ( 'NONE', #8643, #5326, #2278 ) ;
#5691 = LINE ( 'NONE', #7876, #3878 ) ;
#5692 = EDGE_CURVE ( 'NONE', #5704, #7567, #9746, .T. ) ;
#5693 = AXIS2_PLACEMENT_3D ( 'NONE', #1776, #3344, #5034 ) ;
#5694 = LINE ( 'NONE', #6621, #46 ) ;
#5695 = LINE ( 'NONE', #8762, #10222 ) ;
#5696 = VECTOR ( 'NONE', #4608, 1000.000000000000114 ) ;
#5697 = EDGE_LOOP ( 'NONE', ( #5920, #1604 ) ) ;
#5698 = CARTESIAN_POINT ( 'NONE',  ( -1.263411704741976616, 2.000000000000000000, -1.738937028518541483 ) ) ;
#5699 = ORIENTED_EDGE ( 'NONE', *, *, #9456, .F. ) ;
#5700 = ORIENTED_EDGE ( 'NONE', *, *, #7946, .T. ) ;
#5701 = VERTEX_POINT ( 'NONE', #3590 ) ;
#5702 = ADVANCED_FACE ( 'NONE', ( #6880 ), #10208, .F. ) ;
#5703 = DIRECTION ( 'NONE',  ( -0.000000000000000000, 1.000000000000000000, -0.000000000000000000 ) ) ;
#5704 = VERTEX_POINT ( 'NONE', #2120 ) ;
#5705 = CARTESIAN_POINT ( 'NONE',  ( 0.9086988294849319692, 2.000000000000000000, 0.3135102267217150240 ) ) ;
#5706 = DIRECTION ( 'NONE',  ( -0.000000000000000000, 1.000000000000000000, -0.000000000000000000 ) ) ;
#5707 = VERTEX_POINT ( 'NONE', #5379 ) ;
#5708 = ORIENTED_EDGE ( 'NONE', *, *, #8380, .T. ) ;
#5709 = EDGE_CURVE ( 'NONE', #2223, #7850, #9378, .T. ) ;
#5710 = EDGE_CURVE ( 'NONE', #5518, #5735, #4429, .T. ) ;
#5711 = DIRECTION ( 'NONE',  ( 0.9207430172529531553, 0.000000000000000000, -0.3901695736214295662 ) ) ;
#5712 = EDGE_CURVE ( 'NONE', #4749, #7454, #9276, .T. ) ;
#5713 = CARTESIAN_POINT ( 'NONE',  ( 0.9396752671476390484, -2.981555974335137194E-16, -0.2025650939263719807 ) ) ;
#5714 = PLANE ( 'NONE',  #5988 ) ;
#5715 = PLANE ( 'NONE',  #9634 ) ;
#5716 = ADVANCED_FACE ( 'NONE', ( #1290 ), #8489, .F. ) ;
#5717 = CARTESIAN_POINT ( 'NONE',  ( -0.9086988294849362990, -0.1499926892710059800, 0.3135102267217027561 ) ) ;
#5718 = LINE ( 'NONE', #1740, #1558 ) ;
#5719 = AXIS2_PLACEMENT_3D ( 'NONE', #6422, #7155, #874 ) ;
#5720 = DIRECTION ( 'NONE',  ( 0.000000000000000000, -1.000000000000000000, 0.000000000000000000 ) ) ;
#5721 = ORIENTED_EDGE ( 'NONE', *, *, #6036, .F. ) ;
#5722 = EDGE_CURVE ( 'NONE', #4955, #249, #9220, .T. ) ;
#5723 = PLANE ( 'NONE',  #6725 ) ;
#5724 = ORIENTED_EDGE ( 'NONE', *, *, #4110, .F. ) ;
#5725 = AXIS2_PLACEMENT_3D ( 'NONE', #5108, #2004, #1176 ) ;
#5726 = EDGE_CURVE ( 'NONE', #9295, #6182, #10151, .T. ) ;
#5727 = DIRECTION ( 'NONE',  ( -0.9060498331306416908, 0.000000000000000000, -0.4231710054858868197 ) ) ;
#5728 = PLANE ( 'NONE',  #7340 ) ;
#5729 = VECTOR ( 'NONE', #1742, 999.9999999999998863 ) ;
#5730 = FACE_OUTER_BOUND ( 'NONE', #6024, .T. ) ;
#5731 = CARTESIAN_POINT ( 'NONE',  ( -0.02289952236472059602, -2.981555974335137194E-16, -0.9609879483333046979 ) ) ;
#5732 = LINE ( 'NONE', #4102, #1647 ) ;
#5733 = VECTOR ( 'NONE', #1612, 1000.000000000000114 ) ;
#5734 = AXIS2_PLACEMENT_3D ( 'NONE', #1116, #9976, #8417 ) ;
#5735 = VERTEX_POINT ( 'NONE', #2073 ) ;
#5736 = ORIENTED_EDGE ( 'NONE', *, *, #2655, .F. ) ;
#5737 = ORIENTED_EDGE ( 'NONE', *, *, #7809, .F. ) ;
#5738 = VECTOR ( 'NONE', #7333, 1000.000000000000227 ) ;
#5739 = CARTESIAN_POINT ( 'NONE',  ( -0.9473335580173314341, -2.981555974335137194E-16, -0.1630378938180029602 ) ) ;
#5740 = FACE_OUTER_BOUND ( 'NONE', #4341, .T. ) ;
#5741 = ORIENTED_EDGE ( 'NONE', *, *, #4865, .T. ) ;
#5742 = EDGE_CURVE ( 'NONE', #8758, #7259, #661, .T. ) ;
#5743 = LINE ( 'NONE', #9795, #710 ) ;
#5744 = VECTOR ( 'NONE', #2646, 1000.000000000000000 ) ;
#5745 = CARTESIAN_POINT ( 'NONE',  ( -1.113470241830485596, -2.981555974335137194E-16, -1.838557898296890869 ) ) ;
#5746 = CARTESIAN_POINT ( 'NONE',  ( -0.9554158832770746068, 2.000000000000000000, -2.030362102316350725 ) ) ;
#5747 = ORIENTED_EDGE ( 'NONE', *, *, #7811, .T. ) ;
#5748 = CARTESIAN_POINT ( 'NONE',  ( -0.7912632493768316788, 2.000000000000000000, -1.998502838381156277 ) ) ;
#5749 = EDGE_CURVE ( 'NONE', #6823, #3142, #4532, .T. ) ;
#5750 = CARTESIAN_POINT ( 'NONE',  ( -2.212499041939551159, -0.1456920279732068779, 0.3742162021574586550 ) ) ;
#5751 = ORIENTED_EDGE ( 'NONE', *, *, #1114, .T. ) ;
#5752 = VECTOR ( 'NONE', #6964, 1000.000000000000114 ) ;
#5753 = ORIENTED_EDGE ( 'NONE', *, *, #836, .F. ) ;
#5754 = ORIENTED_EDGE ( 'NONE', *, *, #10098, .F. ) ;
#5755 = VECTOR ( 'NONE', #1372, 1000.000000000000114 ) ;
#5756 = DIRECTION ( 'NONE',  ( -0.4842760365308917403, 0.000000000000000000, -0.8749152647210645117 ) ) ;
#5757 = VECTOR ( 'NONE', #8011, 999.9999999999998863 ) ;
#5758 = VECTOR ( 'NONE', #7872, 1000.000000000000227 ) ;
#5759 = ORIENTED_EDGE ( 'NONE', *, *, #530, .F. ) ;
#5760 = EDGE_CURVE ( 'NONE', #1013, #4119, #6100, .T. ) ;
#5761 = CARTESIAN_POINT ( 'NONE',  ( -0.05759418846821597049, -0.1454656455588212438, 0.9595338109837893148 ) ) ;
#5762 = EDGE_CURVE ( 'NONE', #5735, #8439, #8734, .T. ) ;
#5763 = CARTESIAN_POINT ( 'NONE',  ( -0.8792780351554245755, 2.000000000000000000, 0.3884486605197689513 ) ) ;
#5764 = VERTEX_POINT ( 'NONE', #5272 ) ;
#5765 = VERTEX_POINT ( 'NONE', #10104 ) ;
#5766 = LINE ( 'NONE', #797, #9419 ) ;
#5767 = LINE ( 'NONE', #5040, #1029 ) ;
#5768 = EDGE_CURVE ( 'NONE', #3786, #865, #8436, .T. ) ;
#5769 = CARTESIAN_POINT ( 'NONE',  ( 1.981493566476397961, -2.981555974335137194E-16, 0.8329431978499892697 ) ) ;
#5770 = DIRECTION ( 'NONE',  ( -0.7551096174546353401, 0.000000000000000000, 0.6555985552359876456 ) ) ;
#5771 = CARTESIAN_POINT ( 'NONE',  ( 0.5789693251283226649, -0.1432581301189111422, -0.7673439551640719447 ) ) ;
#5772 = CARTESIAN_POINT ( 'NONE',  ( -0.7821687833936777912, -3.006278401112418225E-16, 2.103188477247114108 ) ) ;
#5773 = LINE ( 'NONE', #4138, #6393 ) ;
#5774 = VECTOR ( 'NONE', #9582, 999.9999999999998863 ) ;
#5775 = EDGE_CURVE ( 'NONE', #4583, #9733, #8385, .T. ) ;
#5776 = ORIENTED_EDGE ( 'NONE', *, *, #645, .T. ) ;
#5777 = LINE ( 'NONE', #7961, #8243 ) ;
#5778 = DIRECTION ( 'NONE',  ( -0.7017186064260444445, 0.000000000000000000, 0.7124542072270260151 ) ) ;
#5779 = VERTEX_POINT ( 'NONE', #9991 ) ;
#5780 = CARTESIAN_POINT ( 'NONE',  ( -0.4830264792950641484, -2.981555974335137194E-16, 0.8310882295317397750 ) ) ;
#5781 = DIRECTION ( 'NONE',  ( -0.000000000000000000, 1.000000000000000000, -0.000000000000000000 ) ) ;
#5782 = LINE ( 'NONE', #8951, #1991 ) ;
#5783 = EDGE_CURVE ( 'NONE', #10146, #3134, #7761, .T. ) ;
#5784 = EDGE_CURVE ( 'NONE', #10117, #9090, #8592, .T. ) ;
#5785 = EDGE_CURVE ( 'NONE', #446, #8533, #9324, .T. ) ;
#5786 = CARTESIAN_POINT ( 'NONE',  ( -0.9602976163832700474, -0.1442935096704870135, -0.04301991323789973454 ) ) ;
#5787 = DIRECTION ( 'NONE',  ( 0.7588742120398636049, 0.000000000000000000, -0.6512372304321032424 ) ) ;
#5788 = AXIS2_PLACEMENT_3D ( 'NONE', #1098, #468, #1148 ) ;
#5789 = ORIENTED_EDGE ( 'NONE', *, *, #3939, .F. ) ;
#5790 = EDGE_CURVE ( 'NONE', #1852, #744, #1394, .T. ) ;
#5791 = ORIENTED_EDGE ( 'NONE', *, *, #10026, .T. ) ;
#5792 = CARTESIAN_POINT ( 'NONE',  ( -0.2611680761981522436, 2.000000000000000000, -0.9251018651701783391 ) ) ;
#5793 = DIRECTION ( 'NONE',  ( -0.6512372304321137895, 0.000000000000000000, 0.7588742120398545010 ) ) ;
#5794 = EDGE_LOOP ( 'NONE', ( #2932, #4068, #4772, #4460 ) ) ;
#5795 = DIRECTION ( 'NONE',  ( 0.9982034669914624514, 0.000000000000000000, -0.05991526087921326266 ) ) ;
#5796 = DIRECTION ( 'NONE',  ( 0.4842760365308979020, 0.000000000000000000, -0.8749152647210610700 ) ) ;
#5797 = LINE ( 'NONE', #294, #728 ) ;
#5798 = CARTESIAN_POINT ( 'NONE',  ( -0.7550506452478121799, -2.981555974335137194E-16, 0.5949123868917582936 ) ) ;
#5799 = EDGE_CURVE ( 'NONE', #2941, #5, #6201, .T. ) ;
#5800 = ORIENTED_EDGE ( 'NONE', *, *, #7681, .T. ) ;
#5801 = CARTESIAN_POINT ( 'NONE',  ( -0.4468946144996865377, 2.000000000000000000, -2.102473859139060597 ) ) ;
#5802 = LINE ( 'NONE', #1715, #1928 ) ;
#5803 = ORIENTED_EDGE ( 'NONE', *, *, #3277, .F. ) ;
#5804 = VECTOR ( 'NONE', #5481, 1000.000000000000000 ) ;
#5805 = ORIENTED_EDGE ( 'NONE', *, *, #6096, .F. ) ;
#5806 = ORIENTED_EDGE ( 'NONE', *, *, #7163, .T. ) ;
#5807 = ORIENTED_EDGE ( 'NONE', *, *, #10012, .T. ) ;
#5808 = AXIS2_PLACEMENT_3D ( 'NONE', #2234, #6984, #10155 ) ;
#5809 = CARTESIAN_POINT ( 'NONE',  ( 0.09772477418981408148, -0.1467932918244574947, 0.9562803425125588896 ) ) ;
#5810 = VERTEX_POINT ( 'NONE', #7861 ) ;
#5811 = FACE_OUTER_BOUND ( 'NONE', #8323, .T. ) ;
#5812 = CARTESIAN_POINT ( 'NONE',  ( -0.9576537852278302898, 2.000000000000000000, -0.08319526792549943039 ) ) ;
#5813 = ORIENTED_EDGE ( 'NONE', *, *, #214, .T. ) ;
#5814 = CARTESIAN_POINT ( 'NONE',  ( 0.1774015163344592194, -2.981555974335137194E-16, 0.9447491344100936717 ) ) ;
#5815 = PLANE ( 'NONE',  #1466 ) ;
#5816 = ORIENTED_EDGE ( 'NONE', *, *, #8530, .T. ) ;
#5817 = ORIENTED_EDGE ( 'NONE', *, *, #7676, .T. ) ;
#5818 = CARTESIAN_POINT ( 'NONE',  ( -0.7991187831734636315, -2.981555974335137194E-16, 0.5342577985820603503 ) ) ;
#5819 = CARTESIAN_POINT ( 'NONE',  ( 2.014635500889837338, -2.981555974335137194E-16, 0.7492362266910719271 ) ) ;
#5820 = VECTOR ( 'NONE', #5839, 1000.000000000000227 ) ;
#5821 = EDGE_CURVE ( 'NONE', #7152, #2694, #1699, .T. ) ;
#5822 = LINE ( 'NONE', #8353, #5510 ) ;
#5823 = DIRECTION ( 'NONE',  ( 0.000000000000000000, -1.000000000000000000, 0.000000000000000000 ) ) ;
#5824 = DIRECTION ( 'NONE',  ( -0.4792273139124870740, 0.000000000000000000, -0.8776908234681632948 ) ) ;
#5825 = LINE ( 'NONE', #7371, #57 ) ;
#5826 = PLANE ( 'NONE',  #2215 ) ;
#5827 = VECTOR ( 'NONE', #4533, 1000.000000000000227 ) ;
#5828 = ORIENTED_EDGE ( 'NONE', *, *, #8180, .T. ) ;
#5829 = LINE ( 'NONE', #2725, #5260 ) ;
#5830 = LINE ( 'NONE', #4144, #2051 ) ;
#5831 = EDGE_LOOP ( 'NONE', ( #312, #527, #7626, #3442 ) ) ;
#5832 = DIRECTION ( 'NONE',  ( -0.2458986747546133833, 0.000000000000000000, -0.9692955389115978093 ) ) ;
#5833 = DIRECTION ( 'NONE',  ( 0.000000000000000000, -1.000000000000000000, 0.000000000000000000 ) ) ;
#5834 = DIRECTION ( 'NONE',  ( -0.3708014161143444176, 0.000000000000000000, -0.9287121781303380175 ) ) ;
#5835 = DIRECTION ( 'NONE',  ( 0.000000000000000000, 0.000000000000000000, -1.000000000000000000 ) ) ;
#5836 = DIRECTION ( 'NONE',  ( -0.6512372304321031313, 0.000000000000000000, -0.7588742120398634938 ) ) ;
#5837 = CARTESIAN_POINT ( 'NONE',  ( 0.5127291109526593837, -0.1461575717926111573, -0.8130996763915738779 ) ) ;
#5838 = ORIENTED_EDGE ( 'NONE', *, *, #9284, .T. ) ;
#5839 = DIRECTION ( 'NONE',  ( -0.7124542072270310111, 0.000000000000000000, 0.7017186064260393374 ) ) ;
#5840 = ORIENTED_EDGE ( 'NONE', *, *, #6289, .F. ) ;
#5841 = ORIENTED_EDGE ( 'NONE', *, *, #9576, .T. ) ;
#5842 = LINE ( 'NONE', #9792, #10069 ) ;
#5843 = ORIENTED_EDGE ( 'NONE', *, *, #7937, .T. ) ;
#5844 = ADVANCED_FACE ( 'NONE', ( #767 ), #1546, .F. ) ;
#5845 = ADVANCED_FACE ( 'NONE', ( #7285 ), #7192, .F. ) ;
#5846 = LINE ( 'NONE', #977, #9377 ) ;
#5847 = ADVANCED_FACE ( 'NONE', ( #8851 ), #3221, .F. ) ;
#5848 = CARTESIAN_POINT ( 'NONE',  ( 0.3277990464324979647, -0.1454566137144368831, 2.219850797170505707 ) ) ;
#5849 = DIRECTION ( 'NONE',  ( -0.3261448337396586350, 0.000000000000000000, 0.9453198122460623187 ) ) ;
#5850 = EDGE_CURVE ( 'NONE', #773, #6159, #4843, .T. ) ;
#5851 = DIRECTION ( 'NONE',  ( 0.6188876310076700804, 0.000000000000000000, 0.7854795351794431335 ) ) ;
#5852 = ORIENTED_EDGE ( 'NONE', *, *, #7049, .F. ) ;
#5853 = CARTESIAN_POINT ( 'NONE',  ( 0.9482571523558109838, -2.981555974335137194E-16, 0.1575772761930950838 ) ) ;
#5854 = PLANE ( 'NONE',  #6451 ) ;
#5855 = VECTOR ( 'NONE', #6965, 999.9999999999998863 ) ;
#5856 = ORIENTED_EDGE ( 'NONE', *, *, #5768, .F. ) ;
#5857 = ORIENTED_EDGE ( 'NONE', *, *, #1858, .T. ) ;
#5858 = ORIENTED_EDGE ( 'NONE', *, *, #32, .F. ) ;
#5859 = EDGE_CURVE ( 'NONE', #8416, #2388, #7145, .T. ) ;
#5860 = ORIENTED_EDGE ( 'NONE', *, *, #7236, .T. ) ;
#5861 = VECTOR ( 'NONE', #6260, 1000.000000000000000 ) ;
#5862 = DIRECTION ( 'NONE',  ( 0.2862728641871146174, 0.000000000000000000, 0.9581481342830584502 ) ) ;
#5863 = ORIENTED_EDGE ( 'NONE', *, *, #8940, .F. ) ;
#5864 = DIRECTION ( 'NONE',  ( 0.000000000000000000, 1.000000000000000000, -0.000000000000000000 ) ) ;
#5865 = CARTESIAN_POINT ( 'NONE',  ( -1.035502725338382390, -2.981555974335137194E-16, 1.883572464931653201 ) ) ;
#5866 = ORIENTED_EDGE ( 'NONE', *, *, #6069, .F. ) ;
#5867 = FACE_OUTER_BOUND ( 'NONE', #6264, .T. ) ;
#5868 = CARTESIAN_POINT ( 'NONE',  ( -1.202353991258271027, 2.000000000000000000, -1.894606728650010119 ) ) ;
#5869 = ORIENTED_EDGE ( 'NONE', *, *, #4156, .T. ) ;
#5870 = VERTEX_POINT ( 'NONE', #8015 ) ;
#5871 = CARTESIAN_POINT ( 'NONE',  ( -0.6148617368345592471, -0.1459816899409631941, -0.7388959801915123693 ) ) ;
#5872 = LINE ( 'NONE', #1054, #2805 ) ;
#5873 = CARTESIAN_POINT ( 'NONE',  ( 0.9576537852278295126, -0.1450903546745302697, 0.08319526792550659133 ) ) ;
#5874 = LINE ( 'NONE', #3302, #3234 ) ;
#5875 = VECTOR ( 'NONE', #3432, 1000.000000000000114 ) ;
#5876 = LINE ( 'NONE', #1061, #7062 ) ;
#5877 = DIRECTION ( 'NONE',  ( 0.000000000000000000, -1.000000000000000000, 0.000000000000000000 ) ) ;
#5878 = EDGE_CURVE ( 'NONE', #2027, #9332, #6412, .T. ) ;
#5879 = EDGE_LOOP ( 'NONE', ( #3368, #2288, #8108, #8070 ) ) ;
#5880 = LINE ( 'NONE', #9880, #2248 ) ;
#5881 =( NAMED_UNIT ( * ) PLANE_ANGLE_UNIT ( ) SI_UNIT ( $, .RADIAN. ) );
#5882 = ORIENTED_EDGE ( 'NONE', *, *, #7735, .F. ) ;
#5883 = DIRECTION ( 'NONE',  ( 0.4093665898583241924, 0.000000000000000000, -0.9123699880573487020 ) ) ;
#5884 = DIRECTION ( 'NONE',  ( -0.3315857306873513100, 0.000000000000000000, -0.9434250914643594887 ) ) ;
#5885 = AXIS2_PLACEMENT_3D ( 'NONE', #4309, #6504, #8062 ) ;
#5886 = CARTESIAN_POINT ( 'NONE',  ( -1.189484353158713370, -0.1473724245436886238, 1.790317876362329086 ) ) ;
#5887 = LINE ( 'NONE', #7434, #1885 ) ;
#5888 = FACE_OUTER_BOUND ( 'NONE', #2355, .T. ) ;
#5889 = ORIENTED_EDGE ( 'NONE', *, *, #1622, .T. ) ;
#5890 = CARTESIAN_POINT ( 'NONE',  ( -1.084202172485504434E-16, 2.000000000000000000, 2.149444375840398269 ) ) ;
#5891 = VECTOR ( 'NONE', #8961, 1000.000000000000000 ) ;
#5892 = ORIENTED_EDGE ( 'NONE', *, *, #8768, .T. ) ;
#5893 = ADVANCED_FACE ( 'NONE', ( #8647 ), #9581, .F. ) ;
#5894 = CARTESIAN_POINT ( 'NONE',  ( 0.9482571523558142035, -0.1483595806240759762, -0.1575772761930756272 ) ) ;
#5895 = FACE_OUTER_BOUND ( 'NONE', #6381, .T. ) ;
#5896 = ORIENTED_EDGE ( 'NONE', *, *, #8381, .F. ) ;
#5897 = VECTOR ( 'NONE', #4911, 1000.000000000000000 ) ;
#5898 = DIRECTION ( 'NONE',  ( -0.000000000000000000, 1.000000000000000000, -0.000000000000000000 ) ) ;
#5899 = EDGE_CURVE ( 'NONE', #4552, #8665, #1649, .T. ) ;
#5900 = VECTOR ( 'NONE', #956, 1000.000000000000000 ) ;
#5901 = DIRECTION ( 'NONE',  ( 0.000000000000000000, 0.000000000000000000, 1.000000000000000000 ) ) ;
#5902 = FACE_OUTER_BOUND ( 'NONE', #2819, .T. ) ;
#5903 = VECTOR ( 'NONE', #1436, 1000.000000000000000 ) ;
#5904 = LINE ( 'NONE', #9849, #10232 ) ;
#5905 = VECTOR ( 'NONE', #3473, 1000.000000000000114 ) ;
#5906 = ORIENTED_EDGE ( 'NONE', *, *, #597, .T. ) ;
#5907 = DIRECTION ( 'NONE',  ( -0.9501623903509350821, 0.000000000000000000, -0.3117554040631813073 ) ) ;
#5908 = CARTESIAN_POINT ( 'NONE',  ( 1.035502725338356855, -0.1447179299707544164, 1.883572464931667190 ) ) ;
#5909 = EDGE_LOOP ( 'NONE', ( #9077, #8338, #3567, #38 ) ) ;
#5910 = EDGE_CURVE ( 'NONE', #690, #9010, #9533, .T. ) ;
#5911 = VECTOR ( 'NONE', #2668, 999.9999999999998863 ) ;
#5912 = VERTEX_POINT ( 'NONE', #78 ) ;
#5913 = EDGE_LOOP ( 'NONE', ( #7939, #6803, #1644, #9133 ) ) ;
#5914 = ORIENTED_EDGE ( 'NONE', *, *, #7678, .F. ) ;
#5915 = EDGE_CURVE ( 'NONE', #8033, #5225, #3266, .T. ) ;
#5916 = EDGE_CURVE ( 'NONE', #4944, #9562, #6360, .T. ) ;
#5917 = VERTEX_POINT ( 'NONE', #5583 ) ;
#5918 = DIRECTION ( 'NONE',  ( 0.8427808753721419688, 0.000000000000000000, 0.5382568124111073438 ) ) ;
#5919 = LINE ( 'NONE', #3706, #4103 ) ;
#5920 = ORIENTED_EDGE ( 'NONE', *, *, #4938, .F. ) ;
#5921 = CARTESIAN_POINT ( 'NONE',  ( -0.6034353314822568093, -3.006278401112418225E-16, 2.161262496148832035 ) ) ;
#5922 = ORIENTED_EDGE ( 'NONE', *, *, #5673, .F. ) ;
#5923 = VERTEX_POINT ( 'NONE', #10262 ) ;
#5924 = LINE ( 'NONE', #4188, #7815 ) ;
#5925 = LINE ( 'NONE', #1156, #8300 ) ;
#5926 = VECTOR ( 'NONE', #3321, 1000.000000000000114 ) ;
#5927 = CARTESIAN_POINT ( 'NONE',  ( 1.121961427204688500, 2.000000000000000000, -1.943294196050974643 ) ) ;
#5928 = DIRECTION ( 'NONE',  ( 0.5854522923790256295, 0.000000000000000000, -0.8107068603065745727 ) ) ;
#5929 = ORIENTED_EDGE ( 'NONE', *, *, #1362, .T. ) ;
#5930 = PLANE ( 'NONE',  #10219 ) ;
#5931 = ADVANCED_FACE ( 'NONE', ( #3118 ), #2476, .F. ) ;
#5932 = ORIENTED_EDGE ( 'NONE', *, *, #9529, .T. ) ;
#5933 = LINE ( 'NONE', #2827, #381 ) ;
#5934 = VERTEX_POINT ( 'NONE', #4691 ) ;
#5935 = DIRECTION ( 'NONE',  ( -0.7164852230950522483, 0.000000000000000000, -0.6976022685502342169 ) ) ;
#5936 = DIRECTION ( 'NONE',  ( 0.08654807566954357545, 0.000000000000000000, 0.9962476753287302644 ) ) ;
#5937 = CARTESIAN_POINT ( 'NONE',  ( 2.148972967168877091, 2.000000000000000000, -0.04501456663474827369 ) ) ;
#5938 = DIRECTION ( 'NONE',  ( -0.000000000000000000, -1.000000000000000000, -0.000000000000000000 ) ) ;
#5939 = DIRECTION ( 'NONE',  ( 0.7723462619080264657, 0.000000000000000000, -0.6352017409584912455 ) ) ;
#5940 = ORIENTED_EDGE ( 'NONE', *, *, #5011, .T. ) ;
#5941 = DIRECTION ( 'NONE',  ( 0.3315857306873577492, 0.000000000000000000, 0.9434250914643573793 ) ) ;
#5942 = ORIENTED_EDGE ( 'NONE', *, *, #5591, .T. ) ;
#5943 = PLANE ( 'NONE',  #218 ) ;
#5944 = ORIENTED_EDGE ( 'NONE', *, *, #3487, .T. ) ;
#5945 = CARTESIAN_POINT ( 'NONE',  ( -0.2168078926774448245, -0.1494084084223078757, 0.9364916244361998210 ) ) ;
#5946 = DIRECTION ( 'NONE',  ( 0.000000000000000000, 0.000000000000000000, -1.000000000000000000 ) ) ;
#5947 = ADVANCED_FACE ( 'NONE', ( #6257 ), #815, .F. ) ;
#5948 = DIRECTION ( 'NONE',  ( -0.4842760365308917403, 0.000000000000000000, -0.8749152647210645117 ) ) ;
#5949 = AXIS2_PLACEMENT_3D ( 'NONE', #2972, #3136, #6998 ) ;
#5950 = LINE ( 'NONE', #3486, #5744 ) ;
#5951 = EDGE_LOOP ( 'NONE', ( #6339, #431, #3318, #8182 ) ) ;
#5952 = CARTESIAN_POINT ( 'NONE',  ( -2.092653697217581765, 2.000000000000000000, 0.4908274934776042375 ) ) ;
#5953 = CARTESIAN_POINT ( 'NONE',  ( -0.8770254568504679549, -0.1427855095417420173, 0.3935080342288004296 ) ) ;
#5954 = ORIENTED_EDGE ( 'NONE', *, *, #2701, .T. ) ;
#5955 = VECTOR ( 'NONE', #5602, 1000.000000000000000 ) ;
#5956 = ORIENTED_EDGE ( 'NONE', *, *, #9206, .T. ) ;
#5957 = ORIENTED_EDGE ( 'NONE', *, *, #3697, .T. ) ;
#5958 = DIRECTION ( 'NONE',  ( 0.8749152647210645117, 0.000000000000000000, -0.4842760365308917403 ) ) ;
#5959 = ORIENTED_EDGE ( 'NONE', *, *, #1321, .T. ) ;
#5960 = CARTESIAN_POINT ( 'NONE',  ( -0.04699317460289415688, 2.000000000000000000, -2.243430725046186680 ) ) ;
#5961 = CARTESIAN_POINT ( 'NONE',  ( 2.009908089764452122, 2.000000000000000000, -0.9977270404474347654 ) ) ;
#5962 = ORIENTED_EDGE ( 'NONE', *, *, #4938, .T. ) ;
#5963 = DIRECTION ( 'NONE',  ( 0.000000000000000000, -1.000000000000000000, 0.000000000000000000 ) ) ;
#5964 = ORIENTED_EDGE ( 'NONE', *, *, #3413, .F. ) ;
#5965 = ORIENTED_EDGE ( 'NONE', *, *, #2826, .T. ) ;
#5966 = EDGE_CURVE ( 'NONE', #7200, #2843, #1597, .T. ) ;
#5967 = EDGE_CURVE ( 'NONE', #5917, #1528, #1900, .T. ) ;
#5968 = EDGE_CURVE ( 'NONE', #1486, #6540, #5887, .T. ) ;
#5969 = LINE ( 'NONE', #6695, #7020 ) ;
#5970 = CARTESIAN_POINT ( 'NONE',  ( 0.06312143415528455315, 2.000000000000000000, 0.9591860661605581262 ) ) ;
#5971 = FACE_OUTER_BOUND ( 'NONE', #1512, .T. ) ;
#5972 = EDGE_LOOP ( 'NONE', ( #7835, #4078, #3441, #9721 ) ) ;
#5973 = DIRECTION ( 'NONE',  ( 0.4842760365308856896, 0.000000000000000000, 0.8749152647210679534 ) ) ;
#5974 = VECTOR ( 'NONE', #4981, 1000.000000000000000 ) ;
#5975 = ORIENTED_EDGE ( 'NONE', *, *, #6420, .F. ) ;
#5976 = CARTESIAN_POINT ( 'NONE',  ( 1.113470241830473384, -2.981555974335137194E-16, 1.838557898296898196 ) ) ;
#5977 = SURFACE_STYLE_FILL_AREA ( #9198 ) ;
#5978 = ORIENTED_EDGE ( 'NONE', *, *, #2621, .T. ) ;
#5979 = CARTESIAN_POINT ( 'NONE',  ( 0.9194294835318199688, -0.1454566137144368831, 0.2804846694184860434 ) ) ;
#5980 = EDGE_CURVE ( 'NONE', #5397, #9893, #1018, .T. ) ;
#5981 = DIRECTION ( 'NONE',  ( 0.3848583835432607403, 0.000000000000000000, -0.9229756359820493472 ) ) ;
#5982 = VECTOR ( 'NONE', #7217, 1000.000000000000000 ) ;
#5983 = CARTESIAN_POINT ( 'NONE',  ( -1.656175356194970583, -2.981555974335137194E-16, 1.370107409791065933 ) ) ;
#5984 = CARTESIAN_POINT ( 'NONE',  ( -1.765014549298234536, 2.000000000000000000, 1.226717068275106515 ) ) ;
#5985 = VERTEX_POINT ( 'NONE', #125 ) ;
#5986 = CARTESIAN_POINT ( 'NONE',  ( -2.086346706177057087, 2.000000000000000000, 0.8260430970383608740 ) ) ;
#5987 = EDGE_LOOP ( 'NONE', ( #8921, #6959, #1423, #5609 ) ) ;
#5988 = AXIS2_PLACEMENT_3D ( 'NONE', #4041, #5519, #8048 ) ;
#5989 = CARTESIAN_POINT ( 'NONE',  ( -0.6034353314822429315, -0.1459623876292463207, -2.161262496148836032 ) ) ;
#5990 = ORIENTED_EDGE ( 'NONE', *, *, #6912, .T. ) ;
#5991 = VERTEX_POINT ( 'NONE', #969 ) ;
#5992 = CARTESIAN_POINT ( 'NONE',  ( -0.2693968139906857129, 2.000000000000000000, 2.132495364928981285 ) ) ;
#5993 = CARTESIAN_POINT ( 'NONE',  ( 1.597348465557292041, -0.1498172852299859137, -1.438259018540709810 ) ) ;
#5994 = CARTESIAN_POINT ( 'NONE',  ( -0.3277990464325288844, -3.006278401112418225E-16, 2.219850797170500378 ) ) ;
#5995 = ORIENTED_EDGE ( 'NONE', *, *, #1282, .F. ) ;
#5996 = CARTESIAN_POINT ( 'NONE',  ( 0.8770254568504624038, 2.000000000000000000, 0.3935080342288126976 ) ) ;
#5997 = ORIENTED_EDGE ( 'NONE', *, *, #151, .F. ) ;
#5998 = EDGE_CURVE ( 'NONE', #9599, #9788, #9059, .T. ) ;
#5999 = VERTEX_POINT ( 'NONE', #7383 ) ;
#6000 = ORIENTED_EDGE ( 'NONE', *, *, #3892, .F. ) ;
#6001 = DIRECTION ( 'NONE',  ( -0.06566525712177298524, 0.000000000000000000, -0.9978417078911522298 ) ) ;
#6002 = AXIS2_PLACEMENT_3D ( 'NONE', #437, #10084, #7641 ) ;
#6003 = ORIENTED_EDGE ( 'NONE', *, *, #2673, .T. ) ;
#6004 = DIRECTION ( 'NONE',  ( 0.9362739751521681475, 0.000000000000000000, 0.3512706128510568737 ) ) ;
#6005 = LINE ( 'NONE', #2708, #3109 ) ;
#6006 = VERTEX_POINT ( 'NONE', #5105 ) ;
#6007 = LINE ( 'NONE', #9188, #4649 ) ;
#6008 = ORIENTED_EDGE ( 'NONE', *, *, #8712, .T. ) ;
#6009 = VERTEX_POINT ( 'NONE', #8161 ) ;
#6010 = EDGE_CURVE ( 'NONE', #2583, #58, #8318, .T. ) ;
#6011 = AXIS2_PLACEMENT_3D ( 'NONE', #7031, #6255, #6098 ) ;
#6012 = AXIS2_PLACEMENT_3D ( 'NONE', #310, #8981, #1825 ) ;
#6013 = CARTESIAN_POINT ( 'NONE',  ( -0.8410217014933173418, -2.981555974335137194E-16, -0.4655155449431011006 ) ) ;
#6014 = EDGE_CURVE ( 'NONE', #5506, #1916, #4259, .T. ) ;
#6015 = VECTOR ( 'NONE', #6433, 1000.000000000000000 ) ;
#6016 = FACE_OUTER_BOUND ( 'NONE', #5410, .T. ) ;
#6017 = ORIENTED_EDGE ( 'NONE', *, *, #9421, .T. ) ;
#6018 = LINE ( 'NONE', #371, #2874 ) ;
#6019 = EDGE_CURVE ( 'NONE', #9505, #4448, #1848, .T. ) ;
#6020 = CARTESIAN_POINT ( 'NONE',  ( -0.1376839174504086438, -0.1478946242935122724, 0.9513492333743143181 ) ) ;
#6021 = ADVANCED_FACE ( 'NONE', ( #9833 ), #4951, .F. ) ;
#6022 = VERTEX_POINT ( 'NONE', #6660 ) ;
#6023 = DIRECTION ( 'NONE',  ( 0.8458679691042384485, 0.000000000000000000, -0.5333923310692336717 ) ) ;
#6024 = EDGE_LOOP ( 'NONE', ( #7517, #263, #4235, #1758 ) ) ;
#6025 = ADVANCED_FACE ( 'NONE', ( #2678 ), #6611, .F. ) ;
#6026 = DIRECTION ( 'NONE',  ( 0.6234027750479949059, 0.000000000000000000, -0.7819008761105585847 ) ) ;
#6027 = CARTESIAN_POINT ( 'NONE',  ( -0.7760454256538800166, 2.000000000000000000, 0.5672527851743653926 ) ) ;
#6028 = PLANE ( 'NONE',  #6002 ) ;
#6029 = DIRECTION ( 'NONE',  ( 0.5854522923790143052, 0.000000000000000000, 0.8107068603065827883 ) ) ;
#6030 = LINE ( 'NONE', #2056, #9051 ) ;
#6031 = EDGE_CURVE ( 'NONE', #8299, #5677, #9005, .T. ) ;
#6032 = ORIENTED_EDGE ( 'NONE', *, *, #3971, .F. ) ;
#6033 = ADVANCED_FACE ( 'NONE', ( #5730 ), #2579, .F. ) ;
#6034 = DIRECTION ( 'NONE',  ( 0.8227898466237346664, 0.000000000000000000, -0.5683457295457503555 ) ) ;
#6035 = ORIENTED_EDGE ( 'NONE', *, *, #1424, .F. ) ;
#6036 = EDGE_CURVE ( 'NONE', #8298, #8975, #9106, .T. ) ;
#6037 = PLANE ( 'NONE',  #8577 ) ;
#6038 = ORIENTED_EDGE ( 'NONE', *, *, #850, .T. ) ;
#6039 = ORIENTED_EDGE ( 'NONE', *, *, #7, .T. ) ;
#6040 = VECTOR ( 'NONE', #4876, 1000.000000000000000 ) ;
#6041 = LINE ( 'NONE', #9164, #1368 ) ;
#6042 = LINE ( 'NONE', #2846, #1168 ) ;
#6043 = VECTOR ( 'NONE', #1026, 1000.000000000000000 ) ;
#6044 = CARTESIAN_POINT ( 'NONE',  ( -0.5789693251283276609, -2.981555974335137194E-16, 0.7673439551640682810 ) ) ;
#6045 = CARTESIAN_POINT ( 'NONE',  ( 0.6745345522507247837, -0.1458349236714011621, 0.6848542639031319768 ) ) ;
#6046 = CARTESIAN_POINT ( 'NONE',  ( 0.06312143415530466206, -2.981555974335137194E-16, -0.9591860661605567939 ) ) ;
#6047 = ORIENTED_EDGE ( 'NONE', *, *, #2698, .F. ) ;
#6048 = CARTESIAN_POINT ( 'NONE',  ( 2.173425891652579711, 2.000000000000000000, 0.5580409214697230613 ) ) ;
#6049 = CARTESIAN_POINT ( 'NONE',  ( 0.2345538076625457158, 2.000000000000000000, 2.231630410227372963 ) ) ;
#6050 = VERTEX_POINT ( 'NONE', #1950 ) ;
#6051 = EDGE_CURVE ( 'NONE', #7696, #8349, #5054, .T. ) ;
#6052 = VECTOR ( 'NONE', #6700, 1000.000000000000114 ) ;
#6053 = ORIENTED_EDGE ( 'NONE', *, *, #1557, .T. ) ;
#6054 = EDGE_LOOP ( 'NONE', ( #4539, #7959, #9902, #4873 ) ) ;
#6055 = CARTESIAN_POINT ( 'NONE',  ( -0.7026215908543882449, -2.981555974335137194E-16, -0.6560069550177308750 ) ) ;
#6056 = CARTESIAN_POINT ( 'NONE',  ( 0.5833806464172418549, -0.1456920279732068779, 0.7639955800606361702 ) ) ;
#6057 = CARTESIAN_POINT ( 'NONE',  ( -0.2168078926774252013, -0.1494084084223070152, -0.9364916244362043729 ) ) ;
#6058 = ADVANCED_FACE ( 'NONE', ( #5155 ), #8217, .F. ) ;
#6059 = CARTESIAN_POINT ( 'NONE',  ( -1.501477460193416658, 2.000000000000000000, -1.667559658024777569 ) ) ;
#6060 = CARTESIAN_POINT ( 'NONE',  ( 0.4204692142881451544, 2.000000000000000000, 2.204176811505034639 ) ) ;
#6061 = VECTOR ( 'NONE', #10227, 1000.000000000000000 ) ;
#6062 = AXIS2_PLACEMENT_3D ( 'NONE', #10255, #9427, #3898 ) ;
#6063 = ORIENTED_EDGE ( 'NONE', *, *, #7906, .F. ) ;
#6064 = CARTESIAN_POINT ( 'NONE',  ( 0.9317457544248161083, -2.981555974335137194E-16, 0.2363727439399835040 ) ) ;
#6065 = EDGE_LOOP ( 'NONE', ( #3192, #8028, #2164, #9197 ) ) ;
#6066 = VERTEX_POINT ( 'NONE', #1069 ) ;
#6067 = DIRECTION ( 'NONE',  ( 0.4231710054858802694, 0.000000000000000000, 0.9060498331306446884 ) ) ;
#6068 = VECTOR ( 'NONE', #2904, 999.9999999999998863 ) ;
#6069 = EDGE_CURVE ( 'NONE', #8943, #2703, #1753, .T. ) ;
#6070 = ADVANCED_FACE ( 'NONE', ( #179 ), #6560, .F. ) ;
#6071 = VERTEX_POINT ( 'NONE', #5983 ) ;
#6072 = CARTESIAN_POINT ( 'NONE',  ( -1.121961427204674733, -3.006278401112418225E-16, 1.943294196050981970 ) ) ;
#6073 = PLANE ( 'NONE',  #1797 ) ;
#6074 = ORIENTED_EDGE ( 'NONE', *, *, #2939, .T. ) ;
#6075 = EDGE_CURVE ( 'NONE', #198, #8610, #1329, .T. ) ;
#6076 = ORIENTED_EDGE ( 'NONE', *, *, #6286, .F. ) ;
#6077 = PRESENTATION_STYLE_ASSIGNMENT (( #1271 ) ) ;
#6078 = ORIENTED_EDGE ( 'NONE', *, *, #5267, .F. ) ;
#6079 = CARTESIAN_POINT ( 'NONE',  ( 0.6212577703813537688, -0.1459623876292454603, -2.057705009852653699 ) ) ;
#6080 = VECTOR ( 'NONE', #4723, 1000.000000000000000 ) ;
#6081 = CARTESIAN_POINT ( 'NONE',  ( -1.656175356194970583, -0.1494084084223070152, 1.370107409791065933 ) ) ;
#6082 = FACE_OUTER_BOUND ( 'NONE', #1820, .T. ) ;
#6083 = LINE ( 'NONE', #4469, #235 ) ;
#6084 = CARTESIAN_POINT ( 'NONE',  ( 1.202353991258257704, -3.006278401112418225E-16, 1.894606728650017669 ) ) ;
#6085 = EDGE_CURVE ( 'NONE', #1760, #708, #6191, .T. ) ;
#6086 = VECTOR ( 'NONE', #4713, 1000.000000000000000 ) ;
#6087 = ORIENTED_EDGE ( 'NONE', *, *, #3602, .T. ) ;
#6088 = ORIENTED_EDGE ( 'NONE', *, *, #4543, .T. ) ;
#6089 = LINE ( 'NONE', #2943, #3252 ) ;
#6090 = CARTESIAN_POINT ( 'NONE',  ( -1.535719282928341034, 2.000000000000000000, -1.503887432248167011 ) ) ;
#6091 = ORIENTED_EDGE ( 'NONE', *, *, #7807, .F. ) ;
#6092 = ORIENTED_EDGE ( 'NONE', *, *, #10237, .F. ) ;
#6093 = PLANE ( 'NONE',  #4881 ) ;
#6094 = CARTESIAN_POINT ( 'NONE',  ( -1.919371412219104789, 2.000000000000000000, 1.162412645533687172 ) ) ;
#6095 = EDGE_CURVE ( 'NONE', #5810, #3493, #9260, .T. ) ;
#6096 = EDGE_CURVE ( 'NONE', #7581, #1503, #3560, .T. ) ;
#6097 = ADVANCED_FACE ( 'NONE', ( #10139 ), #2160, .F. ) ;
#6098 = DIRECTION ( 'NONE',  ( -0.8227898466237386632, 0.000000000000000000, 0.5683457295457445824 ) ) ;
#6099 = ADVANCED_FACE ( 'NONE', ( #4520 ), #2779, .F. ) ;
#6100 = LINE ( 'NONE', #5327, #4910 ) ;
#6101 = CARTESIAN_POINT ( 'NONE',  ( -0.1798608697330848216, -2.981555974335137194E-16, -2.141905971878966142 ) ) ;
#6102 = CYLINDRICAL_SURFACE ( 'NONE', #4924, 3.600000000000000089 ) ;
#6103 = VERTEX_POINT ( 'NONE', #10086 ) ;
#6104 = LINE ( 'NONE', #5121, #958 ) ;
#6105 = ORIENTED_EDGE ( 'NONE', *, *, #6762, .T. ) ;
#6106 = ORIENTED_EDGE ( 'NONE', *, *, #9418, .T. ) ;
#6107 = VECTOR ( 'NONE', #3849, 1000.000000000000000 ) ;
#6108 = PLANE ( 'NONE',  #9743 ) ;
#6109 = ORIENTED_EDGE ( 'NONE', *, *, #1206, .F. ) ;
#6110 = ORIENTED_EDGE ( 'NONE', *, *, #4816, .T. ) ;
#6111 = DIRECTION ( 'NONE',  ( -0.5901133345588763790, 0.000000000000000000, 0.8073204149380861505 ) ) ;
#6112 = VECTOR ( 'NONE', #736, 1000.000000000000000 ) ;
#6113 = LINE ( 'NONE', #7771, #6481 ) ;
#6114 = CARTESIAN_POINT ( 'NONE',  ( -1.501477460193416658, -0.1499342098531314116, -1.667559658024777347 ) ) ;
#6115 = EDGE_CURVE ( 'NONE', #8694, #7437, #8531, .T. ) ;
#6116 = DIRECTION ( 'NONE',  ( -0.1639277132441447071, 0.000000000000000000, 0.9864723538095456767 ) ) ;
#6117 = ORIENTED_EDGE ( 'NONE', *, *, #9117, .F. ) ;
#6118 = DIRECTION ( 'NONE',  ( 0.9817433889756570498, 0.000000000000000000, -0.1902101947914253410 ) ) ;
#6119 = LINE ( 'NONE', #5131, #9102 ) ;
#6120 = ORIENTED_EDGE ( 'NONE', *, *, #7467, .T. ) ;
#6121 = VECTOR ( 'NONE', #1576, 1000.000000000000000 ) ;
#6122 = EDGE_LOOP ( 'NONE', ( #4671, #5479, #3883, #21 ) ) ;
#6123 = FACE_OUTER_BOUND ( 'NONE', #7448, .T. ) ;
#6124 = PRODUCT_DEFINITION_CONTEXT ( 'detailed design', #3600, 'design' ) ;
#6125 = EDGE_LOOP ( 'NONE', ( #3623, #2699, #1296, #8264 ) ) ;
#6126 = DIRECTION ( 'NONE',  ( -0.7269936399417157302, 0.000000000000000000, 0.6866441927842213966 ) ) ;
#6127 = CARTESIAN_POINT ( 'NONE',  ( 2.241954552820973223, -0.1421340054777718021, 0.09396573644630584754 ) ) ;
#6128 = EDGE_LOOP ( 'NONE', ( #7055, #6591 ) ) ;
#6129 = LINE ( 'NONE', #9305, #5755 ) ;
#6130 = ORIENTED_EDGE ( 'NONE', *, *, #7393, .T. ) ;
#6131 = ADVANCED_FACE ( 'NONE', ( #5258 ), #5205, .T. ) ;
#6132 = VECTOR ( 'NONE', #9957, 1000.000000000000114 ) ;
#6133 = CARTESIAN_POINT ( 'NONE',  ( -1.471395926836233548, -0.1499342098531314116, -1.566877516375055457 ) ) ;
#6134 = DIRECTION ( 'NONE',  ( 0.6866441927842316106, 0.000000000000000000, -0.7269936399417061823 ) ) ;
#6135 = DIRECTION ( 'NONE',  ( 0.3848583835432543010, 0.000000000000000000, 0.9229756359820520117 ) ) ;
#6136 = DIRECTION ( 'NONE',  ( -0.4842760365309040083, 0.000000000000000000, 0.8749152647210578504 ) ) ;
#6137 = DIRECTION ( 'NONE',  ( -1.000000000000000000, 0.000000000000000000, 1.486905836551550312E-16 ) ) ;
#6138 = PLANE ( 'NONE',  #8423 ) ;
#6139 = VECTOR ( 'NONE', #9789, 1000.000000000000000 ) ;
#6140 = ORIENTED_EDGE ( 'NONE', *, *, #1840, .T. ) ;
#6141 = ORIENTED_EDGE ( 'NONE', *, *, #1863, .F. ) ;
#6142 = DIRECTION ( 'NONE',  ( 0.000000000000000000, -1.000000000000000000, 0.000000000000000000 ) ) ;
#6143 = VERTEX_POINT ( 'NONE', #6966 ) ;
#6144 = ORIENTED_EDGE ( 'NONE', *, *, #6115, .T. ) ;
#6145 = PLANE ( 'NONE',  #7363 ) ;
#6146 = CARTESIAN_POINT ( 'NONE',  ( -1.815371723283494498, -0.1478946242935122724, -1.318944761103851615 ) ) ;
#6147 = VECTOR ( 'NONE', #1304, 1000.000000000000114 ) ;
#6148 = CARTESIAN_POINT ( 'NONE',  ( 0.7912632493768166908, 2.000000000000000000, 1.998502838381162272 ) ) ;
#6149 = DIRECTION ( 'NONE',  ( 0.9742326696776257844, 0.000000000000000000, -0.2255453509447843674 ) ) ;
#6150 = LINE ( 'NONE', #5080, #1967 ) ;
#6151 = LINE ( 'NONE', #9326, #2427 ) ;
#6152 = ORIENTED_EDGE ( 'NONE', *, *, #6462, .T. ) ;
#6153 = VECTOR ( 'NONE', #1835, 1000.000000000000000 ) ;
#6154 = VERTEX_POINT ( 'NONE', #439 ) ;
#6155 = ADVANCED_FACE ( 'NONE', ( #2213 ), #3780, .F. ) ;
#6156 = EDGE_CURVE ( 'NONE', #4434, #9860, #6083, .T. ) ;
#6157 = EDGE_CURVE ( 'NONE', #7186, #3290, #9312, .T. ) ;
#6158 = ORIENTED_EDGE ( 'NONE', *, *, #9025, .T. ) ;
#6159 = VERTEX_POINT ( 'NONE', #5368 ) ;
#6160 = LINE ( 'NONE', #1402, #3708 ) ;
#6161 = EDGE_CURVE ( 'NONE', #997, #7850, #1381, .T. ) ;
#6162 = AXIS2_PLACEMENT_3D ( 'NONE', #9153, #5200, #5050 ) ;
#6163 = DIRECTION ( 'NONE',  ( -0.9997162067481560888, 0.000000000000000000, -0.02382238369848571277 ) ) ;
#6164 = LINE ( 'NONE', #10004, #7502 ) ;
#6165 = CARTESIAN_POINT ( 'NONE',  ( -1.280637217848593856, -0.1473724245436886238, 1.842595477255276393 ) ) ;
#6166 = ORIENTED_EDGE ( 'NONE', *, *, #9245, .T. ) ;
#6167 = LINE ( 'NONE', #9914, #9618 ) ;
#6168 = LINE ( 'NONE', #7829, #10091 ) ;
#6169 = ORIENTED_EDGE ( 'NONE', *, *, #3545, .F. ) ;
#6170 = DIRECTION ( 'NONE',  ( 0.8848652934418804739, 0.000000000000000000, -0.4658469839571945381 ) ) ;
#6171 = EDGE_CURVE ( 'NONE', #2299, #1413, #2108, .T. ) ;
#6172 = ORIENTED_EDGE ( 'NONE', *, *, #5317, .F. ) ;
#6173 = FACE_OUTER_BOUND ( 'NONE', #3340, .T. ) ;
#6174 = VECTOR ( 'NONE', #4676, 999.9999999999998863 ) ;
#6175 = VERTEX_POINT ( 'NONE', #4576 ) ;
#6176 = CARTESIAN_POINT ( 'NONE',  ( 1.501477460193438640, -3.006278401112418225E-16, -1.667559658024756031 ) ) ;
#6177 = LINE ( 'NONE', #9356, #6806 ) ;
#6178 = AXIS2_PLACEMENT_3D ( 'NONE', #6057, #3652, #6213 ) ;
#6179 = ORIENTED_EDGE ( 'NONE', *, *, #1752, .F. ) ;
#6180 = VECTOR ( 'NONE', #3305, 1000.000000000000114 ) ;
#6181 = LINE ( 'NONE', #2261, #6080 ) ;
#6182 = VERTEX_POINT ( 'NONE', #3678 ) ;
#6183 = VECTOR ( 'NONE', #8195, 999.9999999999998863 ) ;
#6184 = CARTESIAN_POINT ( 'NONE',  ( 0.5463284409049905532, 2.000000000000000000, -0.7909155831216813093 ) ) ;
#6185 = CARTESIAN_POINT ( 'NONE',  ( -0.9602976163832703804, 2.000000000000000000, 0.04301991323789317728 ) ) ;
#6186 = CARTESIAN_POINT ( 'NONE',  ( 0.3750546960483663872, -0.1433794608872670517, -0.8850741211550896548 ) ) ;
#6187 = DIRECTION ( 'NONE',  ( 0.002880682490144836037, 0.000000000000000000, 0.9999958508255877287 ) ) ;
#6188 = VECTOR ( 'NONE', #6901, 1000.000000000000114 ) ;
#6189 = VECTOR ( 'NONE', #5864, 1000.000000000000000 ) ;
#6190 = EDGE_CURVE ( 'NONE', #6237, #9111, #5420, .T. ) ;
#6191 = LINE ( 'NONE', #9155, #1220 ) ;
#6192 = PLANE ( 'NONE',  #3764 ) ;
#6193 = VERTEX_POINT ( 'NONE', #9982 ) ;
#6194 = ORIENTED_EDGE ( 'NONE', *, *, #9774, .F. ) ;
#6195 = FACE_OUTER_BOUND ( 'NONE', #6054, .T. ) ;
#6196 = ORIENTED_EDGE ( 'NONE', *, *, #2642, .T. ) ;
#6197 = ORIENTED_EDGE ( 'NONE', *, *, #5785, .T. ) ;
#6198 = LINE ( 'NONE', #4477, #7210 ) ;
#6199 = CARTESIAN_POINT ( 'NONE',  ( 0.01736256296938100754, -2.981555974335137194E-16, 0.9611039310987760098 ) ) ;
#6200 = DIRECTION ( 'NONE',  ( -0.1281906809831440119, 0.000000000000000000, -0.9917495396061839497 ) ) ;
#6201 = LINE ( 'NONE', #5431, #2058 ) ;
#6202 = PLANE ( 'NONE',  #2910 ) ;
#6203 = EDGE_CURVE ( 'NONE', #1757, #4925, #2835, .T. ) ;
#6204 = ORIENTED_EDGE ( 'NONE', *, *, #4046, .F. ) ;
#6205 = PLANE ( 'NONE',  #3137 ) ;
#6206 = DIRECTION ( 'NONE',  ( 0.8568529824403241513, 0.000000000000000000, 0.5155608271417849719 ) ) ;
#6207 = ORIENTED_EDGE ( 'NONE', *, *, #4827, .T. ) ;
#6208 = ORIENTED_EDGE ( 'NONE', *, *, #4890, .T. ) ;
#6209 = EDGE_CURVE ( 'NONE', #3445, #5506, #492, .T. ) ;
#6210 = ORIENTED_EDGE ( 'NONE', *, *, #4629, .F. ) ;
#6211 = DIRECTION ( 'NONE',  ( -0.000000000000000000, 1.000000000000000000, -0.000000000000000000 ) ) ;
#6212 = LINE ( 'NONE', #3756, #7806 ) ;
#6213 = DIRECTION ( 'NONE',  ( -0.9742326696776274497, 0.000000000000000000, 0.2255453509447774563 ) ) ;
#6214 = VECTOR ( 'NONE', #9622, 1000.000000000000000 ) ;
#6215 = CARTESIAN_POINT ( 'NONE',  ( 0.4782302799131947779, 2.000000000000000000, -0.8338573165359491890 ) ) ;
#6216 = ORIENTED_EDGE ( 'NONE', *, *, #5202, .T. ) ;
#6217 = DIRECTION ( 'NONE',  ( -0.9978417078911512306, 0.000000000000000000, -0.06566525712178676588 ) ) ;
#6218 = DIRECTION ( 'NONE',  ( 0.2514790358596649678, 0.000000000000000000, -0.9678627457047270788 ) ) ;
#6219 = EDGE_CURVE ( 'NONE', #567, #7927, #7796, .T. ) ;
#6220 = EDGE_LOOP ( 'NONE', ( #3556, #2257, #5546, #7780 ) ) ;
#6221 = VECTOR ( 'NONE', #7821, 1000.000000000000227 ) ;
#6222 = ORIENTED_EDGE ( 'NONE', *, *, #3884, .F. ) ;
#6223 = VECTOR ( 'NONE', #3132, 1000.000000000000114 ) ;
#6224 = PLANE ( 'NONE',  #7510 ) ;
#6225 = AXIS2_PLACEMENT_3D ( 'NONE', #5522, #6402, #8788 ) ;
#6226 = ADVANCED_FACE ( 'NONE', ( #7022 ), #1324, .F. ) ;
#6227 = ADVANCED_FACE ( 'NONE', ( #1527 ), #695, .F. ) ;
#6228 = VECTOR ( 'NONE', #5928, 999.9999999999998863 ) ;
#6229 = AXIS2_PLACEMENT_3D ( 'NONE', #2998, #4784, #7801 ) ;
#6230 = ORIENTED_EDGE ( 'NONE', *, *, #5915, .T. ) ;
#6231 = LINE ( 'NONE', #1418, #4954 ) ;
#6232 = LINE ( 'NONE', #3527, #9047 ) ;
#6233 = AXIS2_PLACEMENT_3D ( 'NONE', #3907, #3062, #33 ) ;
#6234 = CARTESIAN_POINT ( 'NONE',  ( -0.6934102960788298686, 2.000000000000000000, 2.134097452749630808 ) ) ;
#6235 = ORIENTED_EDGE ( 'NONE', *, *, #7417, .F. ) ;
#6236 = CARTESIAN_POINT ( 'NONE',  ( 0.8770254568504708415, -0.1427855095417420173, -0.3935080342287944344 ) ) ;
#6237 = VERTEX_POINT ( 'NONE', #1422 ) ;
#6238 = VECTOR ( 'NONE', #4480, 1000.000000000000227 ) ;
#6239 = DIRECTION ( 'NONE',  ( 0.4658469839571945936, 0.000000000000000000, 0.8848652934418805849 ) ) ;
#6240 = LINE ( 'NONE', #9420, #3819 ) ;
#6241 = DIRECTION ( 'NONE',  ( -0.9229756359820547873, 0.000000000000000000, 0.3848583835432478062 ) ) ;
#6242 = DIRECTION ( 'NONE',  ( 0.000000000000000000, -1.000000000000000000, 0.000000000000000000 ) ) ;
#6243 = EDGE_CURVE ( 'NONE', #7213, #6948, #10131, .T. ) ;
#6244 = DIRECTION ( 'NONE',  ( 0.1845508794245058481, 0.000000000000000000, -0.9828229611194690962 ) ) ;
#6245 = ORIENTED_EDGE ( 'NONE', *, *, #6421, .T. ) ;
#6246 = ORIENTED_EDGE ( 'NONE', *, *, #2767, .F. ) ;
#6247 = VECTOR ( 'NONE', #7904, 1000.000000000000000 ) ;
#6248 = VECTOR ( 'NONE', #5517, 1000.000000000000000 ) ;
#6249 = DIRECTION ( 'NONE',  ( -0.7723462619080310176, 0.000000000000000000, 0.6352017409584856944 ) ) ;
#6250 = ORIENTED_EDGE ( 'NONE', *, *, #5026, .T. ) ;
#6251 = ORIENTED_EDGE ( 'NONE', *, *, #8608, .F. ) ;
#6252 = CARTESIAN_POINT ( 'NONE',  ( -0.9605295310403395570, 2.000000000000000000, 0.03748659714901506068 ) ) ;
#6253 = CARTESIAN_POINT ( 'NONE',  ( -0.9602976163832700474, 2.000000000000000000, -0.04301991323789973454 ) ) ;
#6254 = VECTOR ( 'NONE', #3214, 1000.000000000000114 ) ;
#6255 = DIRECTION ( 'NONE',  ( -0.5683457295457445824, 0.000000000000000000, -0.8227898466237386632 ) ) ;
#6256 = VECTOR ( 'NONE', #10092, 1000.000000000000000 ) ;
#6257 = FACE_OUTER_BOUND ( 'NONE', #2533, .T. ) ;
#6258 = DIRECTION ( 'NONE',  ( -0.08080691660715476343, 0.000000000000000000, 0.9967297739249311173 ) ) ;
#6259 = CARTESIAN_POINT ( 'NONE',  ( -1.814835910835300270, 2.000000000000000000, 1.151729890892186914 ) ) ;
#6260 = DIRECTION ( 'NONE',  ( 0.8458679691042384485, 0.000000000000000000, -0.5333923310692336717 ) ) ;
#6261 = ORIENTED_EDGE ( 'NONE', *, *, #6014, .F. ) ;
#6262 = CARTESIAN_POINT ( 'NONE',  ( 0.9533299039201594827, -0.1456470276146848986, -0.1232246698432028914 ) ) ;
#6263 = CARTESIAN_POINT ( 'NONE',  ( -0.9581172076848548658, 2.000000000000000000, 0.07767651707281554574 ) ) ;
#6264 = EDGE_LOOP ( 'NONE', ( #9806, #8137, #4321, #9329 ) ) ;
#6265 = EDGE_LOOP ( 'NONE', ( #4168, #158, #5275, #9199 ) ) ;
#6266 = EDGE_LOOP ( 'NONE', ( #1522, #7492, #3151, #7378 ) ) ;
#6267 = LINE ( 'NONE', #2343, #3370 ) ;
#6268 = EDGE_CURVE ( 'NONE', #8598, #9445, #6287, .T. ) ;
#6269 = CARTESIAN_POINT ( 'NONE',  ( 0.9396752671476348295, 2.000000000000000000, 0.2025650939263916595 ) ) ;
#6270 = CARTESIAN_POINT ( 'NONE',  ( -0.2996782327926817424, 2.000000000000000000, 0.9133538097345639262 ) ) ;
#6271 = CARTESIAN_POINT ( 'NONE',  ( -0.9482571523558123161, 2.000000000000000000, -0.1575772761930885335 ) ) ;
#6272 = VECTOR ( 'NONE', #3781, 1000.000000000000000 ) ;
#6273 = EDGE_LOOP ( 'NONE', ( #7515, #2035, #5059, #8244 ) ) ;
#6274 = CARTESIAN_POINT ( 'NONE',  ( -0.4204692142881607531, -3.006278401112418225E-16, -2.204176811505031974 ) ) ;
#6275 = LINE ( 'NONE', #5393, #6775 ) ;
#6276 = VERTEX_POINT ( 'NONE', #3097 ) ;
#6277 = DIRECTION ( 'NONE',  ( 0.1281906809831506733, 0.000000000000000000, 0.9917495396061830615 ) ) ;
#6278 = ORIENTED_EDGE ( 'NONE', *, *, #5094, .F. ) ;
#6279 = DIRECTION ( 'NONE',  ( -0.000000000000000000, 1.000000000000000000, -0.000000000000000000 ) ) ;
#6280 = AXIS2_PLACEMENT_3D ( 'NONE', #7411, #8090, #9814 ) ;
#6281 = ORIENTED_EDGE ( 'NONE', *, *, #8123, .T. ) ;
#6282 = DIRECTION ( 'NONE',  ( -0.9035967632308834485, 0.000000000000000000, -0.4283840443791889219 ) ) ;
#6283 = LINE ( 'NONE', #2410, #7309 ) ;
#6284 = ORIENTED_EDGE ( 'NONE', *, *, #9082, .T. ) ;
#6285 = ADVANCED_FACE ( 'NONE', ( #3723 ), #4616, .F. ) ;
#6286 = EDGE_CURVE ( 'NONE', #1528, #868, #2204, .T. ) ;
#6287 = LINE ( 'NONE', #9358, #6248 ) ;
#6288 = ORIENTED_EDGE ( 'NONE', *, *, #1682, .T. ) ;
#6289 = EDGE_CURVE ( 'NONE', #1175, #972, #3885, .T. ) ;
#6290 =( NAMED_UNIT ( * ) PLANE_ANGLE_UNIT ( ) SI_UNIT ( $, .RADIAN. ) );
#6291 = LINE ( 'NONE', #5416, #7478 ) ;
#6292 = EDGE_CURVE ( 'NONE', #5, #7171, #6181, .T. ) ;
#6293 = CARTESIAN_POINT ( 'NONE',  ( -1.966364586822004989, -3.006278401112418225E-16, 1.081018079512505947 ) ) ;
#6294 = DIRECTION ( 'NONE',  ( -0.000000000000000000, 1.000000000000000000, -0.000000000000000000 ) ) ;
#6295 = DIRECTION ( 'NONE',  ( -0.9035967632308833375, 0.000000000000000000, -0.4283840443791889219 ) ) ;
#6296 = ORIENTED_EDGE ( 'NONE', *, *, #3534, .F. ) ;
#6297 = ORIENTED_EDGE ( 'NONE', *, *, #3472, .F. ) ;
#6298 = VECTOR ( 'NONE', #4530, 1000.000000000000000 ) ;
#6299 = DIRECTION ( 'NONE',  ( -0.5854522923790198563, 0.000000000000000000, 0.8107068603065787915 ) ) ;
#6300 = CARTESIAN_POINT ( 'NONE',  ( 1.861473433499359453, -0.1454656455588212438, 1.074722187920221117 ) ) ;
#6301 = VERTEX_POINT ( 'NONE', #8523 ) ;
#6302 = ORIENTED_EDGE ( 'NONE', *, *, #2330, .F. ) ;
#6303 = EDGE_CURVE ( 'NONE', #1361, #1139, #751, .T. ) ;
#6304 = DIRECTION ( 'NONE',  ( 0.000000000000000000, 1.000000000000000000, -0.000000000000000000 ) ) ;
#6305 = LINE ( 'NONE', #9374, #3459 ) ;
#6306 = DIRECTION ( 'NONE',  ( -0.08654807566953651166, 0.000000000000000000, -0.9962476753287308195 ) ) ;
#6307 = VECTOR ( 'NONE', #4795, 1000.000000000000000 ) ;
#6308 = DIRECTION ( 'NONE',  ( 0.9362739751521729215, 0.000000000000000000, -0.3512706128510444392 ) ) ;
#6309 = DIRECTION ( 'NONE',  ( 0.8645814692489248721, 0.000000000000000000, -0.5024926696294885753 ) ) ;
#6310 = PLANE ( 'NONE',  #3595 ) ;
#6311 = FACE_OUTER_BOUND ( 'NONE', #9382, .T. ) ;
#6312 = VERTEX_POINT ( 'NONE', #9464 ) ;
#6313 = CARTESIAN_POINT ( 'NONE',  ( -1.335122602884964538, -0.1491166960093056604, 1.684505494231942180 ) ) ;
#6314 = CARTESIAN_POINT ( 'NONE',  ( -0.4468946144997015257, 2.000000000000000000, 2.102473859139058376 ) ) ;
#6315 = EDGE_LOOP ( 'NONE', ( #1745, #6106, #1078, #549 ) ) ;
#6316 = EDGE_LOOP ( 'NONE', ( #553, #8069, #574, #1931 ) ) ;
#6317 = ORIENTED_EDGE ( 'NONE', *, *, #9649, .T. ) ;
#6318 = VECTOR ( 'NONE', #946, 999.9999999999998863 ) ;
#6319 = ORIENTED_EDGE ( 'NONE', *, *, #2393, .T. ) ;
#6320 = CARTESIAN_POINT ( 'NONE',  ( 1.039600561562668002, -3.006278401112418225E-16, 1.988572465096299258 ) ) ;
#6321 = FACE_OUTER_BOUND ( 'NONE', #9087, .T. ) ;
#6322 = CARTESIAN_POINT ( 'NONE',  ( -0.5124017362655465258, -3.006278401112418225E-16, -2.184635950727864540 ) ) ;
#6323 = VECTOR ( 'NONE', #5229, 1000.000000000000000 ) ;
#6324 = ORIENTED_EDGE ( 'NONE', *, *, #2365, .T. ) ;
#6325 = FACE_OUTER_BOUND ( 'NONE', #9961, .T. ) ;
#6326 = ADVANCED_FACE ( 'NONE', ( #6906 ), #10080, .F. ) ;
#6327 = CARTESIAN_POINT ( 'NONE',  ( 1.656175356194980353, -0.1494084084223070152, -1.370107409791054165 ) ) ;
#6328 = VERTEX_POINT ( 'NONE', #7072 ) ;
#6329 = DIRECTION ( 'NONE',  ( -0.8227898466237386632, 0.000000000000000000, 0.5683457295457445824 ) ) ;
#6330 = EDGE_LOOP ( 'NONE', ( #4461, #9501, #2802, #1774 ) ) ;
#6331 = LINE ( 'NONE', #5557, #1010 ) ;
#6332 = VERTEX_POINT ( 'NONE', #4567 ) ;
#6333 = LINE ( 'NONE', #3821, #5294 ) ;
#6334 = EDGE_CURVE ( 'NONE', #1050, #5991, #5362, .T. ) ;
#6335 = CARTESIAN_POINT ( 'NONE',  ( -0.4117887667798715290, 2.000000000000000000, 0.8685921001945040576 ) ) ;
#6336 = DIRECTION ( 'NONE',  ( -0.4420530731320692630, 0.000000000000000000, -0.8969888965502824663 ) ) ;
#6337 = ORIENTED_EDGE ( 'NONE', *, *, #1607, .T. ) ;
#6338 = CARTESIAN_POINT ( 'NONE',  ( 0.8770254568504624038, -0.1427855095417411291, 0.3935080342288126976 ) ) ;
#6339 = ORIENTED_EDGE ( 'NONE', *, *, #4813, .F. ) ;
#6340 = EDGE_CURVE ( 'NONE', #6022, #5558, #5411, .T. ) ;
#6341 =( LENGTH_UNIT ( ) NAMED_UNIT ( * ) SI_UNIT ( .MILLI., .METRE. ) );
#6342 = DIRECTION ( 'NONE',  ( 0.6866441927842316106, 0.000000000000000000, -0.7269936399417061823 ) ) ;
#6343 = LINE ( 'NONE', #8938, #5251 ) ;
#6344 = DIRECTION ( 'NONE',  ( -0.000000000000000000, 1.000000000000000000, -0.000000000000000000 ) ) ;
#6345 = EDGE_CURVE ( 'NONE', #7885, #1766, #6129, .T. ) ;
#6346 = ADVANCED_FACE ( 'NONE', ( #7739 ), #588, .F. ) ;
#6347 = CARTESIAN_POINT ( 'NONE',  ( 0.09772477418982074282, 2.000000000000000000, -0.9562803425125581125 ) ) ;
#6348 = VECTOR ( 'NONE', #332, 1000.000000000000000 ) ;
#6349 = ORIENTED_EDGE ( 'NONE', *, *, #5343, .F. ) ;
#6350 = ADVANCED_FACE ( 'NONE', ( #10187 ), #7317, .F. ) ;
#6351 = ORIENTED_EDGE ( 'NONE', *, *, #1948, .F. ) ;
#6352 = LINE ( 'NONE', #6300, #5066 ) ;
#6353 = EDGE_LOOP ( 'NONE', ( #9631, #3746, #2671, #4679 ) ) ;
#6354 = LINE ( 'NONE', #4098, #239 ) ;
#6355 = VECTOR ( 'NONE', #203, 1000.000000000000000 ) ;
#6356 = LINE ( 'NONE', #6410, #2824 ) ;
#6357 = VECTOR ( 'NONE', #1921, 1000.000000000000000 ) ;
#6358 = EDGE_CURVE ( 'NONE', #1852, #4197, #3249, .T. ) ;
#6359 = EDGE_CURVE ( 'NONE', #9295, #5191, #8044, .T. ) ;
#6360 = LINE ( 'NONE', #9627, #2550 ) ;
#6361 = FACE_OUTER_BOUND ( 'NONE', #5081, .T. ) ;
#6362 = CARTESIAN_POINT ( 'NONE',  ( 1.430330258545853717, 2.000000000000000000, 1.728972275089668109 ) ) ;
#6363 = DIRECTION ( 'NONE',  ( 0.7164852230950570222, 0.000000000000000000, -0.6976022685502293319 ) ) ;
#6364 = EDGE_CURVE ( 'NONE', #8985, #4013, #160, .T. ) ;
#6365 = ORIENTED_EDGE ( 'NONE', *, *, #5760, .T. ) ;
#6366 = PLANE ( 'NONE',  #5808 ) ;
#6367 = ORIENTED_EDGE ( 'NONE', *, *, #2365, .F. ) ;
#6368 = ORIENTED_EDGE ( 'NONE', *, *, #4506, .T. ) ;
#6369 = FACE_OUTER_BOUND ( 'NONE', #8132, .T. ) ;
#6370 = ORIENTED_EDGE ( 'NONE', *, *, #917, .F. ) ;
#6371 = DIRECTION ( 'NONE',  ( -0.9060498331306475750, 0.000000000000000000, 0.4231710054858739967 ) ) ;
#6372 = CARTESIAN_POINT ( 'NONE',  ( -2.173425891652582820, -0.1459816899409631941, -0.5580409214697080733 ) ) ;
#6373 = DIRECTION ( 'NONE',  ( -0.000000000000000000, 1.000000000000000000, -0.000000000000000000 ) ) ;
#6374 = FACE_OUTER_BOUND ( 'NONE', #4736, .T. ) ;
#6375 = ADVANCED_FACE ( 'NONE', ( #4932 ), #2558, .F. ) ;
#6376 = EDGE_LOOP ( 'NONE', ( #5385, #5545, #4610, #9905 ) ) ;
#6377 = DIRECTION ( 'NONE',  ( 0.5155608271417849719, 0.000000000000000000, -0.8568529824403241513 ) ) ;
#6378 = DIRECTION ( 'NONE',  ( 0.000000000000000000, 1.000000000000000000, -0.000000000000000000 ) ) ;
#6379 = ORIENTED_EDGE ( 'NONE', *, *, #2068, .T. ) ;
#6380 = DIRECTION ( 'NONE',  ( -0.4472135954999585383, 0.000000000000000000, 0.8944271909999155223 ) ) ;
#6381 = EDGE_LOOP ( 'NONE', ( #326, #7938, #7365, #10171 ) ) ;
#6382 = VECTOR ( 'NONE', #5666, 1000.000000000000000 ) ;
#6383 = DIRECTION ( 'NONE',  ( -0.000000000000000000, 1.000000000000000000, -0.000000000000000000 ) ) ;
#6384 = ORIENTED_EDGE ( 'NONE', *, *, #229, .F. ) ;
#6385 = CIRCLE ( 'NONE', #2702, 3.600000000000000533 ) ;
#6386 = DIRECTION ( 'NONE',  ( 0.000000000000000000, 1.000000000000000000, -0.000000000000000000 ) ) ;
#6387 = LINE ( 'NONE', #3986, #513 ) ;
#6388 = CARTESIAN_POINT ( 'NONE',  ( 0.7912632493768595454, -2.981555974335137194E-16, -1.998502838381145397 ) ) ;
#6389 = VERTEX_POINT ( 'NONE', #4984 ) ;
#6390 = VECTOR ( 'NONE', #7879, 1000.000000000000000 ) ;
#6391 = CARTESIAN_POINT ( 'NONE',  ( 0.09000938839288344373, 2.000000000000000000, -2.147558947929733009 ) ) ;
#6392 = FACE_OUTER_BOUND ( 'NONE', #6743, .T. ) ;
#6393 = VECTOR ( 'NONE', #8103, 1000.000000000000000 ) ;
#6394 = CARTESIAN_POINT ( 'NONE',  ( 0.7760454256538761308, -0.1454566137144368831, -0.5672527851743708327 ) ) ;
#6395 = EDGE_CURVE ( 'NONE', #6143, #7729, #4186, .T. ) ;
#6396 = LINE ( 'NONE', #8785, #9970 ) ;
#6397 = VECTOR ( 'NONE', #8897, 1000.000000000000000 ) ;
#6398 = CARTESIAN_POINT ( 'NONE',  ( -1.263411704741976394, -0.1483595806240759762, -1.738937028518541261 ) ) ;
#6399 = CARTESIAN_POINT ( 'NONE',  ( -0.5345450792948676089, -0.1460357895205570966, -2.081915628221654213 ) ) ;
#6400 = AXIS2_PLACEMENT_3D ( 'NONE', #8067, #715, #5632 ) ;
#6401 = ADVANCED_FACE ( 'NONE', ( #1580 ), #1680, .F. ) ;
#6402 = DIRECTION ( 'NONE',  ( -0.8538684397696777451, 0.000000000000000000, -0.5204888928356650180 ) ) ;
#6403 = ORIENTED_EDGE ( 'NONE', *, *, #1321, .F. ) ;
#6404 = AXIS2_PLACEMENT_3D ( 'NONE', #4296, #955, #4137 ) ;
#6405 = VERTEX_POINT ( 'NONE', #6391 ) ;
#6406 = DIRECTION ( 'NONE',  ( -0.9287121781303355750, 0.000000000000000000, 0.3708014161143508569 ) ) ;
#6407 = ORIENTED_EDGE ( 'NONE', *, *, #6031, .F. ) ;
#6408 = PLANE ( 'NONE',  #8357 ) ;
#6409 = CARTESIAN_POINT ( 'NONE',  ( 2.092653697217574660, -0.1459816899409631941, 0.4908274934776338805 ) ) ;
#6410 = CARTESIAN_POINT ( 'NONE',  ( -2.070264362223226406, -0.1460293543205271327, -0.5780281959735001918 ) ) ;
#6411 = EDGE_CURVE ( 'NONE', #6577, #9474, #7172, .T. ) ;
#6412 = LINE ( 'NONE', #9486, #8387 ) ;
#6413 = LINE ( 'NONE', #4743, #5113 ) ;
#6414 = DIRECTION ( 'NONE',  ( -0.9982034669914620073, 0.000000000000000000, -0.05991526087922019461 ) ) ;
#6415 = ORIENTED_EDGE ( 'NONE', *, *, #5657, .T. ) ;
#6416 = LINE ( 'NONE', #3345, #465 ) ;
#6417 = VERTEX_POINT ( 'NONE', #1630 ) ;
#6418 = ORIENTED_EDGE ( 'NONE', *, *, #1621, .T. ) ;
#6419 = ORIENTED_EDGE ( 'NONE', *, *, #5749, .T. ) ;
#6420 = EDGE_CURVE ( 'NONE', #7259, #8221, #8146, .T. ) ;
#6421 = EDGE_CURVE ( 'NONE', #2912, #4552, #8095, .T. ) ;
#6422 = CARTESIAN_POINT ( 'NONE',  ( -0.7991187831734525293, -0.1448052212307967268, -0.5342577985820772257 ) ) ;
#6423 = EDGE_CURVE ( 'NONE', #761, #6022, #7366, .T. ) ;
#6424 = AXIS2_PLACEMENT_3D ( 'NONE', #5463, #2153, #4513 ) ;
#6425 = DIRECTION ( 'NONE',  ( 0.2458986747546196838, 0.000000000000000000, 0.9692955389115962550 ) ) ;
#6426 = ADVANCED_FACE ( 'NONE', ( #9563 ), #7267, .F. ) ;
#6427 = DIRECTION ( 'NONE',  ( -0.000000000000000000, 1.000000000000000000, 0.000000000000000000 ) ) ;
#6428 = VERTEX_POINT ( 'NONE', #4131 ) ;
#6429 = CARTESIAN_POINT ( 'NONE',  ( -0.9408267182697724884, 2.000000000000000000, 0.1971479423075904180 ) ) ;
#6430 = CARTESIAN_POINT ( 'NONE',  ( 0.6934102960788001146, 2.000000000000000000, 2.134097452749639245 ) ) ;
#6431 = VERTEX_POINT ( 'NONE', #2611 ) ;
#6432 = VECTOR ( 'NONE', #1463, 1000.000000000000000 ) ;
#6433 = DIRECTION ( 'NONE',  ( 0.9060498331306445774, 0.000000000000000000, -0.4231710054858803249 ) ) ;
#6434 = ORIENTED_EDGE ( 'NONE', *, *, #5606, .T. ) ;
#6435 = EDGE_CURVE ( 'NONE', #6848, #7153, #5766, .T. ) ;
#6436 = DIRECTION ( 'NONE',  ( 0.000000000000000000, 1.000000000000000000, 0.000000000000000000 ) ) ;
#6437 = EDGE_LOOP ( 'NONE', ( #8144, #4400, #615, #8071 ) ) ;
#6438 = LINE ( 'NONE', #8246, #9770 ) ;
#6439 = DIRECTION ( 'NONE',  ( -0.000000000000000000, -1.000000000000000000, -0.000000000000000000 ) ) ;
#6440 = ORIENTED_EDGE ( 'NONE', *, *, #3286, .T. ) ;
#6441 = VECTOR ( 'NONE', #1224, 999.9999999999998863 ) ;
#6442 = CARTESIAN_POINT ( 'NONE',  ( -0.9554158832770885956, -0.1442935096704878739, 2.030362102316343620 ) ) ;
#6443 = FACE_OUTER_BOUND ( 'NONE', #580, .T. ) ;
#6444 = DIRECTION ( 'NONE',  ( -0.5854522923790086431, 0.000000000000000000, -0.8107068603065868961 ) ) ;
#6445 = VECTOR ( 'NONE', #9598, 999.9999999999998863 ) ;
#6446 = LINE ( 'NONE', #6398, #7081 ) ;
#6447 = DIRECTION ( 'NONE',  ( 0.9742326696776257844, 0.000000000000000000, -0.2255453509447843674 ) ) ;
#6448 = DIRECTION ( 'NONE',  ( 0.000000000000000000, -1.000000000000000000, 0.000000000000000000 ) ) ;
#6449 = ADVANCED_FACE ( 'NONE', ( #3296 ), #8733, .F. ) ;
#6450 = ORIENTED_EDGE ( 'NONE', *, *, #5350, .F. ) ;
#6451 = AXIS2_PLACEMENT_3D ( 'NONE', #9904, #1244, #2797 ) ;
#6452 = CARTESIAN_POINT ( 'NONE',  ( -0.1431626797720589594, 2.000000000000000000, -0.9505402001424608782 ) ) ;
#6453 = VERTEX_POINT ( 'NONE', #8782 ) ;
#6454 = DIRECTION ( 'NONE',  ( -0.6068911560629306479, 0.000000000000000000, 0.7947849549988976747 ) ) ;
#6455 = PLANE ( 'NONE',  #7088 ) ;
#6456 = LINE ( 'NONE', #814, #1833 ) ;
#6457 = CARTESIAN_POINT ( 'NONE',  ( -0.6105945004202858462, -2.981555974335137194E-16, 0.7424261451638731746 ) ) ;
#6458 = DIRECTION ( 'NONE',  ( -0.8458679691042347848, 0.000000000000000000, -0.5333923310692395559 ) ) ;
#6459 = ORIENTED_EDGE ( 'NONE', *, *, #6075, .F. ) ;
#6460 = VERTEX_POINT ( 'NONE', #4823 ) ;
#6461 = ORIENTED_EDGE ( 'NONE', *, *, #4302, .F. ) ;
#6462 = EDGE_CURVE ( 'NONE', #5304, #2388, #9655, .T. ) ;
#6463 = PLANE ( 'NONE',  #3752 ) ;
#6464 = PLANE ( 'NONE',  #3742 ) ;
#6465 = VERTEX_POINT ( 'NONE', #4037 ) ;
#6466 = CARTESIAN_POINT ( 'NONE',  ( -0.6934102960788161019, -3.006278401112418225E-16, -2.134097452749633028 ) ) ;
#6467 = VECTOR ( 'NONE', #5069, 999.9999999999998863 ) ;
#6468 = CARTESIAN_POINT ( 'NONE',  ( 0.9540240211766748413, 2.000000000000000000, 0.1177301659910256898 ) ) ;
#6469 = PLANE ( 'NONE',  #8884 ) ;
#6470 = ADVANCED_FACE ( 'NONE', ( #62 ), #2508, .F. ) ;
#6471 = EDGE_CURVE ( 'NONE', #4996, #5870, #8200, .T. ) ;
#6472 = EDGE_LOOP ( 'NONE', ( #2557, #3199, #7875, #5135 ) ) ;
#6473 = CARTESIAN_POINT ( 'NONE',  ( 1.263411704742000596, -2.981555974335137194E-16, -1.738937028518523720 ) ) ;
#6474 = ADVANCED_FACE ( 'NONE', ( #4960 ), #7248, .F. ) ;
#6475 = DIRECTION ( 'NONE',  ( -0.3062760203559027339, 0.000000000000000000, -0.9519427500406475451 ) ) ;
#6476 = VECTOR ( 'NONE', #4645, 1000.000000000000000 ) ;
#6477 = ORIENTED_EDGE ( 'NONE', *, *, #8779, .F. ) ;
#6478 = EDGE_CURVE ( 'NONE', #8671, #8789, #5842, .T. ) ;
#6479 = ORIENTED_EDGE ( 'NONE', *, *, #931, .F. ) ;
#6480 = CARTESIAN_POINT ( 'NONE',  ( 0.5174051459242458018, 2.000000000000000000, 0.8101321743626138661 ) ) ;
#6481 = VECTOR ( 'NONE', #621, 1000.000000000000114 ) ;
#6482 = EDGE_CURVE ( 'NONE', #4338, #4205, #4907, .T. ) ;
#6483 = ORIENTED_EDGE ( 'NONE', *, *, #7443, .F. ) ;
#6484 = DIRECTION ( 'NONE',  ( 0.7164852230950471412, 0.000000000000000000, 0.6976022685502395460 ) ) ;
#6485 = DIRECTION ( 'NONE',  ( -0.05991526087922719596, 0.000000000000000000, 0.9982034669914616742 ) ) ;
#6486 = EDGE_CURVE ( 'NONE', #2284, #7696, #8167, .T. ) ;
#6487 = VECTOR ( 'NONE', #7520, 1000.000000000000000 ) ;
#6488 = FACE_OUTER_BOUND ( 'NONE', #7671, .T. ) ;
#6489 = DIRECTION ( 'NONE',  ( 0.9453198122460600983, 0.000000000000000000, 0.3261448337396650188 ) ) ;
#6490 = ORIENTED_EDGE ( 'NONE', *, *, #5347, .F. ) ;
#6491 = ORIENTED_EDGE ( 'NONE', *, *, #4308, .F. ) ;
#6492 = DIRECTION ( 'NONE',  ( 0.9775446146615710541, 0.000000000000000000, 0.2107285608221171613 ) ) ;
#6493 = DIRECTION ( 'NONE',  ( 0.9207430172529477153, 0.000000000000000000, 0.3901695736214420562 ) ) ;
#6494 = PLANE ( 'NONE',  #9844 ) ;
#6495 = CARTESIAN_POINT ( 'NONE',  ( 0.4468946144997159586, -0.1458670832290543395, -2.102473859139055268 ) ) ;
#6496 = LINE ( 'NONE', #1736, #2976 ) ;
#6497 = VECTOR ( 'NONE', #10028, 999.9999999999998863 ) ;
#6498 = CARTESIAN_POINT ( 'NONE',  ( -0.9612567592082512657, -0.1432581301189111422, 0.002769087004209514619 ) ) ;
#6499 = CARTESIAN_POINT ( 'NONE',  ( -0.2693968139906855463, -0.1448052212307962827, 2.132495364928981729 ) ) ;
#6500 = LINE ( 'NONE', #4250, #2380 ) ;
#6501 = ORIENTED_EDGE ( 'NONE', *, *, #6801, .T. ) ;
#6502 = CARTESIAN_POINT ( 'NONE',  ( 2.137669494649470536, 2.000000000000000000, -0.2246781174858764052 ) ) ;
#6503 = ORIENTED_EDGE ( 'NONE', *, *, #10074, .T. ) ;
#6504 = DIRECTION ( 'NONE',  ( 0.6712685943056713178, 0.000000000000000000, -0.7412141892185336589 ) ) ;
#6505 = FACE_BOUND ( 'NONE', #8853, .T. ) ;
#6506 = EDGE_CURVE ( 'NONE', #6417, #7439, #8959, .T. ) ;
#6507 = CARTESIAN_POINT ( 'NONE',  ( -17.49999999999997868, 0.000000000000000000, 2.000000000000000888 ) ) ;
#6508 = VECTOR ( 'NONE', #5621, 1000.000000000000000 ) ;
#6509 = CARTESIAN_POINT ( 'NONE',  ( 1.569990560170309690, -0.1499926892710059800, 1.603221574679152939 ) ) ;
#6510 = CARTESIAN_POINT ( 'NONE',  ( 0.000000000000000000, 2.000000000000000000, -1.350000000000000089 ) ) ;
#6511 = ORIENTED_EDGE ( 'NONE', *, *, #177, .F. ) ;
#6512 = LINE ( 'NONE', #9679, #4810 ) ;
#6513 = ORIENTED_EDGE ( 'NONE', *, *, #18, .F. ) ;
#6514 = ORIENTED_EDGE ( 'NONE', *, *, #6334, .T. ) ;
#6515 = DIRECTION ( 'NONE',  ( -0.2107285608220966777, 0.000000000000000000, -0.9775446146615753840 ) ) ;
#6516 = ORIENTED_EDGE ( 'NONE', *, *, #832, .T. ) ;
#6517 = AXIS2_PLACEMENT_3D ( 'NONE', #5357, #8520, #429 ) ;
#6518 = DIRECTION ( 'NONE',  ( 0.9742326696776226758, 0.000000000000000000, 0.2255453509447979121 ) ) ;
#6519 = VECTOR ( 'NONE', #1524, 1000.000000000000000 ) ;
#6520 = FACE_OUTER_BOUND ( 'NONE', #5675, .T. ) ;
#6521 = EDGE_CURVE ( 'NONE', #5497, #10141, #872, .T. ) ;
#6522 = ADVANCED_FACE ( 'NONE', ( #5740 ), #1024, .F. ) ;
#6523 = DIRECTION ( 'NONE',  ( -0.000000000000000000, 1.000000000000000000, -0.000000000000000000 ) ) ;
#6524 = VECTOR ( 'NONE', #7833, 1000.000000000000000 ) ;
#6525 = ORIENTED_EDGE ( 'NONE', *, *, #8698, .T. ) ;
#6526 = DIRECTION ( 'NONE',  ( -0.6555985552359933077, 0.000000000000000000, -0.7551096174546304551 ) ) ;
#6527 = AXIS2_PLACEMENT_3D ( 'NONE', #7639, #8525, #488 ) ;
#6528 = LINE ( 'NONE', #1666, #102 ) ;
#6529 = EDGE_CURVE ( 'NONE', #7437, #7800, #4067, .T. ) ;
#6530 = ORIENTED_EDGE ( 'NONE', *, *, #7002, .F. ) ;
#6531 = EDGE_LOOP ( 'NONE', ( #9238, #9136, #6367, #3228 ) ) ;
#6532 = ORIENTED_EDGE ( 'NONE', *, *, #5221, .F. ) ;
#6533 = ORIENTED_EDGE ( 'NONE', *, *, #739, .F. ) ;
#6534 = EDGE_CURVE ( 'NONE', #4632, #5304, #4210, .T. ) ;
#6535 = VERTEX_POINT ( 'NONE', #238 ) ;
#6536 = CARTESIAN_POINT ( 'NONE',  ( -0.6988304498647912588, -2.981555974335137194E-16, -0.6600441101230736241 ) ) ;
#6537 = DIRECTION ( 'NONE',  ( -0.9998368636726751024, 0.000000000000000000, 0.01806228228072287098 ) ) ;
#6538 = VECTOR ( 'NONE', #1794, 1000.000000000000227 ) ;
#6539 = ORIENTED_EDGE ( 'NONE', *, *, #747, .T. ) ;
#6540 = VERTEX_POINT ( 'NONE', #3274 ) ;
#6541 = DIRECTION ( 'NONE',  ( -0.6068911560629250967, 0.000000000000000000, -0.7947849549989018936 ) ) ;
#6542 = LINE ( 'NONE', #8988, #6040 ) ;
#6543 = ADVANCED_FACE ( 'NONE', ( #5638 ), #6464, .F. ) ;
#6544 = EDGE_CURVE ( 'NONE', #9603, #6332, #2534, .T. ) ;
#6545 = ADVANCED_FACE ( 'NONE', ( #3479 ), #4157, .F. ) ;
#6546 = DIRECTION ( 'NONE',  ( 0.2514790358596513120, 0.000000000000000000, 0.9678627457047306315 ) ) ;
#6547 = CARTESIAN_POINT ( 'NONE',  ( 1.635749363218329755, 2.000000000000000000, -1.536070895913146384 ) ) ;
#6548 = CARTESIAN_POINT ( 'NONE',  ( 0.1828415940552589602, 2.000000000000000000, -0.9437113840839891354 ) ) ;
#6549 = CIRCLE ( 'NONE', #5559, 3.600000000000000089 ) ;
#6550 = DIRECTION ( 'NONE',  ( -0.2862728641871211677, 0.000000000000000000, 0.9581481342830564518 ) ) ;
#6551 = ORIENTED_EDGE ( 'NONE', *, *, #2923, .F. ) ;
#6552 = DIRECTION ( 'NONE',  ( 0.000000000000000000, -1.000000000000000000, 0.000000000000000000 ) ) ;
#6553 = DIRECTION ( 'NONE',  ( -0.8848652934418711480, 0.000000000000000000, -0.4658469839572123017 ) ) ;
#6554 = ORIENTED_EDGE ( 'NONE', *, *, #800, .T. ) ;
#6555 = VECTOR ( 'NONE', #3036, 999.9999999999998863 ) ;
#6556 = CARTESIAN_POINT ( 'NONE',  ( 0.9210301919172722007, -0.1499342098531318279, -0.2751828674594756774 ) ) ;
#6557 = LINE ( 'NONE', #2523, #6254 ) ;
#6558 = EDGE_CURVE ( 'NONE', #8878, #4231, #2482, .T. ) ;
#6559 = LINE ( 'NONE', #5886, #9827 ) ;
#6560 = PLANE ( 'NONE',  #4066 ) ;
#6561 = LINE ( 'NONE', #1019, #6936 ) ;
#6562 = VECTOR ( 'NONE', #4021, 1000.000000000000000 ) ;
#6563 = VECTOR ( 'NONE', #9940, 1000.000000000000000 ) ;
#6564 = EDGE_LOOP ( 'NONE', ( #1367, #5700, #2962, #3980 ) ) ;
#6565 = VERTEX_POINT ( 'NONE', #184 ) ;
#6566 = LINE ( 'NONE', #5739, #6585 ) ;
#6567 = PLANE ( 'NONE',  #4588 ) ;
#6568 = VERTEX_POINT ( 'NONE', #8805 ) ;
#6569 = LINE ( 'NONE', #2740, #6043 ) ;
#6570 = VECTOR ( 'NONE', #8543, 1000.000000000000114 ) ;
#6571 = LINE ( 'NONE', #8077, #1380 ) ;
#6572 = CARTESIAN_POINT ( 'NONE',  ( -0.2611680761981522436, -0.1456920279732068779, -0.9251018651701783391 ) ) ;
#6573 = LINE ( 'NONE', #5798, #6735 ) ;
#6574 = ORIENTED_EDGE ( 'NONE', *, *, #4248, .T. ) ;
#6575 = FACE_OUTER_BOUND ( 'NONE', #822, .T. ) ;
#6576 = CARTESIAN_POINT ( 'NONE',  ( -0.5127291109526648238, 2.000000000000000000, 0.8130996763915704362 ) ) ;
#6577 = VERTEX_POINT ( 'NONE', #5008 ) ;
#6578 = EDGE_CURVE ( 'NONE', #9893, #7816, #1657, .T. ) ;
#6579 = AXIS2_PLACEMENT_3D ( 'NONE', #6186, #1186, #4376 ) ;
#6580 = ORIENTED_EDGE ( 'NONE', *, *, #8492, .F. ) ;
#6581 = ORIENTED_EDGE ( 'NONE', *, *, #10299, .F. ) ;
#6582 = VECTOR ( 'NONE', #5687, 1000.000000000000227 ) ;
#6583 = DIRECTION ( 'NONE',  ( -0.4792273139124871295, 0.000000000000000000, -0.8776908234681632948 ) ) ;
#6584 = VECTOR ( 'NONE', #5781, 1000.000000000000000 ) ;
#6585 = VECTOR ( 'NONE', #9682, 1000.000000000000000 ) ;
#6586 = VERTEX_POINT ( 'NONE', #3426 ) ;
#6587 = FACE_OUTER_BOUND ( 'NONE', #8606, .T. ) ;
#6588 = ORIENTED_EDGE ( 'NONE', *, *, #9647, .F. ) ;
#6589 = CARTESIAN_POINT ( 'NONE',  ( 1.765014549298217217, 2.000000000000000000, 1.226717068275131162 ) ) ;
#6590 = ORIENTED_EDGE ( 'NONE', *, *, #5605, .F. ) ;
#6591 = ORIENTED_EDGE ( 'NONE', *, *, #8057, .T. ) ;
#6592 = CARTESIAN_POINT ( 'NONE',  ( -17.49999999999997868, -22.29461818466508305, 1.084202172485504434E-15 ) ) ;
#6593 = CARTESIAN_POINT ( 'NONE',  ( -0.3750546960483544523, 2.000000000000000000, -0.8850741211550946508 ) ) ;
#6594 = LINE ( 'NONE', #9822, #7847 ) ;
#6595 = DIRECTION ( 'NONE',  ( -0.8458679691042422233, 0.000000000000000000, 0.5333923310692277875 ) ) ;
#6596 = PLANE ( 'NONE',  #1785 ) ;
#6597 = LINE ( 'NONE', #3408, #5911 ) ;
#6598 = CARTESIAN_POINT ( 'NONE',  ( 1.765014549298242530, 2.000000000000000000, -1.226717068275094080 ) ) ;
#6599 = VECTOR ( 'NONE', #7147, 1000.000000000000000 ) ;
#6600 = ADVANCED_FACE ( 'NONE', ( #2638 ), #6567, .F. ) ;
#6601 = EDGE_CURVE ( 'NONE', #3598, #6796, #1706, .T. ) ;
#6602 = EDGE_CURVE ( 'NONE', #2653, #6789, #5161, .T. ) ;
#6603 = ORIENTED_EDGE ( 'NONE', *, *, #8478, .F. ) ;
#6604 = DIRECTION ( 'NONE',  ( -0.000000000000000000, 1.000000000000000000, -0.000000000000000000 ) ) ;
#6605 = FACE_OUTER_BOUND ( 'NONE', #880, .T. ) ;
#6606 = ORIENTED_EDGE ( 'NONE', *, *, #7877, .F. ) ;
#6607 = ADVANCED_FACE ( 'NONE', ( #6871 ), #6037, .F. ) ;
#6608 = LINE ( 'NONE', #1897, #2689 ) ;
#6609 = FACE_OUTER_BOUND ( 'NONE', #3608, .T. ) ;
#6610 = DIRECTION ( 'NONE',  ( 0.1639277132441379070, 0.000000000000000000, 0.9864723538095467870 ) ) ;
#6611 = CYLINDRICAL_SURFACE ( 'NONE', #7228, 2.450000000000000178 ) ;
#6612 = DIRECTION ( 'NONE',  ( -0.7164852230950522483, 0.000000000000000000, -0.6976022685502343279 ) ) ;
#6613 = VECTOR ( 'NONE', #9353, 1000.000000000000000 ) ;
#6614 = ORIENTED_EDGE ( 'NONE', *, *, #2754, .F. ) ;
#6615 = ORIENTED_EDGE ( 'NONE', *, *, #5400, .T. ) ;
#6616 = EDGE_CURVE ( 'NONE', #10253, #3488, #9213, .T. ) ;
#6617 = DIRECTION ( 'NONE',  ( 0.9982034669914624514, 0.000000000000000000, -0.05991526087921326266 ) ) ;
#6618 = EDGE_LOOP ( 'NONE', ( #4559, #71, #1505, #5068 ) ) ;
#6619 = EDGE_LOOP ( 'NONE', ( #10228, #6501, #6581, #5637 ) ) ;
#6620 = LINE ( 'NONE', #2536, #10029 ) ;
#6621 = CARTESIAN_POINT ( 'NONE',  ( -0.4428924704590094796, 2.000000000000000000, -0.8531520876005064258 ) ) ;
#6622 = CARTESIAN_POINT ( 'NONE',  ( -0.9086988294849340786, -0.1499926892710059800, -0.3135102267217088623 ) ) ;
#6623 = DIRECTION ( 'NONE',  ( -0.000000000000000000, 1.000000000000000000, -0.000000000000000000 ) ) ;
#6624 = VERTEX_POINT ( 'NONE', #8483 ) ;
#6625 = CARTESIAN_POINT ( 'NONE',  ( 3.000384657911015863E-16, 3.200000000000000622, 2.450000000000000178 ) ) ;
#6626 = CARTESIAN_POINT ( 'NONE',  ( -0.9576537852278307339, 2.000000000000000000, 0.08319526792549286620 ) ) ;
#6627 = ORIENTED_EDGE ( 'NONE', *, *, #2770, .T. ) ;
#6628 = AXIS2_PLACEMENT_3D ( 'NONE', #3977, #5601, #6997 ) ;
#6629 = VECTOR ( 'NONE', #3003, 1000.000000000000114 ) ;
#6630 = ORIENTED_EDGE ( 'NONE', *, *, #4182, .F. ) ;
#6631 = ORIENTED_EDGE ( 'NONE', *, *, #7251, .F. ) ;
#6632 = ORIENTED_EDGE ( 'NONE', *, *, #3936, .F. ) ;
#6633 = ADVANCED_FACE ( 'NONE', ( #1334 ), #552, .F. ) ;
#6634 = VECTOR ( 'NONE', #7828, 1000.000000000000000 ) ;
#6635 = CARTESIAN_POINT ( 'NONE',  ( -2.137669494649469204, -0.1443895770494173503, 0.2246781174858908381 ) ) ;
#6636 = LINE ( 'NONE', #562, #7918 ) ;
#6637 = ORIENTED_EDGE ( 'NONE', *, *, #1877, .F. ) ;
#6638 = FACE_OUTER_BOUND ( 'NONE', #4240, .T. ) ;
#6639 = ORIENTED_EDGE ( 'NONE', *, *, #7332, .T. ) ;
#6640 = LINE ( 'NONE', #1883, #5325 ) ;
#6641 = ORIENTED_EDGE ( 'NONE', *, *, #9031, .F. ) ;
#6642 = ORIENTED_EDGE ( 'NONE', *, *, #10166, .F. ) ;
#6643 = DIRECTION ( 'NONE',  ( -0.000000000000000000, 1.000000000000000000, -0.000000000000000000 ) ) ;
#6644 = VECTOR ( 'NONE', #9917, 1000.000000000000000 ) ;
#6645 = DIRECTION ( 'NONE',  ( 0.7124542072270260151, 0.000000000000000000, 0.7017186064260444445 ) ) ;
#6646 = PLANE ( 'NONE',  #306 ) ;
#6647 = CARTESIAN_POINT ( 'NONE',  ( -0.8207902148049740498, -0.1439142420261020350, 0.5003255422690228160 ) ) ;
#6648 = ADVANCED_FACE ( 'NONE', ( #7491 ), #2738, .F. ) ;
#6649 = LINE ( 'NONE', #2517, #883 ) ;
#6650 = VECTOR ( 'NONE', #3497, 999.9999999999998863 ) ;
#6651 = EDGE_CURVE ( 'NONE', #2706, #1279, #8276, .T. ) ;
#6652 = ORIENTED_EDGE ( 'NONE', *, *, #8630, .F. ) ;
#6653 = CARTESIAN_POINT ( 'NONE',  ( 0.4468946144996720493, -2.981555974335137194E-16, 2.102473859139064594 ) ) ;
#6654 = CARTESIAN_POINT ( 'NONE',  ( -0.1408970818120629243, -3.006278401112418225E-16, 2.239494985231587965 ) ) ;
#6655 = ORIENTED_EDGE ( 'NONE', *, *, #9096, .F. ) ;
#6656 = CARTESIAN_POINT ( 'NONE',  ( -2.226228852475057973, -3.006278401112418225E-16, -0.2812381072119747860 ) ) ;
#6657 = CYLINDRICAL_SURFACE ( 'NONE', #6162, 1.350000000000000089 ) ;
#6658 = ADVANCED_FACE ( 'NONE', ( #5895 ), #3529, .F. ) ;
#6659 = CARTESIAN_POINT ( 'NONE',  ( 0.7760454256538721340, 2.000000000000000000, 0.5672527851743763838 ) ) ;
#6660 = CARTESIAN_POINT ( 'NONE',  ( 2.241954552820973223, -3.006278401112418225E-16, 0.09396573644630581978 ) ) ;
#6661 = CARTESIAN_POINT ( 'NONE',  ( -1.039600561562694203, -3.006278401112418225E-16, 1.988572465096284381 ) ) ;
#6662 = EDGE_CURVE ( 'NONE', #2223, #10141, #391, .T. ) ;
#6663 = VERTEX_POINT ( 'NONE', #1283 ) ;
#6664 = LINE ( 'NONE', #7007, #6555 ) ;
#6665 = EDGE_LOOP ( 'NONE', ( #2959, #685, #2751, #4748 ) ) ;
#6666 = DIRECTION ( 'NONE',  ( -0.8427808753721456325, 0.000000000000000000, 0.5382568124111016816 ) ) ;
#6667 = ORIENTED_EDGE ( 'NONE', *, *, #964, .F. ) ;
#6668 = CARTESIAN_POINT ( 'NONE',  ( -17.49999999999997868, 0.000000000000000000, 1.301042606982603546E-15 ) ) ;
#6669 = VECTOR ( 'NONE', #6187, 1000.000000000000000 ) ;
#6670 = EDGE_CURVE ( 'NONE', #9029, #9523, #4526, .T. ) ;
#6671 = ADVANCED_FACE ( 'NONE', ( #5110 ), #5943, .F. ) ;
#6672 = CARTESIAN_POINT ( 'NONE',  ( -2.241954552820973667, -0.1433794608872670517, 0.09396573644627527477 ) ) ;
#6673 = LINE ( 'NONE', #3433, #886 ) ;
#6674 = DIRECTION ( 'NONE',  ( -0.4792273139124993420, 0.000000000000000000, 0.8776908234681566334 ) ) ;
#6675 = EDGE_LOOP ( 'NONE', ( #9543, #4848, #1022, #9853 ) ) ;
#6676 = LINE ( 'NONE', #8179, #2298 ) ;
#6677 = AXIS2_PLACEMENT_3D ( 'NONE', #3548, #5958, #5756 ) ;
#6678 = FACE_OUTER_BOUND ( 'NONE', #4781, .T. ) ;
#6679 = VECTOR ( 'NONE', #8014, 1000.000000000000000 ) ;
#6680 = ORIENTED_EDGE ( 'NONE', *, *, #100, .T. ) ;
#6681 = ORIENTED_EDGE ( 'NONE', *, *, #8578, .F. ) ;
#6682 = ORIENTED_EDGE ( 'NONE', *, *, #7304, .F. ) ;
#6683 = ORIENTED_EDGE ( 'NONE', *, *, #2628, .T. ) ;
#6684 = EDGE_CURVE ( 'NONE', #7567, #5394, #9065, .T. ) ;
#6685 =( GEOMETRIC_REPRESENTATION_CONTEXT ( 3 ) GLOBAL_UNCERTAINTY_ASSIGNED_CONTEXT ( ( #10072 ) ) GLOBAL_UNIT_ASSIGNED_CONTEXT ( ( #6341, #6290, #3099 ) ) REPRESENTATION_CONTEXT ( 'NONE', 'WORKASPACE' ) );
#6686 = LINE ( 'NONE', #6635, #7642 ) ;
#6687 = ORIENTED_EDGE ( 'NONE', *, *, #6858, .F. ) ;
#6688 = LINE ( 'NONE', #8872, #6355 ) ;
#6689 = CARTESIAN_POINT ( 'NONE',  ( 0.05759418846820925364, -2.981555974335137194E-16, -0.9595338109837899809 ) ) ;
#6690 = EDGE_LOOP ( 'NONE', ( #5048, #7630, #2141, #3814 ) ) ;
#6691 = DIRECTION ( 'NONE',  ( 0.2107285608221032003, 0.000000000000000000, 0.9775446146615739407 ) ) ;
#6692 = VERTEX_POINT ( 'NONE', #6090 ) ;
#6693 = VERTEX_POINT ( 'NONE', #1956 ) ;
#6694 = DIRECTION ( 'NONE',  ( -0.9998368636726747694, 0.000000000000000000, -0.01806228228073674877 ) ) ;
#6695 = CARTESIAN_POINT ( 'NONE',  ( 0.1376839174503953767, -2.981555974335137194E-16, 0.9513492333743164275 ) ) ;
#6696 = DIRECTION ( 'NONE',  ( 0.9501623903509414104, 0.000000000000000000, -0.3117554040631613788 ) ) ;
#6697 = DIRECTION ( 'NONE',  ( -0.1845508794245127593, 0.000000000000000000, 0.9828229611194677640 ) ) ;
#6698 = LINE ( 'NONE', #3866, #9391 ) ;
#6699 = ORIENTED_EDGE ( 'NONE', *, *, #6651, .T. ) ;
#6700 = DIRECTION ( 'NONE',  ( -0.8875345109941271682, 0.000000000000000000, 0.4607412416904042018 ) ) ;
#6701 = ORIENTED_EDGE ( 'NONE', *, *, #2393, .F. ) ;
#6702 = DIRECTION ( 'NONE',  ( -0.8776908234681566334, 0.000000000000000000, -0.4792273139124993420 ) ) ;
#6703 = ORIENTED_EDGE ( 'NONE', *, *, #10103, .F. ) ;
#6704 = EDGE_CURVE ( 'NONE', #3666, #3669, #8377, .T. ) ;
#6705 = CARTESIAN_POINT ( 'NONE',  ( 1.919371412219112116, -3.006278401112418225E-16, -1.162412645533672961 ) ) ;
#6706 = CARTESIAN_POINT ( 'NONE',  ( -2.111371806538505869, -2.981555974335137194E-16, -0.4027657127738746845 ) ) ;
#6707 = VECTOR ( 'NONE', #10309, 1000.000000000000114 ) ;
#6708 = CARTESIAN_POINT ( 'NONE',  ( -0.7821687833936785683, 2.000000000000000000, 2.103188477247115884 ) ) ;
#6709 = EDGE_CURVE ( 'NONE', #2389, #9306, #1180, .T. ) ;
#6710 = DIRECTION ( 'NONE',  ( 0.000000000000000000, -1.000000000000000000, 0.000000000000000000 ) ) ;
#6711 = CARTESIAN_POINT ( 'NONE',  ( 1.944875419031339758, -2.981555974335137194E-16, -0.9151889036038363123 ) ) ;
#6712 = EDGE_LOOP ( 'NONE', ( #1891, #642, #3877, #6682 ) ) ;
#6713 = DIRECTION ( 'NONE',  ( -0.6188876310076756315, 0.000000000000000000, 0.7854795351794386926 ) ) ;
#6714 = VECTOR ( 'NONE', #4492, 999.9999999999998863 ) ;
#6715 = VERTEX_POINT ( 'NONE', #9161 ) ;
#6716 = LINE ( 'NONE', #10040, #2080 ) ;
#6717 = CARTESIAN_POINT ( 'NONE',  ( 1.919371412219088358, -0.1454656455588212438, 1.162412645533713595 ) ) ;
#6718 = EDGE_LOOP ( 'NONE', ( #4983, #6105, #6954, #2606 ) ) ;
#6719 = VECTOR ( 'NONE', #8125, 999.9999999999998863 ) ;
#6720 = DIRECTION ( 'NONE',  ( 0.000000000000000000, -1.000000000000000000, 0.000000000000000000 ) ) ;
#6721 = VECTOR ( 'NONE', #1160, 1000.000000000000000 ) ;
#6722 = LINE ( 'NONE', #5012, #4555 ) ;
#6723 = DIRECTION ( 'NONE',  ( -0.000000000000000000, 1.000000000000000000, 0.000000000000000000 ) ) ;
#6724 = VECTOR ( 'NONE', #677, 1000.000000000000114 ) ;
#6725 = AXIS2_PLACEMENT_3D ( 'NONE', #8107, #961, #6860 ) ;
#6726 = DIRECTION ( 'NONE',  ( -0.000000000000000000, 1.000000000000000000, -0.000000000000000000 ) ) ;
#6727 = AXIS2_PLACEMENT_3D ( 'NONE', #2332, #5537, #919 ) ;
#6728 = ORIENTED_EDGE ( 'NONE', *, *, #4507, .T. ) ;
#6729 = DIRECTION ( 'NONE',  ( 0.000000000000000000, 1.000000000000000000, 0.000000000000000000 ) ) ;
#6730 = LINE ( 'NONE', #5277, #4963 ) ;
#6731 = EDGE_LOOP ( 'NONE', ( #6063, #5959, #10011, #8080 ) ) ;
#6732 = EDGE_CURVE ( 'NONE', #8623, #5123, #3634, .T. ) ;
#6733 = EDGE_CURVE ( 'NONE', #2706, #3270, #4424, .T. ) ;
#6734 = ADVANCED_FACE ( 'NONE', ( #7647 ), #497, .F. ) ;
#6735 = VECTOR ( 'NONE', #5851, 999.9999999999998863 ) ;
#6736 = VERTEX_POINT ( 'NONE', #10199 ) ;
#6737 = ORIENTED_EDGE ( 'NONE', *, *, #2038, .T. ) ;
#6738 = EDGE_CURVE ( 'NONE', #7014, #2553, #7893, .T. ) ;
#6739 = VERTEX_POINT ( 'NONE', #4735 ) ;
#6740 = ORIENTED_EDGE ( 'NONE', *, *, #4565, .T. ) ;
#6741 = DIRECTION ( 'NONE',  ( 0.9382822259387135766, 0.000000000000000000, 0.3458705892201486276 ) ) ;
#6742 = DIRECTION ( 'NONE',  ( -0.1224747460865534682, 0.000000000000000000, -0.9924716301089085979 ) ) ;
#6743 = EDGE_LOOP ( 'NONE', ( #6418, #9850, #4768, #3838 ) ) ;
#6744 = LINE ( 'NONE', #471, #7154 ) ;
#6745 = ORIENTED_EDGE ( 'NONE', *, *, #8254, .T. ) ;
#6746 = EDGE_CURVE ( 'NONE', #1535, #3851, #6352, .T. ) ;
#6747 = ORIENTED_EDGE ( 'NONE', *, *, #2889, .T. ) ;
#6748 = DIRECTION ( 'NONE',  ( 0.000000000000000000, -1.000000000000000000, 0.000000000000000000 ) ) ;
#6749 = DIRECTION ( 'NONE',  ( 0.9978417078911526739, 0.000000000000000000, -0.06566525712176578267 ) ) ;
#6750 = VECTOR ( 'NONE', #842, 1000.000000000000000 ) ;
#6751 = DIRECTION ( 'NONE',  ( 0.9888474094770499656, 0.000000000000000000, 0.1489322019260024277 ) ) ;
#6752 = LINE ( 'NONE', #320, #6228 ) ;
#6753 = ORIENTED_EDGE ( 'NONE', *, *, #5400, .F. ) ;
#6754 = CARTESIAN_POINT ( 'NONE',  ( 0.4468946144996720493, -0.1458670832290543395, 2.102473859139064594 ) ) ;
#6755 = ORIENTED_EDGE ( 'NONE', *, *, #3162, .T. ) ;
#6756 = DIRECTION ( 'NONE',  ( 0.000000000000000000, -1.000000000000000000, 0.000000000000000000 ) ) ;
#6757 = LINE ( 'NONE', #10024, #550 ) ;
#6758 = VERTEX_POINT ( 'NONE', #8637 ) ;
#6759 = FACE_OUTER_BOUND ( 'NONE', #1941, .T. ) ;
#6760 = DIRECTION ( 'NONE',  ( 0.5901133345588709389, 0.000000000000000000, -0.8073204149380901473 ) ) ;
#6761 = VECTOR ( 'NONE', #9380, 1000.000000000000114 ) ;
#6762 = EDGE_CURVE ( 'NONE', #6431, #8356, #3784, .T. ) ;
#6763 = DIRECTION ( 'NONE',  ( -0.04475363562198529654, 0.000000000000000000, 0.9989980541015155424 ) ) ;
#6764 = CARTESIAN_POINT ( 'NONE',  ( -0.4067776771157957660, 2.000000000000000000, 0.8709501400003700766 ) ) ;
#6765 = VERTEX_POINT ( 'NONE', #2221 ) ;
#6766 = CARTESIAN_POINT ( 'NONE',  ( -1.335122602884964316, 2.000000000000000000, 1.684505494231941958 ) ) ;
#6767 = ORIENTED_EDGE ( 'NONE', *, *, #1863, .T. ) ;
#6768 = CARTESIAN_POINT ( 'NONE',  ( -2.241954552820975444, 2.000000000000000000, 0.09396573644627624622 ) ) ;
#6769 = DIRECTION ( 'NONE',  ( -0.000000000000000000, 1.000000000000000000, -0.000000000000000000 ) ) ;
#6770 = ORIENTED_EDGE ( 'NONE', *, *, #4056, .F. ) ;
#6771 = ORIENTED_EDGE ( 'NONE', *, *, #8685, .F. ) ;
#6772 = CARTESIAN_POINT ( 'NONE',  ( 0.9533299039201568181, 2.000000000000000000, 0.1232246698432228338 ) ) ;
#6773 = DIRECTION ( 'NONE',  ( 0.1639277132441515350, 0.000000000000000000, -0.9864723538095445665 ) ) ;
#6774 = DIRECTION ( 'NONE',  ( 0.4420530731320754803, 0.000000000000000000, 0.8969888965502793576 ) ) ;
#6775 = VECTOR ( 'NONE', #1515, 1000.000000000000114 ) ;
#6776 = DIRECTION ( 'NONE',  ( -0.6188876310076756315, 0.000000000000000000, 0.7854795351794386926 ) ) ;
#6777 = ADVANCED_FACE ( 'NONE', ( #3053 ), #7755, .F. ) ;
#6778 = ORIENTED_EDGE ( 'NONE', *, *, #8079, .F. ) ;
#6779 = FACE_BOUND ( 'NONE', #6128, .T. ) ;
#6780 = CARTESIAN_POINT ( 'NONE',  ( -2.119107720340022816, -3.006278401112418225E-16, -0.7379513846696801327 ) ) ;
#6781 = ORIENTED_EDGE ( 'NONE', *, *, #7187, .F. ) ;
#6782 = VECTOR ( 'NONE', #9328, 1000.000000000000227 ) ;
#6783 = ORIENTED_EDGE ( 'NONE', *, *, #7977, .F. ) ;
#6784 = ORIENTED_EDGE ( 'NONE', *, *, #3100, .T. ) ;
#6785 = FACE_OUTER_BOUND ( 'NONE', #8537, .T. ) ;
#6786 = EDGE_CURVE ( 'NONE', #2945, #5263, #7027, .T. ) ;
#6787 = ADVANCED_FACE ( 'NONE', ( #760 ), #604, .F. ) ;
#6788 = EDGE_CURVE ( 'NONE', #8471, #7596, #3837, .T. ) ;
#6789 = VERTEX_POINT ( 'NONE', #8693 ) ;
#6790 = DIRECTION ( 'NONE',  ( 0.000000000000000000, -1.000000000000000000, 0.000000000000000000 ) ) ;
#6791 = LINE ( 'NONE', #4287, #268 ) ;
#6792 = ADVANCED_FACE ( 'NONE', ( #6195 ), #5372, .F. ) ;
#6793 = ORIENTED_EDGE ( 'NONE', *, *, #6292, .F. ) ;
#6794 = LINE ( 'NONE', #2878, #5145 ) ;
#6795 = ORIENTED_EDGE ( 'NONE', *, *, #790, .F. ) ;
#6796 = VERTEX_POINT ( 'NONE', #2944 ) ;
#6797 = DIRECTION ( 'NONE',  ( -0.000000000000000000, 1.000000000000000000, -0.000000000000000000 ) ) ;
#6798 = CARTESIAN_POINT ( 'NONE',  ( -1.635749363218308439, -0.1498172852299859137, -1.536070895913167256 ) ) ;
#6799 = VECTOR ( 'NONE', #1136, 1000.000000000000114 ) ;
#6800 = EDGE_CURVE ( 'NONE', #3820, #252, #7853, .T. ) ;
#6801 = EDGE_CURVE ( 'NONE', #5765, #2284, #4002, .T. ) ;
#6802 = ADVANCED_FACE ( 'NONE', ( #2165 ), #1387, .F. ) ;
#6803 = ORIENTED_EDGE ( 'NONE', *, *, #5317, .T. ) ;
#6804 = CARTESIAN_POINT ( 'NONE',  ( 0.000000000000000000, 0.000000000000000000, 0.000000000000000000 ) ) ;
#6805 = CARTESIAN_POINT ( 'NONE',  ( 0.5345450792948521768, -2.981555974335137194E-16, 2.081915628221658210 ) ) ;
#6806 = VECTOR ( 'NONE', #10021, 1000.000000000000000 ) ;
#6807 = VERTEX_POINT ( 'NONE', #1485 ) ;
#6808 = CARTESIAN_POINT ( 'NONE',  ( 2.119107720340016154, -3.006278401112418225E-16, 0.7379513846696953427 ) ) ;
#6809 = ORIENTED_EDGE ( 'NONE', *, *, #2182, .F. ) ;
#6810 = CARTESIAN_POINT ( 'NONE',  ( 0.7991187831734598568, -2.981555974335137194E-16, -0.5342577985820659014 ) ) ;
#6811 = DIRECTION ( 'NONE',  ( 0.2917883312151642872, 0.000000000000000000, -0.9564829166099463320 ) ) ;
#6812 = DIRECTION ( 'NONE',  ( -0.8749152647210578504, 0.000000000000000000, -0.4842760365309040083 ) ) ;
#6813 = AXIS2_PLACEMENT_3D ( 'NONE', #6056, #3018, #1252 ) ;
#6814 = EDGE_CURVE ( 'NONE', #2481, #4434, #4681, .T. ) ;
#6815 = DIRECTION ( 'NONE',  ( 0.8107068603065868961, 0.000000000000000000, -0.5854522923790086431 ) ) ;
#6816 = LINE ( 'NONE', #9983, #4435 ) ;
#6817 = ORIENTED_EDGE ( 'NONE', *, *, #9443, .F. ) ;
#6818 = CARTESIAN_POINT ( 'NONE',  ( -0.9068775087697308335, -2.981555974335137194E-16, 0.3187403473895231709 ) ) ;
#6819 = ORIENTED_EDGE ( 'NONE', *, *, #1782, .F. ) ;
#6820 = AXIS2_PLACEMENT_3D ( 'NONE', #9044, #5136, #4245 ) ;
#6821 = DIRECTION ( 'NONE',  ( -0.3654446344290575022, 0.000000000000000000, 0.9308330780365577928 ) ) ;
#6822 = DIRECTION ( 'NONE',  ( 0.000000000000000000, -1.000000000000000000, 0.000000000000000000 ) ) ;
#6823 = VERTEX_POINT ( 'NONE', #8586 ) ;
#6824 = CARTESIAN_POINT ( 'NONE',  ( -1.535719282928340812, -3.523657060577889411E-16, -1.503887432248167011 ) ) ;
#6825 = EDGE_CURVE ( 'NONE', #2030, #5426, #1590, .T. ) ;
#6826 = DIRECTION ( 'NONE',  ( -0.9828229611194690962, 0.000000000000000000, -0.1845508794245058481 ) ) ;
#6827 = DIRECTION ( 'NONE',  ( 0.9382822259387183506, 0.000000000000000000, -0.3458705892201356380 ) ) ;
#6828 = CARTESIAN_POINT ( 'NONE',  ( 0.7026215908543839150, -2.981555974335137194E-16, 0.6560069550177355380 ) ) ;
#6829 = EDGE_LOOP ( 'NONE', ( #3855, #5128, #3657, #3754 ) ) ;
#6830 = LINE ( 'NONE', #4537, #7629 ) ;
#6831 = DIRECTION ( 'NONE',  ( -0.000000000000000000, 1.000000000000000000, -0.000000000000000000 ) ) ;
#6832 = ORIENTED_EDGE ( 'NONE', *, *, #6963, .F. ) ;
#6833 = ORIENTED_EDGE ( 'NONE', *, *, #3143, .F. ) ;
#6834 = EDGE_LOOP ( 'NONE', ( #6207, #943, #9267, #2205 ) ) ;
#6835 = EDGE_CURVE ( 'NONE', #3198, #9993, #707, .T. ) ;
#6836 = EDGE_CURVE ( 'NONE', #7662, #4383, #7912, .T. ) ;
#6837 = CARTESIAN_POINT ( 'NONE',  ( 1.635749363218329311, -0.1499926892710059800, -1.536070895913145273 ) ) ;
#6838 = DIRECTION ( 'NONE',  ( -0.9997162067481564218, 0.000000000000000000, 0.02382238369847172396 ) ) ;
#6839 = ADVANCED_FACE ( 'NONE', ( #5576 ), #8745, .F. ) ;
#6840 = VECTOR ( 'NONE', #3904, 1000.000000000000000 ) ;
#6841 = ORIENTED_EDGE ( 'NONE', *, *, #116, .T. ) ;
#6842 = CARTESIAN_POINT ( 'NONE',  ( -2.086346706177057087, -3.006278401112418225E-16, 0.8260430970383604299 ) ) ;
#6843 = CARTESIAN_POINT ( 'NONE',  ( -0.7258572354296800588, 2.000000000000000000, -0.6302011573622889884 ) ) ;
#6844 = LINE ( 'NONE', #7566, #776 ) ;
#6845 = ORIENTED_EDGE ( 'NONE', *, *, #10176, .T. ) ;
#6846 = LINE ( 'NONE', #8350, #6644 ) ;
#6847 = ORIENTED_EDGE ( 'NONE', *, *, #152, .F. ) ;
#6848 = VERTEX_POINT ( 'NONE', #8945 ) ;
#6849 = VECTOR ( 'NONE', #7584, 999.9999999999998863 ) ;
#6850 = LINE ( 'NONE', #4556, #10179 ) ;
#6851 = VECTOR ( 'NONE', #8459, 1000.000000000000000 ) ;
#6852 = DIRECTION ( 'NONE',  ( -0.9775446146615740517, 0.000000000000000000, 0.2107285608221032280 ) ) ;
#6853 = EDGE_CURVE ( 'NONE', #1538, #8298, #1843, .T. ) ;
#6854 = ORIENTED_EDGE ( 'NONE', *, *, #4248, .F. ) ;
#6855 = DIRECTION ( 'NONE',  ( 0.6866441927842213966, 0.000000000000000000, 0.7269936399417157302 ) ) ;
#6856 = DIRECTION ( 'NONE',  ( 0.9519427500406453246, 0.000000000000000000, -0.3062760203559090622 ) ) ;
#6857 = ORIENTED_EDGE ( 'NONE', *, *, #7741, .F. ) ;
#6858 = EDGE_CURVE ( 'NONE', #9698, #7152, #4196, .T. ) ;
#6859 = ADVANCED_FACE ( 'NONE', ( #6605 ), #7278, .F. ) ;
#6860 = DIRECTION ( 'NONE',  ( -0.9982034669914630065, 0.000000000000000000, 0.05991526087920628213 ) ) ;
#6861 = ORIENTED_EDGE ( 'NONE', *, *, #7050, .F. ) ;
#6862 = ADVANCED_FACE ( 'NONE', ( #3210 ), #9724, .F. ) ;
#6863 = DIRECTION ( 'NONE',  ( -0.5509898714914940321, 0.000000000000000000, -0.8345119301207065687 ) ) ;
#6864 = EDGE_CURVE ( 'NONE', #3108, #7213, #8211, .T. ) ;
#6865 = LINE ( 'NONE', #4673, #8819 ) ;
#6866 = FACE_OUTER_BOUND ( 'NONE', #705, .T. ) ;
#6867 = CARTESIAN_POINT ( 'NONE',  ( 0.8792780351554191354, -2.981555974335137194E-16, 0.3884486605197812192 ) ) ;
#6868 = DIRECTION ( 'NONE',  ( 0.2107285608221171336, 0.000000000000000000, -0.9775446146615710541 ) ) ;
#6869 = ORIENTED_EDGE ( 'NONE', *, *, #3022, .F. ) ;
#6870 = ORIENTED_EDGE ( 'NONE', *, *, #9774, .T. ) ;
#6871 = FACE_OUTER_BOUND ( 'NONE', #4766, .T. ) ;
#6872 = ORIENTED_EDGE ( 'NONE', *, *, #1467, .F. ) ;
#6873 = VERTEX_POINT ( 'NONE', #1792 ) ;
#6874 = VECTOR ( 'NONE', #3902, 1000.000000000000000 ) ;
#6875 = ADVANCED_FACE ( 'NONE', ( #119 ), #9776, .F. ) ;
#6876 = CARTESIAN_POINT ( 'NONE',  ( 2.212499041939547162, 2.000000000000000000, 0.3742162021574895192 ) ) ;
#6877 = CARTESIAN_POINT ( 'NONE',  ( -0.8236591385239396823, 2.000000000000000000, 0.4955883861556772407 ) ) ;
#6878 = CARTESIAN_POINT ( 'NONE',  ( 0.6452641508340368759, -0.1460293543205271327, 0.7125001056945998723 ) ) ;
#6879 = VECTOR ( 'NONE', #8617, 1000.000000000000000 ) ;
#6880 = FACE_OUTER_BOUND ( 'NONE', #9538, .T. ) ;
#6881 = PLANE ( 'NONE',  #6977 ) ;
#6882 = FACE_OUTER_BOUND ( 'NONE', #10197, .T. ) ;
#6883 = ORIENTED_EDGE ( 'NONE', *, *, #2894, .T. ) ;
#6884 = CARTESIAN_POINT ( 'NONE',  ( 0.000000000000000000, 2.000000000000000000, 0.000000000000000000 ) ) ;
#6885 = DIRECTION ( 'NONE',  ( -0.8645814692489215414, 0.000000000000000000, 0.5024926696294941264 ) ) ;
#6886 = ORIENTED_EDGE ( 'NONE', *, *, #3429, .T. ) ;
#6887 = AXIS2_PLACEMENT_3D ( 'NONE', #1481, #4677, #1690 ) ;
#6888 = ORIENTED_EDGE ( 'NONE', *, *, #8890, .T. ) ;
#6889 = ORIENTED_EDGE ( 'NONE', *, *, #9481, .T. ) ;
#6890 = DIRECTION ( 'NONE',  ( 0.2716932703613744171, 0.000000000000000000, -0.9623838978496789265 ) ) ;
#6891 = AXIS2_PLACEMENT_3D ( 'NONE', #9669, #6406, #173 ) ;
#6892 = CARTESIAN_POINT ( 'NONE',  ( 0.9408267182697697129, -2.981555974335137194E-16, 0.1971479423076035742 ) ) ;
#6893 = DIRECTION ( 'NONE',  ( 0.000000000000000000, 1.000000000000000000, 0.000000000000000000 ) ) ;
#6894 = ORIENTED_EDGE ( 'NONE', *, *, #10100, .F. ) ;
#6895 = LINE ( 'NONE', #523, #714 ) ;
#6896 = EDGE_CURVE ( 'NONE', #1974, #296, #4995, .T. ) ;
#6897 = FACE_OUTER_BOUND ( 'NONE', #1773, .T. ) ;
#6898 = VECTOR ( 'NONE', #7521, 1000.000000000000000 ) ;
#6899 = ORIENTED_EDGE ( 'NONE', *, *, #4375, .T. ) ;
#6900 = ORIENTED_EDGE ( 'NONE', *, *, #10057, .T. ) ;
#6901 = DIRECTION ( 'NONE',  ( -0.7982682711663799946, 0.000000000000000000, -0.6023020564874728144 ) ) ;
#6902 = ORIENTED_EDGE ( 'NONE', *, *, #916, .T. ) ;
#6903 = CARTESIAN_POINT ( 'NONE',  ( -0.6988304498648052476, -0.1459623876292454603, 0.6600441101230591912 ) ) ;
#6904 = CARTESIAN_POINT ( 'NONE',  ( 1.919371412219089024, 2.000000000000000000, 1.162412645533713595 ) ) ;
#6905 = ORIENTED_EDGE ( 'NONE', *, *, #542, .T. ) ;
#6906 = FACE_OUTER_BOUND ( 'NONE', #2782, .T. ) ;
#6907 = ORIENTED_EDGE ( 'NONE', *, *, #2864, .T. ) ;
#6908 = LINE ( 'NONE', #5308, #2350 ) ;
#6909 = AXIS2_PLACEMENT_3D ( 'NONE', #2412, #6492, #5615 ) ;
#6910 = CARTESIAN_POINT ( 'NONE',  ( 0.6988304498647958107, 2.000000000000000000, 0.6600441101230689611 ) ) ;
#6911 = DIRECTION ( 'NONE',  ( -0.9896890471220260999, 0.000000000000000000, 0.1432326429508861965 ) ) ;
#6912 = EDGE_CURVE ( 'NONE', #1210, #10317, #1012, .T. ) ;
#6913 = EDGE_CURVE ( 'NONE', #972, #4699, #5830, .T. ) ;
#6914 = EDGE_CURVE ( 'NONE', #2009, #2402, #3307, .T. ) ;
#6915 = DIRECTION ( 'NONE',  ( -0.5854522923790086431, 0.000000000000000000, -0.8107068603065868961 ) ) ;
#6916 = PLANE ( 'NONE',  #927 ) ;
#6917 = VECTOR ( 'NONE', #2007, 1000.000000000000000 ) ;
#6918 = ORIENTED_EDGE ( 'NONE', *, *, #6662, .F. ) ;
#6919 = ADVANCED_FACE ( 'NONE', ( #5626 ), #8792, .F. ) ;
#6920 = EDGE_LOOP ( 'NONE', ( #4333, #5159, #1971, #3177 ) ) ;
#6921 = CARTESIAN_POINT ( 'NONE',  ( -2.173425891652586373, -0.1460293543205271327, 0.5580409214696925302 ) ) ;
#6922 = CARTESIAN_POINT ( 'NONE',  ( 0.6148617368345697942, -0.1459816899409631941, -0.7388959801915035985 ) ) ;
#6923 = VERTEX_POINT ( 'NONE', #5047 ) ;
#6924 = ORIENTED_EDGE ( 'NONE', *, *, #5180, .F. ) ;
#6925 = CARTESIAN_POINT ( 'NONE',  ( -1.121961427204674511, 2.000000000000000000, 1.943294196050982636 ) ) ;
#6926 = CARTESIAN_POINT ( 'NONE',  ( 0.7026215908543975708, 2.000000000000000000, -0.6560069550177208830 ) ) ;
#6927 = LINE ( 'NONE', #8434, #4686 ) ;
#6928 = CARTESIAN_POINT ( 'NONE',  ( 0.5833806464172418549, -2.981555974335137194E-16, 0.7639955800606361702 ) ) ;
#6929 = LINE ( 'NONE', #9810, #1317 ) ;
#6930 = DIRECTION ( 'NONE',  ( 0.2716932703613542666, 0.000000000000000000, 0.9623838978496845886 ) ) ;
#6931 = ADVANCED_FACE ( 'NONE', ( #8996 ), #7185, .F. ) ;
#6932 = ORIENTED_EDGE ( 'NONE', *, *, #7268, .F. ) ;
#6933 = DIRECTION ( 'NONE',  ( 0.000000000000000000, -0.000000000000000000, 1.000000000000000000 ) ) ;
#6934 = LINE ( 'NONE', #667, #942 ) ;
#6935 = ORIENTED_EDGE ( 'NONE', *, *, #3401, .F. ) ;
#6936 = VECTOR ( 'NONE', #1901, 1000.000000000000114 ) ;
#6937 = DIRECTION ( 'NONE',  ( 0.000000000000000000, -1.000000000000000000, 0.000000000000000000 ) ) ;
#6938 = ORIENTED_EDGE ( 'NONE', *, *, #4141, .F. ) ;
#6939 = EDGE_LOOP ( 'NONE', ( #2636, #2163, #10216, #6514 ) ) ;
#6940 = CARTESIAN_POINT ( 'NONE',  ( 1.814835910835284061, -2.981555974335137194E-16, 1.151729890892212005 ) ) ;
#6941 = AXIS2_PLACEMENT_3D ( 'NONE', #2190, #3978, #8509 ) ;
#6942 = CARTESIAN_POINT ( 'NONE',  ( -1.656175356194961257, -0.1494084084223078757, -1.370107409791077036 ) ) ;
#6943 = FACE_OUTER_BOUND ( 'NONE', #7293, .T. ) ;
#6944 = CARTESIAN_POINT ( 'NONE',  ( 0.5345450792948956975, -2.981555974335137194E-16, -2.081915628221646664 ) ) ;
#6945 = ORIENTED_EDGE ( 'NONE', *, *, #9848, .F. ) ;
#6946 = DIRECTION ( 'NONE',  ( -0.4093665898583177531, 0.000000000000000000, 0.9123699880573515886 ) ) ;
#6947 = DIRECTION ( 'NONE',  ( -0.3848583835432478617, 0.000000000000000000, -0.9229756359820547873 ) ) ;
#6948 = VERTEX_POINT ( 'NONE', #6502 ) ;
#6949 = VECTOR ( 'NONE', #7038, 1000.000000000000000 ) ;
#6950 = DIRECTION ( 'NONE',  ( -0.1639277132441314122, 0.000000000000000000, -0.9864723538095477862 ) ) ;
#6951 = ORIENTED_EDGE ( 'NONE', *, *, #7305, .T. ) ;
#6952 = EDGE_CURVE ( 'NONE', #6071, #3681, #5676, .T. ) ;
#6953 = LINE ( 'NONE', #2036, #1183 ) ;
#6954 = ORIENTED_EDGE ( 'NONE', *, *, #1147, .F. ) ;
#6955 = LINE ( 'NONE', #2359, #8435 ) ;
#6956 = LINE ( 'NONE', #7634, #6969 ) ;
#6957 = VERTEX_POINT ( 'NONE', #7232 ) ;
#6958 = DIRECTION ( 'NONE',  ( 0.9123699880573573617, 0.000000000000000000, -0.4093665898583050966 ) ) ;
#6959 = ORIENTED_EDGE ( 'NONE', *, *, #9969, .T. ) ;
#6960 = VECTOR ( 'NONE', #7052, 1000.000000000000114 ) ;
#6961 = DIRECTION ( 'NONE',  ( 0.000000000000000000, 1.000000000000000000, -0.000000000000000000 ) ) ;
#6962 = DIRECTION ( 'NONE',  ( 0.3458705892201420773, 0.000000000000000000, -0.9382822259387160191 ) ) ;
#6963 = EDGE_CURVE ( 'NONE', #9939, #9609, #73, .T. ) ;
#6964 = DIRECTION ( 'NONE',  ( -0.7947849549989017826, 0.000000000000000000, 0.6068911560629249857 ) ) ;
#6965 = DIRECTION ( 'NONE',  ( -0.9501623903509393010, 0.000000000000000000, 0.3117554040631684842 ) ) ;
#6966 = CARTESIAN_POINT ( 'NONE',  ( -0.6212577703813260133, -2.981555974335137194E-16, -2.057705009852662581 ) ) ;
#6967 = ADVANCED_FACE ( 'NONE', ( #1693 ), #5723, .F. ) ;
#6968 = LINE ( 'NONE', #5369, #1761 ) ;
#6969 = VECTOR ( 'NONE', #484, 999.9999999999998863 ) ;
#6970 = ORIENTED_EDGE ( 'NONE', *, *, #906, .T. ) ;
#6971 = ORIENTED_EDGE ( 'NONE', *, *, #9081, .F. ) ;
#6972 = DIRECTION ( 'NONE',  ( 0.9060498331306446884, 0.000000000000000000, -0.4231710054858802694 ) ) ;
#6973 = ORIENTED_EDGE ( 'NONE', *, *, #69, .T. ) ;
#6974 = ORIENTED_EDGE ( 'NONE', *, *, #1269, .T. ) ;
#6975 = LINE ( 'NONE', #10147, #5236 ) ;
#6976 = CARTESIAN_POINT ( 'NONE',  ( -17.49999999999997868, -22.29461818466508305, -1.999999999999998224 ) ) ;
#6977 = AXIS2_PLACEMENT_3D ( 'NONE', #2905, #612, #4234 ) ;
#6978 = LINE ( 'NONE', #659, #10170 ) ;
#6979 = EDGE_CURVE ( 'NONE', #5007, #8814, #5933, .T. ) ;
#6980 = DIRECTION ( 'NONE',  ( 0.7723462619080264657, 0.000000000000000000, -0.6352017409584912455 ) ) ;
#6981 = LINE ( 'NONE', #1547, #134 ) ;
#6982 = DIRECTION ( 'NONE',  ( -0.6866441927842268367, 0.000000000000000000, -0.7269936399417106232 ) ) ;
#6983 = EDGE_LOOP ( 'NONE', ( #3630, #1502, #6210, #5929 ) ) ;
#6984 = DIRECTION ( 'NONE',  ( -0.3901695736214420562, 0.000000000000000000, 0.9207430172529478263 ) ) ;
#6985 = AXIS2_PLACEMENT_3D ( 'NONE', #8099, #7420, #7271 ) ;
#6986 = EDGE_LOOP ( 'NONE', ( #61, #2639, #7711, #5162 ) ) ;
#6987 = LINE ( 'NONE', #10161, #1082 ) ;
#6988 = ORIENTED_EDGE ( 'NONE', *, *, #2907, .F. ) ;
#6989 = ADVANCED_FACE ( 'NONE', ( #3519 ), #3571, .F. ) ;
#6990 = EDGE_CURVE ( 'NONE', #7577, #5199, #1992, .T. ) ;
#6991 = CARTESIAN_POINT ( 'NONE',  ( -0.7760454256538682483, -2.981555974335137194E-16, -0.5672527851743817129 ) ) ;
#6992 = VECTOR ( 'NONE', #543, 1000.000000000000000 ) ;
#6993 = LINE ( 'NONE', #6892, #6147 ) ;
#6994 = DIRECTION ( 'NONE',  ( 0.6512372304321086824, 0.000000000000000000, 0.7588742120398588309 ) ) ;
#6995 = LINE ( 'NONE', #7722, #5073 ) ;
#6996 = ORIENTED_EDGE ( 'NONE', *, *, #4997, .F. ) ;
#6997 = DIRECTION ( 'NONE',  ( 0.9978417078911527849, 0.000000000000000000, -0.06566525712176578267 ) ) ;
#6998 = DIRECTION ( 'NONE',  ( 0.6555985552359981927, 0.000000000000000000, -0.7551096174546260142 ) ) ;
#6999 = VERTEX_POINT ( 'NONE', #6654 ) ;
#7000 = DIRECTION ( 'NONE',  ( -0.6824443384624762077, 0.000000000000000000, 0.7309375656651621034 ) ) ;
#7001 = ORIENTED_EDGE ( 'NONE', *, *, #4088, .T. ) ;
#7002 = EDGE_CURVE ( 'NONE', #10253, #3933, #6757, .T. ) ;
#7003 = CARTESIAN_POINT ( 'NONE',  ( -1.501477460193416880, -3.006278401112418225E-16, -1.667559658024778013 ) ) ;
#7004 = VECTOR ( 'NONE', #967, 999.9999999999998863 ) ;
#7005 = ORIENTED_EDGE ( 'NONE', *, *, #4244, .T. ) ;
#7006 = LINE ( 'NONE', #10183, #2597 ) ;
#7007 = CARTESIAN_POINT ( 'NONE',  ( -0.3376626519355386269, 2.000000000000000000, 0.9000034213569669816 ) ) ;
#7008 = DIRECTION ( 'NONE',  ( 0.000000000000000000, -1.000000000000000000, 0.000000000000000000 ) ) ;
#7009 = DIRECTION ( 'NONE',  ( 0.7854795351794473524, 0.000000000000000000, -0.6188876310076647513 ) ) ;
#7010 = AXIS2_PLACEMENT_3D ( 'NONE', #1611, #8761, #1508 ) ;
#7011 = ORIENTED_EDGE ( 'NONE', *, *, #4624, .T. ) ;
#7012 = VECTOR ( 'NONE', #10268, 999.9999999999998863 ) ;
#7013 = DIRECTION ( 'NONE',  ( 0.8073204149380902583, 0.000000000000000000, 0.5901133345588709389 ) ) ;
#7014 = VERTEX_POINT ( 'NONE', #5249 ) ;
#7015 = AXIS2_PLACEMENT_3D ( 'NONE', #8825, #9651, #2503 ) ;
#7016 = DIRECTION ( 'NONE',  ( 0.8345119301207065687, 0.000000000000000000, -0.5509898714914940321 ) ) ;
#7017 = CARTESIAN_POINT ( 'NONE',  ( -1.202353991258270360, -0.1473724245436877356, -1.894606728650009675 ) ) ;
#7018 = CARTESIAN_POINT ( 'NONE',  ( -0.5833806464172469619, -2.981555974335137194E-16, -0.7639955800606321734 ) ) ;
#7019 = FACE_OUTER_BOUND ( 'NONE', #4913, .T. ) ;
#7020 = VECTOR ( 'NONE', #2560, 1000.000000000000000 ) ;
#7021 = VECTOR ( 'NONE', #4446, 1000.000000000000000 ) ;
#7022 = FACE_OUTER_BOUND ( 'NONE', #1093, .T. ) ;
#7023 = PLANE ( 'NONE',  #1545 ) ;
#7024 = ORIENTED_EDGE ( 'NONE', *, *, #3335, .F. ) ;
#7025 = EDGE_CURVE ( 'NONE', #7945, #7360, #2880, .T. ) ;
#7026 = EDGE_LOOP ( 'NONE', ( #3333, #3092, #1927, #2287 ) ) ;
#7027 = LINE ( 'NONE', #9525, #4733 ) ;
#7028 = VERTEX_POINT ( 'NONE', #8363 ) ;
#7029 = VERTEX_POINT ( 'NONE', #2775 ) ;
#7030 = CARTESIAN_POINT ( 'NONE',  ( 0.6212577703813109142, -2.981555974335137194E-16, 2.057705009852667466 ) ) ;
#7031 = CARTESIAN_POINT ( 'NONE',  ( -0.5463284409049794510, -0.1447179299707552769, -0.7909155831216888588 ) ) ;
#7032 = DIRECTION ( 'NONE',  ( 0.9229756359820466827, 0.000000000000000000, 0.3848583835432667910 ) ) ;
#7033 = PLANE ( 'NONE',  #3482 ) ;
#7034 = CARTESIAN_POINT ( 'NONE',  ( -0.5124017362655616248, -0.1458670832290543395, 2.184635950727860543 ) ) ;
#7035 = CARTESIAN_POINT ( 'NONE',  ( -2.241954552820974111, 2.000000000000000000, -0.09396573644629077626 ) ) ;
#7036 = VERTEX_POINT ( 'NONE', #6808 ) ;
#7037 = PLANE ( 'NONE',  #9472 ) ;
#7038 = DIRECTION ( 'NONE',  ( -0.000000000000000000, 1.000000000000000000, -0.000000000000000000 ) ) ;
#7039 = VECTOR ( 'NONE', #3739, 1000.000000000000000 ) ;
#7040 = ORIENTED_EDGE ( 'NONE', *, *, #3179, .T. ) ;
#7041 = DIRECTION ( 'NONE',  ( 0.000000000000000000, 1.000000000000000000, -0.000000000000000000 ) ) ;
#7042 = ORIENTED_EDGE ( 'NONE', *, *, #9058, .F. ) ;
#7043 = ORIENTED_EDGE ( 'NONE', *, *, #4219, .T. ) ;
#7044 = CARTESIAN_POINT ( 'NONE',  ( 0.5124017362655759467, 2.000000000000000000, -2.184635950727856990 ) ) ;
#7045 = DIRECTION ( 'NONE',  ( -0.9817433889756554954, 0.000000000000000000, 0.1902101947914323909 ) ) ;
#7046 = DIRECTION ( 'NONE',  ( 0.8875345109941177313, 0.000000000000000000, 0.4607412416904223540 ) ) ;
#7047 = VECTOR ( 'NONE', #8808, 1000.000000000000000 ) ;
#7048 = DIRECTION ( 'NONE',  ( -0.2107285608221098061, 0.000000000000000000, 0.9775446146615724974 ) ) ;
#7049 = EDGE_CURVE ( 'NONE', #6957, #8428, #377, .T. ) ;
#7050 = EDGE_CURVE ( 'NONE', #4592, #1895, #9150, .T. ) ;
#7051 = ORIENTED_EDGE ( 'NONE', *, *, #5417, .T. ) ;
#7052 = DIRECTION ( 'NONE',  ( 0.9948188822373283946, 0.000000000000000000, 0.1016631277507859255 ) ) ;
#7053 = EDGE_CURVE ( 'NONE', #4211, #4380, #1215, .T. ) ;
#7054 = DIRECTION ( 'NONE',  ( 0.002880682490158270170, 0.000000000000000000, -0.9999958508255876177 ) ) ;
#7055 = ORIENTED_EDGE ( 'NONE', *, *, #6738, .T. ) ;
#7056 = DIRECTION ( 'NONE',  ( -0.000000000000000000, -1.000000000000000000, -0.000000000000000000 ) ) ;
#7057 = VECTOR ( 'NONE', #692, 1000.000000000000000 ) ;
#7058 = ADVANCED_FACE ( 'NONE', ( #7526 ), #1163, .F. ) ;
#7059 = LINE ( 'NONE', #3816, #6432 ) ;
#7060 = ORIENTED_EDGE ( 'NONE', *, *, #4965, .F. ) ;
#7061 = DIRECTION ( 'NONE',  ( 0.4472135954999585938, 0.000000000000000000, 0.8944271909999155223 ) ) ;
#7062 = VECTOR ( 'NONE', #9773, 999.9999999999998863 ) ;
#7063 = VECTOR ( 'NONE', #6523, 1000.000000000000000 ) ;
#7064 = AXIS2_PLACEMENT_3D ( 'NONE', #5477, #10144, #1537 ) ;
#7065 = ORIENTED_EDGE ( 'NONE', *, *, #542, .F. ) ;
#7066 = DIRECTION ( 'NONE',  ( -0.2514790358596446507, 0.000000000000000000, -0.9678627457047322968 ) ) ;
#7067 = LINE ( 'NONE', #5179, #3889 ) ;
#7068 = AXIS2_PLACEMENT_3D ( 'NONE', #2429, #8799, #6308 ) ;
#7069 = EDGE_CURVE ( 'NONE', #9621, #3820, #4359, .T. ) ;
#7070 = DIRECTION ( 'NONE',  ( -0.7819008761105673555, 0.000000000000000000, 0.6234027750479839147 ) ) ;
#7071 = VERTEX_POINT ( 'NONE', #5100 ) ;
#7072 = CARTESIAN_POINT ( 'NONE',  ( -0.6934102960788166570, 2.000000000000000000, -2.134097452749634360 ) ) ;
#7073 = ORIENTED_EDGE ( 'NONE', *, *, #3873, .T. ) ;
#7074 = VECTOR ( 'NONE', #4589, 1000.000000000000000 ) ;
#7075 = CARTESIAN_POINT ( 'NONE',  ( -2.044243080056976858, 2.000000000000000000, -0.6642148405983424597 ) ) ;
#7076 = LINE ( 'NONE', #7018, #5752 ) ;
#7077 = LINE ( 'NONE', #848, #4678 ) ;
#7078 = DIRECTION ( 'NONE',  ( 0.9453198122460667596, 0.000000000000000000, -0.3261448337396457009 ) ) ;
#7079 = ORIENTED_EDGE ( 'NONE', *, *, #32, .T. ) ;
#7080 = EDGE_LOOP ( 'NONE', ( #5964, #1909, #8596, #5590 ) ) ;
#7081 = VECTOR ( 'NONE', #1635, 1000.000000000000000 ) ;
#7082 = AXIS2_PLACEMENT_3D ( 'NONE', #10, #8933, #9611 ) ;
#7083 = DIRECTION ( 'NONE',  ( -0.000000000000000000, -1.000000000000000000, -0.000000000000000000 ) ) ;
#7084 = ORIENTED_EDGE ( 'NONE', *, *, #8189, .F. ) ;
#7085 = ORIENTED_EDGE ( 'NONE', *, *, #7417, .T. ) ;
#7086 = CARTESIAN_POINT ( 'NONE',  ( -0.8622402173287510019, -2.981555974335137194E-16, -0.4249282675784877839 ) ) ;
#7087 = LINE ( 'NONE', #6199, #6629 ) ;
#7088 = AXIS2_PLACEMENT_3D ( 'NONE', #9672, #7189, #9623 ) ;
#7089 = ADVANCED_FACE ( 'NONE', ( #275 ), #1944, .F. ) ;
#7090 = CARTESIAN_POINT ( 'NONE',  ( -2.092653697217578213, 2.000000000000000000, -0.4908274934776182263 ) ) ;
#7091 = VECTOR ( 'NONE', #3932, 1000.000000000000000 ) ;
#7092 = DIRECTION ( 'NONE',  ( -0.8674621517390698200, 0.000000000000000000, 0.4975031811960834438 ) ) ;
#7093 = DIRECTION ( 'NONE',  ( 0.6824443384624812037, 0.000000000000000000, -0.7309375656651574404 ) ) ;
#7094 = LINE ( 'NONE', #4898, #5774 ) ;
#7095 = LINE ( 'NONE', #5541, #1839 ) ;
#7096 = MANIFOLD_SOLID_BREP ( 'Boss-Extrude2', #4345 ) ;
#7097 = ORIENTED_EDGE ( 'NONE', *, *, #2512, .T. ) ;
#7098 = CARTESIAN_POINT ( 'NONE',  ( -2.119107720340028145, 2.000000000000000000, 0.7379513846696660329 ) ) ;
#7099 = LINE ( 'NONE', #2179, #6782 ) ;
#7100 = VERTEX_POINT ( 'NONE', #8433 ) ;
#7101 = EDGE_LOOP ( 'NONE', ( #8496, #5009, #9251, #6032 ) ) ;
#7102 = DIRECTION ( 'NONE',  ( -0.2107285608221098061, 0.000000000000000000, 0.9775446146615724974 ) ) ;
#7103 = VERTEX_POINT ( 'NONE', #6824 ) ;
#7104 = EDGE_LOOP ( 'NONE', ( #2857, #6419, #9956, #7164 ) ) ;
#7105 = FACE_BOUND ( 'NONE', #7136, .T. ) ;
#7106 = DIRECTION ( 'NONE',  ( -0.7450692948612543942, 0.000000000000000000, -0.6669870657328770269 ) ) ;
#7107 = EDGE_CURVE ( 'NONE', #9562, #5199, #6975, .T. ) ;
#7108 = LINE ( 'NONE', #8078, #217 ) ;
#7109 = VECTOR ( 'NONE', #1548, 1000.000000000000000 ) ;
#7110 = ORIENTED_EDGE ( 'NONE', *, *, #2996, .T. ) ;
#7111 = DIRECTION ( 'NONE',  ( -0.002880682490137731477, 0.000000000000000000, -0.9999958508255877287 ) ) ;
#7112 = PLANE ( 'NONE',  #2925 ) ;
#7113 = EDGE_CURVE ( 'NONE', #6807, #2361, #1390, .T. ) ;
#7114 = EDGE_LOOP ( 'NONE', ( #1182, #9693, #5338, #6655 ) ) ;
#7115 = CARTESIAN_POINT ( 'NONE',  ( 2.194887756272248414, -0.1456920279732068779, 0.4665377947248843804 ) ) ;
#7116 = EDGE_LOOP ( 'NONE', ( #8986, #149, #2763, #9115 ) ) ;
#7117 = EDGE_CURVE ( 'NONE', #8908, #3786, #4585, .T. ) ;
#7118 = EDGE_CURVE ( 'NONE', #1214, #7346, #6198, .T. ) ;
#7119 = CARTESIAN_POINT ( 'NONE',  ( 0.8021835618679505897, -2.981555974335137194E-16, 0.5296449358157165888 ) ) ;
#7120 = EDGE_CURVE ( 'NONE', #4979, #5123, #5322, .T. ) ;
#7121 = VECTOR ( 'NONE', #6742, 1000.000000000000114 ) ;
#7122 = ORIENTED_EDGE ( 'NONE', *, *, #4788, .F. ) ;
#7123 = DIRECTION ( 'NONE',  ( 0.02382238369846467405, 0.000000000000000000, 0.9997162067481567549 ) ) ;
#7124 = FACE_OUTER_BOUND ( 'NONE', #10110, .T. ) ;
#7125 = ORIENTED_EDGE ( 'NONE', *, *, #9418, .F. ) ;
#7126 = DIRECTION ( 'NONE',  ( 0.5901133345588708279, 0.000000000000000000, -0.8073204149380901473 ) ) ;
#7127 = VERTEX_POINT ( 'NONE', #607 ) ;
#7128 = FACE_OUTER_BOUND ( 'NONE', #8432, .T. ) ;
#7129 = EDGE_CURVE ( 'NONE', #4380, #5303, #6041, .T. ) ;
#7130 = EDGE_CURVE ( 'NONE', #2321, #2402, #4427, .T. ) ;
#7131 = LINE ( 'NONE', #4776, #980 ) ;
#7132 = EDGE_CURVE ( 'NONE', #9690, #1760, #7544, .T. ) ;
#7133 = PLANE ( 'NONE',  #9239 ) ;
#7134 = DIRECTION ( 'NONE',  ( 0.9998368636726749914, 0.000000000000000000, -0.01806228228072980641 ) ) ;
#7135 = PLANE ( 'NONE',  #3048 ) ;
#7136 = EDGE_LOOP ( 'NONE', ( #6841, #1226 ) ) ;
#7137 = ORIENTED_EDGE ( 'NONE', *, *, #3356, .T. ) ;
#7138 = VECTOR ( 'NONE', #7915, 1000.000000000000000 ) ;
#7139 = DIRECTION ( 'NONE',  ( -0.000000000000000000, 1.000000000000000000, -0.000000000000000000 ) ) ;
#7140 = EDGE_LOOP ( 'NONE', ( #6861, #5751, #4536, #342 ) ) ;
#7141 = FACE_BOUND ( 'NONE', #2737, .T. ) ;
#7142 = EDGE_CURVE ( 'NONE', #4452, #1923, #9216, .T. ) ;
#7143 = DIRECTION ( 'NONE',  ( -0.8645814692489215414, 0.000000000000000000, 0.5024926696294941264 ) ) ;
#7144 = VECTOR ( 'NONE', #7775, 1000.000000000000227 ) ;
#7145 = LINE ( 'NONE', #1494, #9718 ) ;
#7146 = CARTESIAN_POINT ( 'NONE',  ( 0.5345450792948519547, 2.000000000000000000, 2.081915628221658210 ) ) ;
#7147 = DIRECTION ( 'NONE',  ( 0.000000000000000000, -1.000000000000000000, 0.000000000000000000 ) ) ;
#7148 = LINE ( 'NONE', #5434, #5861 ) ;
#7149 = ORIENTED_EDGE ( 'NONE', *, *, #1812, .F. ) ;
#7150 = FACE_OUTER_BOUND ( 'NONE', #3967, .T. ) ;
#7151 = ORIENTED_EDGE ( 'NONE', *, *, #6601, .T. ) ;
#7152 = VERTEX_POINT ( 'NONE', #7758 ) ;
#7153 = VERTEX_POINT ( 'NONE', #5992 ) ;
#7154 = VECTOR ( 'NONE', #3658, 1000.000000000000114 ) ;
#7155 = DIRECTION ( 'NONE',  ( -0.8313236394284960751, 0.000000000000000000, -0.5557886347590780263 ) ) ;
#7156 = LINE ( 'NONE', #6468, #4053 ) ;
#7157 = DIRECTION ( 'NONE',  ( 0.7164852230950570222, 0.000000000000000000, -0.6976022685502293319 ) ) ;
#7158 = VECTOR ( 'NONE', #6309, 1000.000000000000000 ) ;
#7159 = ORIENTED_EDGE ( 'NONE', *, *, #2575, .T. ) ;
#7160 = LINE ( 'NONE', #828, #6960 ) ;
#7161 = DIRECTION ( 'NONE',  ( 0.9999958508255876177, 0.000000000000000000, 0.002880682490158270170 ) ) ;
#7162 = EDGE_LOOP ( 'NONE', ( #5636, #2921, #3542, #9371 ) ) ;
#7163 = EDGE_CURVE ( 'NONE', #3897, #3493, #8329, .T. ) ;
#7164 = ORIENTED_EDGE ( 'NONE', *, *, #7752, .T. ) ;
#7165 = ADVANCED_FACE ( 'NONE', ( #2065 ), #6145, .F. ) ;
#7166 = LINE ( 'NONE', #8775, #3510 ) ;
#7167 = ADVANCED_FACE ( 'NONE', ( #9943 ), #10044, .F. ) ;
#7168 = EDGE_LOOP ( 'NONE', ( #3186, #7557, #9035, #466 ) ) ;
#7169 = CARTESIAN_POINT ( 'NONE',  ( -0.9408267182697724884, -0.1491166960093056604, 0.1971479423075904180 ) ) ;
#7170 = DIRECTION ( 'NONE',  ( 0.9519427500406412168, 0.000000000000000000, 0.3062760203559222738 ) ) ;
#7171 = VERTEX_POINT ( 'NONE', #6876 ) ;
#7172 = LINE ( 'NONE', #899, #3074 ) ;
#7173 = ADVANCED_FACE ( 'NONE', ( #5216 ), #6093, .F. ) ;
#7174 = CARTESIAN_POINT ( 'NONE',  ( -0.9303684665555647104, -0.1458670832290543395, 0.2417369260279319254 ) ) ;
#7175 = FACE_OUTER_BOUND ( 'NONE', #7183, .T. ) ;
#7176 = LINE ( 'NONE', #2418, #1667 ) ;
#7177 = DIRECTION ( 'NONE',  ( -0.7686738296558918160, 0.000000000000000000, 0.6396409489722689745 ) ) ;
#7178 = VECTOR ( 'NONE', #1016, 1000.000000000000000 ) ;
#7179 = EDGE_CURVE ( 'NONE', #8861, #640, #7701, .T. ) ;
#7180 = VERTEX_POINT ( 'NONE', #1233 ) ;
#7181 = EDGE_CURVE ( 'NONE', #6624, #3438, #2115, .T. ) ;
#7182 = EDGE_CURVE ( 'NONE', #10117, #7534, #447, .T. ) ;
#7183 = EDGE_LOOP ( 'NONE', ( #9097, #6245, #2304, #2495 ) ) ;
#7184 = LINE ( 'NONE', #4143, #1746 ) ;
#7185 = PLANE ( 'NONE',  #8213 ) ;
#7186 = VERTEX_POINT ( 'NONE', #6925 ) ;
#7187 = EDGE_CURVE ( 'NONE', #3395, #8093, #9320, .T. ) ;
#7188 = DIRECTION ( 'NONE',  ( -0.9639332430866793811, 0.000000000000000000, -0.2661441392786939031 ) ) ;
#7189 = DIRECTION ( 'NONE',  ( 0.000000000000000000, 1.000000000000000000, 0.000000000000000000 ) ) ;
#7190 = AXIS2_PLACEMENT_3D ( 'NONE', #1097, #894, #4179 ) ;
#7191 = CARTESIAN_POINT ( 'NONE',  ( 0.4204692142881907291, 2.000000000000000000, -2.204176811505025313 ) ) ;
#7192 = PLANE ( 'NONE',  #6233 ) ;
#7193 = DIRECTION ( 'NONE',  ( 0.5901133345588596146, 0.000000000000000000, 0.8073204149380985850 ) ) ;
#7194 = CARTESIAN_POINT ( 'NONE',  ( -0.01736256296939445165, -0.1439148779360118480, 0.9611039310987760098 ) ) ;
#7195 = ORIENTED_EDGE ( 'NONE', *, *, #10299, .T. ) ;
#7196 = CARTESIAN_POINT ( 'NONE',  ( 0.9086988294849385195, -2.981555974335137194E-16, -0.3135102267216964278 ) ) ;
#7197 = ORIENTED_EDGE ( 'NONE', *, *, #6913, .T. ) ;
#7198 = ORIENTED_EDGE ( 'NONE', *, *, #6471, .T. ) ;
#7199 = EDGE_CURVE ( 'NONE', #8690, #8117, #8794, .T. ) ;
#7200 = VERTEX_POINT ( 'NONE', #5529 ) ;
#7201 = LINE ( 'NONE', #2437, #8873 ) ;
#7202 = DIRECTION ( 'NONE',  ( 0.000000000000000000, -1.000000000000000000, 0.000000000000000000 ) ) ;
#7203 = LINE ( 'NONE', #10225, #8042 ) ;
#7204 = CARTESIAN_POINT ( 'NONE',  ( 0.04699317460290976939, -0.1418147860772172864, -2.243430725046217766 ) ) ;
#7205 = EDGE_LOOP ( 'NONE', ( #9190, #9986, #6924, #4172 ) ) ;
#7206 = CARTESIAN_POINT ( 'NONE',  ( -2.119107720340027257, -3.006278401112418225E-16, 0.7379513846696653667 ) ) ;
#7207 = CARTESIAN_POINT ( 'NONE',  ( 0.2996782327926879042, 2.000000000000000000, -0.9133538097345618167 ) ) ;
#7208 = ORIENTED_EDGE ( 'NONE', *, *, #10026, .F. ) ;
#7209 = ORIENTED_EDGE ( 'NONE', *, *, #1934, .T. ) ;
#7210 = VECTOR ( 'NONE', #1286, 1000.000000000000000 ) ;
#7211 = CARTESIAN_POINT ( 'NONE',  ( 0.2693968139906554038, -0.1448052212307958664, 2.132495364928984838 ) ) ;
#7212 = ADVANCED_FACE ( 'NONE', ( #4051 ), #8695, .F. ) ;
#7213 = VERTEX_POINT ( 'NONE', #9482 ) ;
#7214 = AXIS2_PLACEMENT_3D ( 'NONE', #6668, #5460, #2735 ) ;
#7215 = CARTESIAN_POINT ( 'NONE',  ( -2.145202938358541811, -2.981555974335137194E-16, 0.1349647290583720349 ) ) ;
#7216 = DIRECTION ( 'NONE',  ( -0.5509898714914940321, 0.000000000000000000, -0.8345119301207065687 ) ) ;
#7217 = DIRECTION ( 'NONE',  ( 0.000000000000000000, -1.000000000000000000, 0.000000000000000000 ) ) ;
#7218 = ORIENTED_EDGE ( 'NONE', *, *, #4625, .F. ) ;
#7219 = VECTOR ( 'NONE', #8810, 999.9999999999998863 ) ;
#7220 = DIRECTION ( 'NONE',  ( 0.7686738296558873751, 0.000000000000000000, 0.6396409489722744146 ) ) ;
#7221 = PLANE ( 'NONE',  #10017 ) ;
#7222 = VECTOR ( 'NONE', #8358, 1000.000000000000227 ) ;
#7223 = APPLICATION_PROTOCOL_DEFINITION ( 'draft international standard', 'automotive_design', 1998, #9264 ) ;
#7224 = CARTESIAN_POINT ( 'NONE',  ( -0.7068805642337405715, -0.1456470276146848986, 2.029884477683523425 ) ) ;
#7225 = VECTOR ( 'NONE', #2324, 999.9999999999998863 ) ;
#7226 = DIRECTION ( 'NONE',  ( 0.000000000000000000, 1.000000000000000000, -0.000000000000000000 ) ) ;
#7227 = LINE ( 'NONE', #4832, #1504 ) ;
#7228 = AXIS2_PLACEMENT_3D ( 'NONE', #8902, #5938, #5835 ) ;
#7229 = LINE ( 'NONE', #5571, #3550 ) ;
#7230 = VECTOR ( 'NONE', #4271, 1000.000000000000000 ) ;
#7231 = ORIENTED_EDGE ( 'NONE', *, *, #8964, .T. ) ;
#7232 = CARTESIAN_POINT ( 'NONE',  ( -0.7912632493768316788, -2.981555974335137194E-16, -1.998502838381156721 ) ) ;
#7233 = ORIENTED_EDGE ( 'NONE', *, *, #408, .F. ) ;
#7234 = LINE ( 'NONE', #8010, #6874 ) ;
#7235 = CARTESIAN_POINT ( 'NONE',  ( 0.6745345522507391056, -0.1458349236714002739, -0.6848542639031178769 ) ) ;
#7236 = EDGE_CURVE ( 'NONE', #9173, #4866, #7234, .T. ) ;
#7237 = EDGE_CURVE ( 'NONE', #10111, #4396, #711, .T. ) ;
#7238 = ADVANCED_FACE ( 'NONE', ( #9577 ), #6408, .F. ) ;
#7239 = CARTESIAN_POINT ( 'NONE',  ( -1.430330258545875921, -0.1491166960093056604, 1.728972275089647681 ) ) ;
#7240 = CARTESIAN_POINT ( 'NONE',  ( 1.335122602884976084, -0.1491166960093065208, -1.684505494231932632 ) ) ;
#7241 = CARTESIAN_POINT ( 'NONE',  ( 0.5508761081120377989, -0.1451609609644690935, 0.7877548720748867028 ) ) ;
#7242 = EDGE_CURVE ( 'NONE', #4049, #9215, #28, .T. ) ;
#7243 = PLANE ( 'NONE',  #4687 ) ;
#7244 = VERTEX_POINT ( 'NONE', #859 ) ;
#7245 = LINE ( 'NONE', #7336, #7975 ) ;
#7246 = ORIENTED_EDGE ( 'NONE', *, *, #6085, .T. ) ;
#7247 = VERTEX_POINT ( 'NONE', #2326 ) ;
#7248 = PLANE ( 'NONE',  #3922 ) ;
#7249 = EDGE_LOOP ( 'NONE', ( #3138, #5838, #2658, #1730 ) ) ;
#7250 = LINE ( 'NONE', #9590, #2208 ) ;
#7251 = EDGE_CURVE ( 'NONE', #10282, #4528, #2524, .T. ) ;
#7252 = VECTOR ( 'NONE', #3200, 1000.000000000000000 ) ;
#7253 = DIRECTION ( 'NONE',  ( 0.9639332430866811574, 0.000000000000000000, -0.2661441392786874083 ) ) ;
#7254 = ADVANCED_FACE ( 'NONE', ( #4737 ), #7914, .F. ) ;
#7255 = DIRECTION ( 'NONE',  ( 0.6976022685502293319, 0.000000000000000000, 0.7164852230950570222 ) ) ;
#7256 = ORIENTED_EDGE ( 'NONE', *, *, #8314, .T. ) ;
#7257 = DIRECTION ( 'NONE',  ( 0.9924716301089085979, 0.000000000000000000, -0.1224747460865534682 ) ) ;
#7258 = DIRECTION ( 'NONE',  ( 0.6188876310076701914, 0.000000000000000000, 0.7854795351794430225 ) ) ;
#7259 = VERTEX_POINT ( 'NONE', #4684 ) ;
#7260 = EDGE_LOOP ( 'NONE', ( #9670, #7645, #5184, #2899 ) ) ;
#7261 = CARTESIAN_POINT ( 'NONE',  ( -2.009908089764436578, -3.006278401112418225E-16, -0.9977270404474620769 ) ) ;
#7262 = ORIENTED_EDGE ( 'NONE', *, *, #2936, .F. ) ;
#7263 = DIRECTION ( 'NONE',  ( 0.3261448337396650188, 0.000000000000000000, -0.9453198122460600983 ) ) ;
#7264 = DIRECTION ( 'NONE',  ( 0.8645814692489179887, 0.000000000000000000, 0.5024926696295003437 ) ) ;
#7265 = PLANE ( 'NONE',  #9625 ) ;
#7266 = ORIENTED_EDGE ( 'NONE', *, *, #220, .F. ) ;
#7267 = PLANE ( 'NONE',  #2736 ) ;
#7268 = EDGE_CURVE ( 'NONE', #853, #3646, #762, .T. ) ;
#7269 = FACE_OUTER_BOUND ( 'NONE', #3371, .T. ) ;
#7270 = CARTESIAN_POINT ( 'NONE',  ( 0.5345450792948521768, -0.1460357895205570966, 2.081915628221658210 ) ) ;
#7271 = DIRECTION ( 'NONE',  ( -0.7412141892185430958, 0.000000000000000000, 0.6712685943056608817 ) ) ;
#7272 = VECTOR ( 'NONE', #2200, 1000.000000000000000 ) ;
#7273 = CARTESIAN_POINT ( 'NONE',  ( -0.6212577703813260133, -0.1459623876292463207, -2.057705009852662581 ) ) ;
#7274 = FACE_OUTER_BOUND ( 'NONE', #5282, .T. ) ;
#7275 = LINE ( 'NONE', #5674, #1716 ) ;
#7276 = ORIENTED_EDGE ( 'NONE', *, *, #2379, .T. ) ;
#7277 = VECTOR ( 'NONE', #9225, 1000.000000000000000 ) ;
#7278 = PLANE ( 'NONE',  #6891 ) ;
#7279 = ORIENTED_EDGE ( 'NONE', *, *, #6161, .F. ) ;
#7280 = EDGE_CURVE ( 'NONE', #5303, #4866, #3169, .T. ) ;
#7281 = CARTESIAN_POINT ( 'NONE',  ( -0.9194294835318219672, 2.000000000000000000, -0.2804846694184796596 ) ) ;
#7282 = DIRECTION ( 'NONE',  ( 0.5854522923790256295, 0.000000000000000000, -0.8107068603065745727 ) ) ;
#7283 = DIRECTION ( 'NONE',  ( -0.4093665898583178087, 0.000000000000000000, 0.9123699880573514776 ) ) ;
#7284 = ADVANCED_FACE ( 'NONE', ( #9527 ), #2376, .F. ) ;
#7285 = FACE_OUTER_BOUND ( 'NONE', #7114, .T. ) ;
#7286 = CARTESIAN_POINT ( 'NONE',  ( 0.6105945004202757431, -2.981555974335137194E-16, 0.7424261451638811682 ) ) ;
#7287 = VERTEX_POINT ( 'NONE', #2225 ) ;
#7288 = DIRECTION ( 'NONE',  ( -0.9948188822373305040, 0.000000000000000000, 0.1016631277507650533 ) ) ;
#7289 = ORIENTED_EDGE ( 'NONE', *, *, #906, .F. ) ;
#7290 = ORIENTED_EDGE ( 'NONE', *, *, #4998, .T. ) ;
#7291 = LINE ( 'NONE', #5792, #4252 ) ;
#7292 = DIRECTION ( 'NONE',  ( 0.000000000000000000, -1.000000000000000000, 0.000000000000000000 ) ) ;
#7293 = EDGE_LOOP ( 'NONE', ( #10266, #8895, #7659, #9942 ) ) ;
#7294 = PLANE ( 'NONE',  #5218 ) ;
#7295 = ADVANCED_FACE ( 'NONE', ( #7804 ), #8747, .F. ) ;
#7296 = VECTOR ( 'NONE', #4970, 1000.000000000000114 ) ;
#7297 = DIRECTION ( 'NONE',  ( -0.8875345109941271682, 0.000000000000000000, 0.4607412416904042574 ) ) ;
#7298 = LINE ( 'NONE', #7204, #4394 ) ;
#7299 = EDGE_LOOP ( 'NONE', ( #4404, #8178, #7137, #1973 ) ) ;
#7300 = LINE ( 'NONE', #401, #7791 ) ;
#7301 = DIRECTION ( 'NONE',  ( 0.08654807566954358933, 0.000000000000000000, 0.9962476753287302644 ) ) ;
#7302 = VECTOR ( 'NONE', #3227, 1000.000000000000114 ) ;
#7303 = ORIENTED_EDGE ( 'NONE', *, *, #2331, .F. ) ;
#7304 = EDGE_CURVE ( 'NONE', #1181, #5464, #4786, .T. ) ;
#7305 = EDGE_CURVE ( 'NONE', #8814, #7071, #6608, .T. ) ;
#7306 = ORIENTED_EDGE ( 'NONE', *, *, #8644, .T. ) ;
#7307 = ORIENTED_EDGE ( 'NONE', *, *, #8822, .T. ) ;
#7308 = ORIENTED_EDGE ( 'NONE', *, *, #190, .F. ) ;
#7309 = VECTOR ( 'NONE', #5515, 999.9999999999998863 ) ;
#7310 = ORIENTED_EDGE ( 'NONE', *, *, #10133, .T. ) ;
#7311 = LINE ( 'NONE', #1674, #8265 ) ;
#7312 = VECTOR ( 'NONE', #6797, 1000.000000000000000 ) ;
#7313 = PLANE ( 'NONE',  #8633 ) ;
#7314 = VERTEX_POINT ( 'NONE', #9000 ) ;
#7315 = ADVANCED_FACE ( 'NONE', ( #278 ), #2626, .F. ) ;
#7316 = ORIENTED_EDGE ( 'NONE', *, *, #8046, .T. ) ;
#7317 = CYLINDRICAL_SURFACE ( 'NONE', #2903, 2.000000000000000000 ) ;
#7318 = DIRECTION ( 'NONE',  ( -0.9207430172529504908, 0.000000000000000000, 0.3901695736214356169 ) ) ;
#7319 = CARTESIAN_POINT ( 'NONE',  ( -0.1828415940552526042, -0.1460293543205271327, 0.9437113840839904677 ) ) ;
#7320 = PLANE ( 'NONE',  #7475 ) ;
#7321 = DIRECTION ( 'NONE',  ( 0.8944271909999155223, 0.000000000000000000, 0.4472135954999585938 ) ) ;
#7322 = CARTESIAN_POINT ( 'NONE',  ( 0.3584601446948932901, -0.1454566137144368831, -2.119343636482115212 ) ) ;
#7323 = DIRECTION ( 'NONE',  ( 0.5509898714915115736, 0.000000000000000000, -0.8345119301206948004 ) ) ;
#7324 = LINE ( 'NONE', #3358, #3334 ) ;
#7325 = VERTEX_POINT ( 'NONE', #5678 ) ;
#7326 = CARTESIAN_POINT ( 'NONE',  ( -0.6745345522507341096, -0.1458349236714011621, 0.6848542639031227619 ) ) ;
#7327 = ORIENTED_EDGE ( 'NONE', *, *, #3025, .F. ) ;
#7328 = CARTESIAN_POINT ( 'NONE',  ( -1.981493566476409507, -2.981555974335137194E-16, 0.8329431978499615141 ) ) ;
#7329 = CARTESIAN_POINT ( 'NONE',  ( 0.9554158832771025844, -3.006278401112418225E-16, -2.030362102316336959 ) ) ;
#7330 = DIRECTION ( 'NONE',  ( -0.2514790358596445952, 0.000000000000000000, -0.9678627457047324079 ) ) ;
#7331 = AXIS2_PLACEMENT_3D ( 'NONE', #2565, #7471, #4937 ) ;
#7332 = EDGE_CURVE ( 'NONE', #5577, #4142, #9778, .T. ) ;
#7333 = DIRECTION ( 'NONE',  ( -0.7982682711663882102, 0.000000000000000000, 0.6023020564874617122 ) ) ;
#7334 = LINE ( 'NONE', #8113, #5614 ) ;
#7335 = ORIENTED_EDGE ( 'NONE', *, *, #4518, .F. ) ;
#7336 = CARTESIAN_POINT ( 'NONE',  ( -0.4478004200876813945, -2.981555974335137194E-16, -0.8505862735405990138 ) ) ;
#7337 = ORIENTED_EDGE ( 'NONE', *, *, #3163, .F. ) ;
#7338 = CARTESIAN_POINT ( 'NONE',  ( -0.5174051459242514639, -0.1443895770494173503, -0.8101321743626104244 ) ) ;
#7339 = ORIENTED_EDGE ( 'NONE', *, *, #9713, .T. ) ;
#7340 = AXIS2_PLACEMENT_3D ( 'NONE', #9532, #9675, #5581 ) ;
#7341 = CARTESIAN_POINT ( 'NONE',  ( 0.05759418846820252985, 2.000000000000000000, 0.9595338109837900920 ) ) ;
#7342 = AXIS2_PLACEMENT_3D ( 'NONE', #7194, #8753, #3065 ) ;
#7343 = VECTOR ( 'NONE', #6436, 1000.000000000000000 ) ;
#7344 = DIRECTION ( 'NONE',  ( -0.8776908234681599641, 0.000000000000000000, 0.4792273139124932912 ) ) ;
#7345 = LINE ( 'NONE', #1963, #7901 ) ;
#7346 = VERTEX_POINT ( 'NONE', #4198 ) ;
#7347 = CARTESIAN_POINT ( 'NONE',  ( 0.09772477418982074282, -2.981555974335137194E-16, -0.9562803425125581125 ) ) ;
#7348 = DIRECTION ( 'NONE',  ( -0.8944271909999155223, 0.000000000000000000, 0.4472135954999585938 ) ) ;
#7349 = VERTEX_POINT ( 'NONE', #2674 ) ;
#7350 = DIRECTION ( 'NONE',  ( -0.3848583835432668465, 0.000000000000000000, 0.9229756359820467937 ) ) ;
#7351 = ORIENTED_EDGE ( 'NONE', *, *, #3091, .F. ) ;
#7352 = ORIENTED_EDGE ( 'NONE', *, *, #8256, .T. ) ;
#7353 = VERTEX_POINT ( 'NONE', #7328 ) ;
#7354 = EDGE_CURVE ( 'NONE', #3666, #4745, #7479, .T. ) ;
#7355 = EDGE_CURVE ( 'NONE', #9111, #10111, #9054, .T. ) ;
#7356 = EDGE_CURVE ( 'NONE', #8766, #9029, #5049, .T. ) ;
#7357 = ORIENTED_EDGE ( 'NONE', *, *, #813, .T. ) ;
#7358 = CARTESIAN_POINT ( 'NONE',  ( -0.9194294835318239656, 2.000000000000000000, 0.2804846694184730538 ) ) ;
#7359 = EDGE_CURVE ( 'NONE', #7353, #2599, #1749, .T. ) ;
#7360 = VERTEX_POINT ( 'NONE', #6656 ) ;
#7361 = DIRECTION ( 'NONE',  ( -0.5024926696295003437, 0.000000000000000000, 0.8645814692489179887 ) ) ;
#7362 = CARTESIAN_POINT ( 'NONE',  ( -2.092653697217581765, -2.981555974335137194E-16, 0.4908274934776041265 ) ) ;
#7363 = AXIS2_PLACEMENT_3D ( 'NONE', #394, #8486, #500 ) ;
#7364 = ORIENTED_EDGE ( 'NONE', *, *, #7992, .T. ) ;
#7365 = ORIENTED_EDGE ( 'NONE', *, *, #9707, .F. ) ;
#7366 = LINE ( 'NONE', #949, #3245 ) ;
#7367 = CARTESIAN_POINT ( 'NONE',  ( -0.9086988294849340786, 2.000000000000000000, -0.3135102267217088623 ) ) ;
#7368 = LINE ( 'NONE', #8935, #5193 ) ;
#7369 = CARTESIAN_POINT ( 'NONE',  ( -0.4117887667798655338, -2.981555974335137194E-16, -0.8685921001945069442 ) ) ;
#7370 = CARTESIAN_POINT ( 'NONE',  ( -0.8792780351554217999, 2.000000000000000000, -0.3884486605197750020 ) ) ;
#7371 = CARTESIAN_POINT ( 'NONE',  ( 1.430330258545852384, -0.1496419838468801000, 1.728972275089667665 ) ) ;
#7372 = VECTOR ( 'NONE', #8660, 1000.000000000000000 ) ;
#7373 = EDGE_CURVE ( 'NONE', #7541, #3319, #913, .T. ) ;
#7374 = CARTESIAN_POINT ( 'NONE',  ( -0.8770254568504679549, -2.981555974335137194E-16, 0.3935080342288004296 ) ) ;
#7375 = VECTOR ( 'NONE', #1369, 999.9999999999998863 ) ;
#7376 = VERTEX_POINT ( 'NONE', #4147 ) ;
#7377 = DIRECTION ( 'NONE',  ( 0.4658469839572123572, 0.000000000000000000, -0.8848652934418712590 ) ) ;
#7378 = ORIENTED_EDGE ( 'NONE', *, *, #5454, .T. ) ;
#7379 = VECTOR ( 'NONE', #5527, 1000.000000000000000 ) ;
#7380 = CARTESIAN_POINT ( 'NONE',  ( 1.758547659744510439, -0.1487670180785271301, 1.393807700132155603 ) ) ;
#7381 = LINE ( 'NONE', #1219, #9739 ) ;
#7382 = CARTESIAN_POINT ( 'NONE',  ( 0.8927345626982096105, 2.000000000000000000, -0.3564368464825480309 ) ) ;
#7383 = CARTESIAN_POINT ( 'NONE',  ( -0.3584601446948788017, 2.000000000000000000, 2.119343636482117876 ) ) ;
#7384 = DIRECTION ( 'NONE',  ( 0.6976022685502343279, 0.000000000000000000, -0.7164852230950522483 ) ) ;
#7385 = AXIS2_PLACEMENT_3D ( 'NONE', #4249, #9824, #8303 ) ;
#7386 = VECTOR ( 'NONE', #9369, 1000.000000000000114 ) ;
#7387 = ORIENTED_EDGE ( 'NONE', *, *, #8724, .F. ) ;
#7388 = VERTEX_POINT ( 'NONE', #5102 ) ;
#7389 = DIRECTION ( 'NONE',  ( -0.5382568124111016816, 0.000000000000000000, -0.8427808753721456325 ) ) ;
#7390 = VERTEX_POINT ( 'NONE', #8214 ) ;
#7391 = ORIENTED_EDGE ( 'NONE', *, *, #1695, .T. ) ;
#7392 = CARTESIAN_POINT ( 'NONE',  ( -1.904845299228161259, -2.981555974335137194E-16, -0.9958290570375513129 ) ) ;
#7393 = EDGE_CURVE ( 'NONE', #7818, #7686, #8157, .T. ) ;
#7394 = AXIS2_PLACEMENT_3D ( 'NONE', #1764, #4220, #9947 ) ;
#7395 = CARTESIAN_POINT ( 'NONE',  ( 0.8021835618679616919, 2.000000000000000000, -0.5296449358156998244 ) ) ;
#7396 = CARTESIAN_POINT ( 'NONE',  ( -0.8622402173287539995, -2.981555974335137194E-16, 0.4249282675784817886 ) ) ;
#7397 = CARTESIAN_POINT ( 'NONE',  ( -1.966364586821998550, -0.1439148779360118480, -1.081018079512519936 ) ) ;
#7398 = ORIENTED_EDGE ( 'NONE', *, *, #4985, .T. ) ;
#7399 = DIRECTION ( 'NONE',  ( -0.9924716301089069326, 0.000000000000000000, -0.1224747460865668880 ) ) ;
#7400 = LINE ( 'NONE', #4026, #7436 ) ;
#7401 = ORIENTED_EDGE ( 'NONE', *, *, #9143, .T. ) ;
#7402 = ORIENTED_EDGE ( 'NONE', *, *, #7617, .F. ) ;
#7403 = ORIENTED_EDGE ( 'NONE', *, *, #8578, .T. ) ;
#7404 = ADVANCED_FACE ( 'NONE', ( #175 ), #1118, .F. ) ;
#7405 = ORIENTED_EDGE ( 'NONE', *, *, #4624, .F. ) ;
#7406 = EDGE_CURVE ( 'NONE', #3938, #7244, #1014, .T. ) ;
#7407 = CARTESIAN_POINT ( 'NONE',  ( 0.2611680761981650667, 2.000000000000000000, -0.9251018651701748974 ) ) ;
#7408 = VECTOR ( 'NONE', #9588, 1000.000000000000000 ) ;
#7409 = EDGE_LOOP ( 'NONE', ( #6503, #5033, #363, #3570 ) ) ;
#7410 = LINE ( 'NONE', #154, #4174 ) ;
#7411 = CARTESIAN_POINT ( 'NONE',  ( 0.6105945004202808502, -0.1442935096704870135, -0.7424261451638770604 ) ) ;
#7412 = ORIENTED_EDGE ( 'NONE', *, *, #6896, .F. ) ;
#7413 = LINE ( 'NONE', #5035, #9955 ) ;
#7414 = ORIENTED_EDGE ( 'NONE', *, *, #9466, .T. ) ;
#7415 = ORIENTED_EDGE ( 'NONE', *, *, #1695, .F. ) ;
#7416 = EDGE_CURVE ( 'NONE', #4142, #6431, #2471, .T. ) ;
#7417 = EDGE_CURVE ( 'NONE', #865, #3248, #8845, .T. ) ;
#7418 = DIRECTION ( 'NONE',  ( 0.9998368636726747694, 0.000000000000000000, 0.01806228228074379522 ) ) ;
#7419 = CARTESIAN_POINT ( 'NONE',  ( 0.6034353314822265002, -3.006278401112418225E-16, 2.161262496148840473 ) ) ;
#7420 = DIRECTION ( 'NONE',  ( -0.6712685943056608817, 0.000000000000000000, -0.7412141892185430958 ) ) ;
#7421 = EDGE_CURVE ( 'NONE', #2975, #4955, #1696, .T. ) ;
#7422 = LINE ( 'NONE', #2617, #10163 ) ;
#7423 = CARTESIAN_POINT ( 'NONE',  ( -0.9210301919172685370, -0.1499342098531314116, -0.2751828674594884450 ) ) ;
#7424 = VECTOR ( 'NONE', #769, 1000.000000000000114 ) ;
#7425 = ORIENTED_EDGE ( 'NONE', *, *, #3827, .F. ) ;
#7426 = ADVANCED_FACE ( 'NONE', ( #4097 ), #121, .F. ) ;
#7427 = EDGE_CURVE ( 'NONE', #2694, #9013, #8109, .T. ) ;
#7428 = CARTESIAN_POINT ( 'NONE',  ( -2.226228852475057085, -0.1443895770494173503, -0.2812381072119747305 ) ) ;
#7429 = EDGE_LOOP ( 'NONE', ( #246, #4665, #8283, #5176 ) ) ;
#7430 = VECTOR ( 'NONE', #2502, 1000.000000000000000 ) ;
#7431 = DIRECTION ( 'NONE',  ( -0.2862728641871079560, 0.000000000000000000, -0.9581481342830603376 ) ) ;
#7432 = DIRECTION ( 'NONE',  ( 0.2917883312151508535, 0.000000000000000000, 0.9564829166099505509 ) ) ;
#7433 = LINE ( 'NONE', #280, #5855 ) ;
#7434 = CARTESIAN_POINT ( 'NONE',  ( 0.6411484854770918007, 2.000000000000000000, 0.7162058674269696779 ) ) ;
#7435 = LINE ( 'NONE', #7286, #1594 ) ;
#7436 = VECTOR ( 'NONE', #2447, 1000.000000000000000 ) ;
#7437 = VERTEX_POINT ( 'NONE', #1946 ) ;
#7438 = DIRECTION ( 'NONE',  ( 0.000000000000000000, 0.000000000000000000, 1.000000000000000000 ) ) ;
#7439 = VERTEX_POINT ( 'NONE', #6705 ) ;
#7440 = CARTESIAN_POINT ( 'NONE',  ( -0.1431626797720656763, -2.981555974335137194E-16, 0.9505402001424601011 ) ) ;
#7441 = ORIENTED_EDGE ( 'NONE', *, *, #6096, .T. ) ;
#7442 = ORIENTED_EDGE ( 'NONE', *, *, #6602, .F. ) ;
#7443 = EDGE_CURVE ( 'NONE', #4185, #3612, #9103, .T. ) ;
#7444 = DIRECTION ( 'NONE',  ( -0.000000000000000000, 1.000000000000000000, -0.000000000000000000 ) ) ;
#7445 = LINE ( 'NONE', #7395, #8527 ) ;
#7446 = PLANE ( 'NONE',  #5573 ) ;
#7447 = FACE_OUTER_BOUND ( 'NONE', #3653, .T. ) ;
#7448 = EDGE_LOOP ( 'NONE', ( #10059, #8923, #6251, #528 ) ) ;
#7449 = CARTESIAN_POINT ( 'NONE',  ( -2.194887756272255075, -0.1459816899409631941, 0.4665377947248531831 ) ) ;
#7450 = LINE ( 'NONE', #3800, #4113 ) ;
#7451 = ORIENTED_EDGE ( 'NONE', *, *, #4518, .T. ) ;
#7452 = AXIS2_PLACEMENT_3D ( 'NONE', #4222, #7399, #3436 ) ;
#7453 = ORIENTED_EDGE ( 'NONE', *, *, #7898, .T. ) ;
#7454 = VERTEX_POINT ( 'NONE', #8934 ) ;
#7455 = ORIENTED_EDGE ( 'NONE', *, *, #9894, .F. ) ;
#7456 = VECTOR ( 'NONE', #5706, 1000.000000000000000 ) ;
#7457 = CARTESIAN_POINT ( 'NONE',  ( 0.5833806464172578421, -2.981555974335137194E-16, -0.7639955800606238467 ) ) ;
#7458 = ORIENTED_EDGE ( 'NONE', *, *, #5775, .F. ) ;
#7460 = EDGE_CURVE ( 'NONE', #2764, #2123, #6542, .T. ) ;
#7459 = CARTESIAN_POINT ( 'NONE',  ( -1.861473433499367225, -0.1454656455588212438, -1.074722187920208238 ) ) ;
#7461 = DIRECTION ( 'NONE',  ( -0.000000000000000000, 1.000000000000000000, 0.000000000000000000 ) ) ;
#7462 = ORIENTED_EDGE ( 'NONE', *, *, #9257, .F. ) ;
#7463 = PLANE ( 'NONE',  #7798 ) ;
#7464 = ORIENTED_EDGE ( 'NONE', *, *, #8492, .T. ) ;
#7465 = ORIENTED_EDGE ( 'NONE', *, *, #2391, .F. ) ;
#7466 = CARTESIAN_POINT ( 'NONE',  ( 0.01736256296938772786, 2.000000000000000000, -0.9611039310987760098 ) ) ;
#7467 = EDGE_CURVE ( 'NONE', #5397, #1704, #2510, .T. ) ;
#7468 = VECTOR ( 'NONE', #5862, 1000.000000000000000 ) ;
#7469 = FACE_OUTER_BOUND ( 'NONE', #5231, .T. ) ;
#7470 = CARTESIAN_POINT ( 'NONE',  ( 0.4117887667798597606, -2.981555974335137194E-16, 0.8685921001945094977 ) ) ;
#7471 = DIRECTION ( 'NONE',  ( -0.4283840443791830932, 0.000000000000000000, 0.9035967632308862241 ) ) ;
#7472 = LINE ( 'NONE', #6215, #2882 ) ;
#7473 = ORIENTED_EDGE ( 'NONE', *, *, #672, .F. ) ;
#7474 = CARTESIAN_POINT ( 'NONE',  ( 0.6212577703813106922, 2.000000000000000000, 2.057705009852667466 ) ) ;
#7475 = AXIS2_PLACEMENT_3D ( 'NONE', #5091, #2667, #9712 ) ;
#7476 = ORIENTED_EDGE ( 'NONE', *, *, #8822, .F. ) ;
#7477 = EDGE_LOOP ( 'NONE', ( #9157, #741, #1664, #3083 ) ) ;
#7478 = VECTOR ( 'NONE', #5365, 1000.000000000000000 ) ;
#7479 = LINE ( 'NONE', #9671, #6538 ) ;
#7480 = CARTESIAN_POINT ( 'NONE',  ( -1.404491242304759524, 2.000000000000000000, -1.627118764909665449 ) ) ;
#7481 = CARTESIAN_POINT ( 'NONE',  ( -0.6934102960788157688, -0.1456470276146848986, -2.134097452749633916 ) ) ;
#7482 = ADVANCED_FACE ( 'NONE', ( #7269 ), #2559, .F. ) ;
#7483 = ADVANCED_FACE ( 'NONE', ( #1832 ), #8045, .F. ) ;
#7484 = EDGE_CURVE ( 'NONE', #2235, #2274, #109, .T. ) ;
#7485 = CARTESIAN_POINT ( 'NONE',  ( 0.7294759924352766101, -2.981555974335137194E-16, -0.6260087870205616190 ) ) ;
#7486 = LINE ( 'NONE', #547, #2094 ) ;
#7487 = EDGE_LOOP ( 'NONE', ( #8134, #8085, #5441, #172 ) ) ;
#7488 = LINE ( 'NONE', #1419, #6879 ) ;
#7489 = ADVANCED_FACE ( 'NONE', ( #63 ), #7221, .F. ) ;
#7490 = ORIENTED_EDGE ( 'NONE', *, *, #9531, .T. ) ;
#7491 = FACE_OUTER_BOUND ( 'NONE', #2450, .T. ) ;
#7492 = ORIENTED_EDGE ( 'NONE', *, *, #6704, .T. ) ;
#7493 = VERTEX_POINT ( 'NONE', #1053 ) ;
#7494 = CARTESIAN_POINT ( 'NONE',  ( 1.904845299228154376, -2.981555974335137194E-16, 0.9958290570375649686 ) ) ;
#7495 = AXIS2_PLACEMENT_3D ( 'NONE', #804, #10301, #3891 ) ;
#7496 = DIRECTION ( 'NONE',  ( 0.000000000000000000, -1.000000000000000000, 0.000000000000000000 ) ) ;
#7497 = CARTESIAN_POINT ( 'NONE',  ( 0.9554158832770610621, -3.006278401112418225E-16, 2.030362102316356943 ) ) ;
#7498 = CARTESIAN_POINT ( 'NONE',  ( 0.8792780351554272400, 2.000000000000000000, -0.3884486605197628450 ) ) ;
#7499 = ADVANCED_FACE ( 'NONE', ( #6443 ), #7995, .F. ) ;
#7500 = EDGE_LOOP ( 'NONE', ( #5491, #2411, #897, #1241 ) ) ;
#7501 = CARTESIAN_POINT ( 'NONE',  ( 0.1798608697330699169, -2.981555974335137194E-16, 2.141905971878967918 ) ) ;
#7502 = VECTOR ( 'NONE', #2859, 999.9999999999998863 ) ;
#7503 = DIRECTION ( 'NONE',  ( -0.000000000000000000, 1.000000000000000000, 0.000000000000000000 ) ) ;
#7504 = VECTOR ( 'NONE', #3068, 1000.000000000000227 ) ;
#7505 = ORIENTED_EDGE ( 'NONE', *, *, #1314, .F. ) ;
#7506 = VECTOR ( 'NONE', #6380, 1000.000000000000000 ) ;
#7507 = VERTEX_POINT ( 'NONE', #9656 ) ;
#7508 = VERTEX_POINT ( 'NONE', #3297 ) ;
#7509 = FACE_OUTER_BOUND ( 'NONE', #4918, .T. ) ;
#7510 = AXIS2_PLACEMENT_3D ( 'NONE', #2924, #2978, #10124 ) ;
#7511 = VECTOR ( 'NONE', #5617, 999.9999999999998863 ) ;
#7512 = ORIENTED_EDGE ( 'NONE', *, *, #1682, .F. ) ;
#7513 = DIRECTION ( 'NONE',  ( -0.000000000000000000, 1.000000000000000000, 0.000000000000000000 ) ) ;
#7514 = FACE_OUTER_BOUND ( 'NONE', #2045, .T. ) ;
#7515 = ORIENTED_EDGE ( 'NONE', *, *, #8189, .T. ) ;
#7516 = DIRECTION ( 'NONE',  ( -0.9917495396061822843, 0.000000000000000000, -0.1281906809831574179 ) ) ;
#7517 = ORIENTED_EDGE ( 'NONE', *, *, #9848, .T. ) ;
#7518 = EDGE_LOOP ( 'NONE', ( #4123, #8636, #1350, #494 ) ) ;
#7519 = EDGE_CURVE ( 'NONE', #3646, #8277, #8880, .T. ) ;
#7520 = DIRECTION ( 'NONE',  ( 0.8458679691042313431, 0.000000000000000000, 0.5333923310692451070 ) ) ;
#7521 = DIRECTION ( 'NONE',  ( -0.000000000000000000, 1.000000000000000000, -0.000000000000000000 ) ) ;
#7522 = DIRECTION ( 'NONE',  ( -0.000000000000000000, 1.000000000000000000, -0.000000000000000000 ) ) ;
#7523 = ORIENTED_EDGE ( 'NONE', *, *, #3872, .F. ) ;
#7524 = CARTESIAN_POINT ( 'NONE',  ( -0.8410217014933268898, -2.981555974335137194E-16, 0.4655155449430833925 ) ) ;
#7525 = ORIENTED_EDGE ( 'NONE', *, *, #4828, .T. ) ;
#7526 = FACE_OUTER_BOUND ( 'NONE', #1025, .T. ) ;
#7527 = EDGE_LOOP ( 'NONE', ( #421, #36, #5627, #8186 ) ) ;
#7528 = CARTESIAN_POINT ( 'NONE',  ( -0.9557185851998322157, -0.1432581301189111422, 1.925282605420708837 ) ) ;
#7529 = VECTOR ( 'NONE', #1845, 1000.000000000000114 ) ;
#7530 = EDGE_CURVE ( 'NONE', #7818, #5337, #5767, .T. ) ;
#7531 = LINE ( 'NONE', #9057, #2492 ) ;
#7532 = DIRECTION ( 'NONE',  ( 0.000000000000000000, -1.000000000000000000, 0.000000000000000000 ) ) ;
#7533 = CARTESIAN_POINT ( 'NONE',  ( -0.8410217014933268898, -0.1427855095417411291, 0.4655155449430833925 ) ) ;
#7534 = VERTEX_POINT ( 'NONE', #8201 ) ;
#7535 = DIRECTION ( 'NONE',  ( 0.7412141892185383218, 0.000000000000000000, 0.6712685943056659887 ) ) ;
#7536 = CIRCLE ( 'NONE', #5725, 1.350000000000000089 ) ;
#7537 = ORIENTED_EDGE ( 'NONE', *, *, #7871, .F. ) ;
#7538 = PLANE ( 'NONE',  #9247 ) ;
#7539 = DIRECTION ( 'NONE',  ( 0.6396409489722799657, 0.000000000000000000, -0.7686738296558829342 ) ) ;
#7540 = ORIENTED_EDGE ( 'NONE', *, *, #5350, .T. ) ;
#7541 = VERTEX_POINT ( 'NONE', #8096 ) ;
#7542 = EDGE_CURVE ( 'NONE', #240, #10068, #4038, .T. ) ;
#7543 = EDGE_CURVE ( 'NONE', #5685, #8117, #211, .T. ) ;
#7544 = LINE ( 'NONE', #5165, #2199 ) ;
#7545 = ADVANCED_FACE ( 'NONE', ( #6392 ), #4132, .F. ) ;
#7546 = VECTOR ( 'NONE', #2891, 999.9999999999998863 ) ;
#7547 = LINE ( 'NONE', #1478, #397 ) ;
#7548 = CARTESIAN_POINT ( 'NONE',  ( -1.404491242304771292, -2.981555974335137194E-16, 1.627118764909655679 ) ) ;
#7549 = ADVANCED_FACE ( 'NONE', ( #8829 ), #5616, .F. ) ;
#7550 = VECTOR ( 'NONE', #4858, 1000.000000000000114 ) ;
#7551 = VECTOR ( 'NONE', #2624, 1000.000000000000000 ) ;
#7552 = DIRECTION ( 'NONE',  ( -0.9229756359820493472, 0.000000000000000000, -0.3848583835432607403 ) ) ;
#7553 = VECTOR ( 'NONE', #1121, 1000.000000000000000 ) ;
#7554 = ORIENTED_EDGE ( 'NONE', *, *, #7406, .F. ) ;
#7555 = DIRECTION ( 'NONE',  ( 0.000000000000000000, 0.000000000000000000, -1.000000000000000000 ) ) ;
#7556 = CARTESIAN_POINT ( 'NONE',  ( 0.2221997420524622624, -2.981555974335137194E-16, 0.9352269775825576836 ) ) ;
#7557 = ORIENTED_EDGE ( 'NONE', *, *, #9536, .T. ) ;
#7558 = VECTOR ( 'NONE', #3007, 1000.000000000000000 ) ;
#7559 = ORIENTED_EDGE ( 'NONE', *, *, #3162, .F. ) ;
#7560 = EDGE_LOOP ( 'NONE', ( #8732, #7453, #2647, #8500 ) ) ;
#7561 = EDGE_CURVE ( 'NONE', #4396, #9939, #8147, .T. ) ;
#7562 = EDGE_CURVE ( 'NONE', #8842, #6577, #4187, .T. ) ;
#7563 = LINE ( 'NONE', #1404, #4851 ) ;
#7564 = ORIENTED_EDGE ( 'NONE', *, *, #6303, .T. ) ;
#7565 = CARTESIAN_POINT ( 'NONE',  ( -1.698638506051843189, -0.1494084084223078757, -1.466225426835363832 ) ) ;
#7566 = CARTESIAN_POINT ( 'NONE',  ( -0.1431626797720589594, -2.981555974335137194E-16, -0.9505402001424608782 ) ) ;
#7567 = VERTEX_POINT ( 'NONE', #5819 ) ;
#7568 = VECTOR ( 'NONE', #3203, 1000.000000000000114 ) ;
#7569 = AXIS2_PLACEMENT_3D ( 'NONE', #8424, #8369, #6137 ) ;
#7570 = DIRECTION ( 'NONE',  ( 0.000000000000000000, -1.000000000000000000, 0.000000000000000000 ) ) ;
#7571 = ORIENTED_EDGE ( 'NONE', *, *, #1751, .T. ) ;
#7572 = ORIENTED_EDGE ( 'NONE', *, *, #4883, .F. ) ;
#7573 = AXIS2_PLACEMENT_3D ( 'NONE', #5979, #228, #6811 ) ;
#7574 = LINE ( 'NONE', #365, #9144 ) ;
#7575 = DIRECTION ( 'NONE',  ( 0.1016631277507789310, 0.000000000000000000, -0.9948188822373291718 ) ) ;
#7576 = VECTOR ( 'NONE', #5433, 1000.000000000000000 ) ;
#7577 = VERTEX_POINT ( 'NONE', #4292 ) ;
#7578 = CARTESIAN_POINT ( 'NONE',  ( 1.189484353158688945, 2.000000000000000000, 1.790317876362345073 ) ) ;
#7579 = CARTESIAN_POINT ( 'NONE',  ( -1.698638506051853403, 2.000000000000000000, 1.466225426835353618 ) ) ;
#7580 = EDGE_CURVE ( 'NONE', #4523, #2703, #4597, .T. ) ;
#7581 = VERTEX_POINT ( 'NONE', #8552 ) ;
#7582 = DIRECTION ( 'NONE',  ( -0.4792273139124993420, 0.000000000000000000, 0.8776908234681566334 ) ) ;
#7583 = ORIENTED_EDGE ( 'NONE', *, *, #1625, .F. ) ;
#7584 = DIRECTION ( 'NONE',  ( -0.4842760365309040083, 0.000000000000000000, 0.8749152647210578504 ) ) ;
#7585 = CARTESIAN_POINT ( 'NONE',  ( -2.049925530946079544, -0.1438055149296448287, 0.9126856491235195712 ) ) ;
#7586 = DIRECTION ( 'NONE',  ( 0.9888474094770519640, 0.000000000000000000, -0.1489322019259884111 ) ) ;
#7587 = VECTOR ( 'NONE', #4577, 1000.000000000000227 ) ;
#7588 = DIRECTION ( 'NONE',  ( 0.000000000000000000, -1.000000000000000000, 0.000000000000000000 ) ) ;
#7589 = CARTESIAN_POINT ( 'NONE',  ( -0.7760454256538800166, -2.981555974335137194E-16, 0.5672527851743653926 ) ) ;
#7590 = ORIENTED_EDGE ( 'NONE', *, *, #7860, .F. ) ;
#7591 = PLANE ( 'NONE',  #2538 ) ;
#7592 = EDGE_CURVE ( 'NONE', #9916, #8249, #9390, .T. ) ;
#7593 = VERTEX_POINT ( 'NONE', #8449 ) ;
#7594 = EDGE_CURVE ( 'NONE', #7534, #4155, #6160, .T. ) ;
#7595 = DIRECTION ( 'NONE',  ( -0.7686738296558829342, 0.000000000000000000, -0.6396409489722799657 ) ) ;
#7596 = VERTEX_POINT ( 'NONE', #2664 ) ;
#7597 = CARTESIAN_POINT ( 'NONE',  ( -0.8770254568504679549, 2.000000000000000000, 0.3935080342288004296 ) ) ;
#7598 = EDGE_CURVE ( 'NONE', #8842, #5917, #1351, .T. ) ;
#7599 = FACE_OUTER_BOUND ( 'NONE', #8560, .T. ) ;
#7600 = VECTOR ( 'NONE', #9036, 999.9999999999998863 ) ;
#7601 = CARTESIAN_POINT ( 'NONE',  ( 0.000000000000000000, 3.200000000000000622, 0.000000000000000000 ) ) ;
#7602 = FACE_OUTER_BOUND ( 'NONE', #3514, .T. ) ;
#7603 = EDGE_LOOP ( 'NONE', ( #7660, #656, #5528, #9896 ) ) ;
#7604 = DIRECTION ( 'NONE',  ( -0.2458986747546264839, 0.000000000000000000, 0.9692955389115945897 ) ) ;
#7605 = FACE_OUTER_BOUND ( 'NONE', #5525, .T. ) ;
#7606 = ORIENTED_EDGE ( 'NONE', *, *, #1988, .T. ) ;
#7607 = CARTESIAN_POINT ( 'NONE',  ( -17.49999999999997868, 4.200000000000000178, 1.084202172485504434E-15 ) ) ;
#7608 = EDGE_CURVE ( 'NONE', #4322, #5650, #2965, .T. ) ;
#7609 = ORIENTED_EDGE ( 'NONE', *, *, #4623, .T. ) ;
#7610 = ORIENTED_EDGE ( 'NONE', *, *, #8866, .F. ) ;
#7611 = CARTESIAN_POINT ( 'NONE',  ( 1.569990560170342331, 2.000000000000000000, -1.603221574679120964 ) ) ;
#7612 = PLANE ( 'NONE',  #3842 ) ;
#7613 = ADVANCED_FACE ( 'NONE', ( #3700 ), #9333, .F. ) ;
#7614 = ADVANCED_FACE ( 'NONE', ( #316 ), #3755, .F. ) ;
#7615 = ORIENTED_EDGE ( 'NONE', *, *, #6853, .F. ) ;
#7616 = LINE ( 'NONE', #9291, #7958 ) ;
#7617 = EDGE_CURVE ( 'NONE', #9327, #8820, #3017, .T. ) ;
#7618 = CARTESIAN_POINT ( 'NONE',  ( -0.02289952236472059602, 2.000000000000000000, -0.9609879483333046979 ) ) ;
#7619 = LINE ( 'NONE', #1312, #260 ) ;
#7620 = VECTOR ( 'NONE', #5530, 1000.000000000000114 ) ;
#7621 = ORIENTED_EDGE ( 'NONE', *, *, #1752, .T. ) ;
#7622 = CARTESIAN_POINT ( 'NONE',  ( -0.8597777503361603291, 2.000000000000000000, -0.4298888751680808862 ) ) ;
#7623 = CARTESIAN_POINT ( 'NONE',  ( -1.861473433499374330, -0.1454656455588212438, 1.074722187920194916 ) ) ;
#7624 = ADVANCED_FACE ( 'NONE', ( #5442 ), #8601, .F. ) ;
#7625 = ORIENTED_EDGE ( 'NONE', *, *, #7598, .T. ) ;
#7626 = ORIENTED_EDGE ( 'NONE', *, *, #6952, .F. ) ;
#7627 = DIRECTION ( 'NONE',  ( -0.9382822259387206820, 0.000000000000000000, 0.3458705892201293652 ) ) ;
#7628 = DIRECTION ( 'NONE',  ( -0.2311544943413465780, 0.000000000000000000, -0.9729170569713517791 ) ) ;
#7629 = VECTOR ( 'NONE', #7657, 1000.000000000000000 ) ;
#7630 = ORIENTED_EDGE ( 'NONE', *, *, #3401, .T. ) ;
#7631 = LINE ( 'NONE', #6754, #6721 ) ;
#7632 = EDGE_CURVE ( 'NONE', #145, #7390, #9043, .T. ) ;
#7633 = FACE_OUTER_BOUND ( 'NONE', #9414, .T. ) ;
#7634 = CARTESIAN_POINT ( 'NONE',  ( 0.9473335580173334325, -2.981555974335137194E-16, -0.1630378938179900539 ) ) ;
#7635 = AXIS2_PLACEMENT_3D ( 'NONE', #6020, #2984, #1268 ) ;
#7636 = ORIENTED_EDGE ( 'NONE', *, *, #3937, .F. ) ;
#7637 = CARTESIAN_POINT ( 'NONE',  ( 0.5127291109526538326, -0.1461575717926111573, 0.8130996763915773196 ) ) ;
#7638 = ORIENTED_EDGE ( 'NONE', *, *, #3399, .T. ) ;
#7639 = CARTESIAN_POINT ( 'NONE',  ( 0.000000000000000000, 3.200000000000000622, 0.000000000000000000 ) ) ;
#7640 = DIRECTION ( 'NONE',  ( 0.5204888928356471434, 0.000000000000000000, 0.8538684397696885142 ) ) ;
#7641 = DIRECTION ( 'NONE',  ( 0.9382822259387184616, 0.000000000000000000, -0.3458705892201355825 ) ) ;
#7642 = VECTOR ( 'NONE', #1395, 1000.000000000000000 ) ;
#7643 = CARTESIAN_POINT ( 'NONE',  ( -0.7793006826606541093, 2.000000000000000000, 0.5627723082837544633 ) ) ;
#7644 = CARTESIAN_POINT ( 'NONE',  ( -0.04699317460290163700, -2.981555974335137194E-16, 2.243430725046201335 ) ) ;
#7645 = ORIENTED_EDGE ( 'NONE', *, *, #8779, .T. ) ;
#7646 = ORIENTED_EDGE ( 'NONE', *, *, #1363, .F. ) ;
#7647 = FACE_OUTER_BOUND ( 'NONE', #3966, .T. ) ;
#7648 = ORIENTED_EDGE ( 'NONE', *, *, #3336, .T. ) ;
#7649 = ORIENTED_EDGE ( 'NONE', *, *, #3472, .T. ) ;
#7650 = CARTESIAN_POINT ( 'NONE',  ( 0.9602976163832707135, -2.981555974335137194E-16, -0.04301991323788634247 ) ) ;
#7651 = EDGE_CURVE ( 'NONE', #3270, #6328, #2184, .T. ) ;
#7652 = CARTESIAN_POINT ( 'NONE',  ( 2.044243080056972417, 2.000000000000000000, 0.6642148405983576698 ) ) ;
#7653 = CARTESIAN_POINT ( 'NONE',  ( 0.000000000000000000, 0.000000000000000000, -2.450000000000000178 ) ) ;
#7654 = DIRECTION ( 'NONE',  ( 0.7124542072270356741, 0.000000000000000000, -0.7017186064260346745 ) ) ;
#7655 = DIRECTION ( 'NONE',  ( -0.000000000000000000, -1.000000000000000000, -0.000000000000000000 ) ) ;
#7656 = ORIENTED_EDGE ( 'NONE', *, *, #5655, .F. ) ;
#7657 = DIRECTION ( 'NONE',  ( 0.8645814692489248721, 0.000000000000000000, -0.5024926696294885753 ) ) ;
#7658 = LINE ( 'NONE', #5908, #7277 ) ;
#7659 = ORIENTED_EDGE ( 'NONE', *, *, #4170, .F. ) ;
#7660 = ORIENTED_EDGE ( 'NONE', *, *, #7543, .F. ) ;
#7661 = ORIENTED_EDGE ( 'NONE', *, *, #2744, .F. ) ;
#7662 = VERTEX_POINT ( 'NONE', #3506 ) ;
#7663 = CARTESIAN_POINT ( 'NONE',  ( -0.7912632493768453346, -0.1450903546745302697, 1.998502838381150948 ) ) ;
#7664 = CARTESIAN_POINT ( 'NONE',  ( 1.919371412219086803, -3.006278401112418225E-16, 1.162412645533712707 ) ) ;
#7665 = CARTESIAN_POINT ( 'NONE',  ( -0.2693968139906855463, -2.981555974335137194E-16, 2.132495364928981729 ) ) ;
#7666 = VECTOR ( 'NONE', #9002, 1000.000000000000000 ) ;
#7667 = EDGE_LOOP ( 'NONE', ( #4974, #498, #1588, #4712 ) ) ;
#7668 = CARTESIAN_POINT ( 'NONE',  ( 0.5508761081120377989, -2.981555974335137194E-16, 0.7877548720748867028 ) ) ;
#7669 = DIRECTION ( 'NONE',  ( -0.3117554040631748680, 0.000000000000000000, 0.9501623903509371916 ) ) ;
#7670 = CARTESIAN_POINT ( 'NONE',  ( 0.9540240211766770617, -2.981555974335137194E-16, -0.1177301659910061776 ) ) ;
#7671 = EDGE_LOOP ( 'NONE', ( #8320, #7398, #4079, #7405 ) ) ;
#7672 = LINE ( 'NONE', #526, #3846 ) ;
#7673 = VERTEX_POINT ( 'NONE', #6940 ) ;
#7674 = ORIENTED_EDGE ( 'NONE', *, *, #3863, .F. ) ;
#7675 = EDGE_CURVE ( 'NONE', #8690, #2724, #3454, .T. ) ;
#7676 = EDGE_CURVE ( 'NONE', #1920, #6540, #516, .T. ) ;
#7677 = VECTOR ( 'NONE', #2088, 1000.000000000000000 ) ;
#7678 = EDGE_CURVE ( 'NONE', #4925, #4660, #9286, .T. ) ;
#7679 = CARTESIAN_POINT ( 'NONE',  ( 0.4067776771157838867, -0.1491166960093056604, 0.8709501400003756277 ) ) ;
#7680 = VECTOR ( 'NONE', #3647, 999.9999999999998863 ) ;
#7681 = EDGE_CURVE ( 'NONE', #708, #2660, #9868, .T. ) ;
#7682 = ORIENTED_EDGE ( 'NONE', *, *, #4109, .F. ) ;
#7683 = LINE ( 'NONE', #533, #6613 ) ;
#7684 = CARTESIAN_POINT ( 'NONE',  ( -0.9557185851998322157, -2.981555974335137194E-16, 1.925282605420708837 ) ) ;
#7685 = ORIENTED_EDGE ( 'NONE', *, *, #143, .F. ) ;
#7686 = VERTEX_POINT ( 'NONE', #570 ) ;
#7687 = DIRECTION ( 'NONE',  ( -0.000000000000000000, 1.000000000000000000, -0.000000000000000000 ) ) ;
#7688 = ORIENTED_EDGE ( 'NONE', *, *, #7354, .T. ) ;
#7689 = LINE ( 'NONE', #9255, #5533 ) ;
#7690 = DIRECTION ( 'NONE',  ( 0.9942166556096152519, 0.000000000000000000, 0.1073929313708850281 ) ) ;
#7691 = EDGE_CURVE ( 'NONE', #6428, #8351, #10061, .T. ) ;
#7692 = LINE ( 'NONE', #9423, #5523 ) ;
#7693 = DIRECTION ( 'NONE',  ( 0.000000000000000000, 0.000000000000000000, 1.000000000000000000 ) ) ;
#7694 = DIRECTION ( 'NONE',  ( -0.9864723538095467870, 0.000000000000000000, 0.1639277132441379070 ) ) ;
#7695 = VERTEX_POINT ( 'NONE', #5339 ) ;
#7696 = VERTEX_POINT ( 'NONE', #4542 ) ;
#7697 = CARTESIAN_POINT ( 'NONE',  ( -0.9473335580173324333, -0.1459623876292454603, 0.1630378938179964932 ) ) ;
#7698 = ORIENTED_EDGE ( 'NONE', *, *, #5613, .T. ) ;
#7699 = ORIENTED_EDGE ( 'NONE', *, *, #1982, .T. ) ;
#7700 = AXIS2_PLACEMENT_3D ( 'NONE', #2522, #3310, #3362 ) ;
#7701 = LINE ( 'NONE', #2948, #2368 ) ;
#7702 = LINE ( 'NONE', #5376, #2119 ) ;
#7703 = CARTESIAN_POINT ( 'NONE',  ( 1.712096752485734230, -0.1487670180785271301, -1.299552167078999343 ) ) ;
#7704 = AXIS2_PLACEMENT_3D ( 'NONE', #5945, #3323, #6518 ) ;
#7705 = CARTESIAN_POINT ( 'NONE',  ( 0.2168078926774318349, -0.1494084084223070152, 0.9364916244362028186 ) ) ;
#7706 = CARTESIAN_POINT ( 'NONE',  ( 1.035502725338356855, -3.523657060577889411E-16, 1.883572464931667190 ) ) ;
#7707 = LINE ( 'NONE', #5274, #10247 ) ;
#7708 = ORIENTED_EDGE ( 'NONE', *, *, #4489, .T. ) ;
#7709 = FACE_OUTER_BOUND ( 'NONE', #8115, .T. ) ;
#7710 = VERTEX_POINT ( 'NONE', #2290 ) ;
#7711 = ORIENTED_EDGE ( 'NONE', *, *, #7675, .F. ) ;
#7712 = VECTOR ( 'NONE', #8026, 1000.000000000000114 ) ;
#7713 = EDGE_CURVE ( 'NONE', #2583, #1228, #41, .T. ) ;
#7714 = VECTOR ( 'NONE', #5973, 999.9999999999998863 ) ;
#7715 = ORIENTED_EDGE ( 'NONE', *, *, #10099, .F. ) ;
#7716 = VERTEX_POINT ( 'NONE', #5498 ) ;
#7717 = CARTESIAN_POINT ( 'NONE',  ( 1.765014549298216773, -0.1478946242935122724, 1.226717068275131162 ) ) ;
#7718 = VECTOR ( 'NONE', #2726, 1000.000000000000000 ) ;
#7719 = DIRECTION ( 'NONE',  ( -0.2661441392786809135, 0.000000000000000000, -0.9639332430866829338 ) ) ;
#7720 = CARTESIAN_POINT ( 'NONE',  ( -17.49999999999997868, 0.000000000000000000, 1.084202172485504434E-15 ) ) ;
#7721 = VECTOR ( 'NONE', #231, 1000.000000000000000 ) ;
#7722 = CARTESIAN_POINT ( 'NONE',  ( -2.070264362223230403, -0.1460293543205271327, 0.5780281959734857589 ) ) ;
#7723 = VERTEX_POINT ( 'NONE', #10221 ) ;
#7724 = CARTESIAN_POINT ( 'NONE',  ( 1.356673771595358957, 2.000000000000000000, -1.787351687275285927 ) ) ;
#7725 = PLANE ( 'NONE',  #5118 ) ;
#7726 = VECTOR ( 'NONE', #6751, 1000.000000000000114 ) ;
#7727 = ORIENTED_EDGE ( 'NONE', *, *, #10088, .F. ) ;
#7728 = DIRECTION ( 'NONE',  ( -0.000000000000000000, 1.000000000000000000, 0.000000000000000000 ) ) ;
#7729 = VERTEX_POINT ( 'NONE', #6466 ) ;
#7730 = EDGE_CURVE ( 'NONE', #9415, #6693, #3182, .T. ) ;
#7731 = LINE ( 'NONE', #10013, #3854 ) ;
#7732 = EDGE_CURVE ( 'NONE', #3125, #9010, #5691, .T. ) ;
#7733 = VERTEX_POINT ( 'NONE', #2484 ) ;
#7734 = CARTESIAN_POINT ( 'NONE',  ( -0.9194294835318219672, -0.1454566137144368831, -0.2804846694184796596 ) ) ;
#7735 = EDGE_CURVE ( 'NONE', #2358, #8507, #4799, .T. ) ;
#7736 = CARTESIAN_POINT ( 'NONE',  ( 1.501477460193438862, 2.000000000000000000, -1.667559658024756253 ) ) ;
#7737 = ORIENTED_EDGE ( 'NONE', *, *, #852, .T. ) ;
#7738 = VERTEX_POINT ( 'NONE', #5594 ) ;
#7739 = FACE_OUTER_BOUND ( 'NONE', #2916, .T. ) ;
#7740 = ORIENTED_EDGE ( 'NONE', *, *, #1858, .F. ) ;
#7741 = EDGE_CURVE ( 'NONE', #4205, #9438, #727, .T. ) ;
#7742 = PLANE ( 'NONE',  #3859 ) ;
#7743 = AXIS2_PLACEMENT_3D ( 'NONE', #210, #6541, #3349 ) ;
#7744 = CARTESIAN_POINT ( 'NONE',  ( 0.9602976163832700474, 2.000000000000000000, 0.04301991323790607669 ) ) ;
#7745 = DIRECTION ( 'NONE',  ( -0.6234027750480001240, 0.000000000000000000, 0.7819008761105544769 ) ) ;
#7746 = PLANE ( 'NONE',  #9004 ) ;
#7747 = DIRECTION ( 'NONE',  ( -0.000000000000000000, 1.000000000000000000, -0.000000000000000000 ) ) ;
#7748 = FACE_OUTER_BOUND ( 'NONE', #3952, .T. ) ;
#7749 = VECTOR ( 'NONE', #2075, 999.9999999999998863 ) ;
#7750 = ADVANCED_FACE ( 'NONE', ( #8711 ), #4018, .F. ) ;
#7751 = ORIENTED_EDGE ( 'NONE', *, *, #9576, .F. ) ;
#7752 = EDGE_CURVE ( 'NONE', #4633, #2483, #7250, .T. ) ;
#7753 = EDGE_LOOP ( 'NONE', ( #10321, #989, #9808, #1096 ) ) ;
#7754 = CARTESIAN_POINT ( 'NONE',  ( -0.7793006826606502235, -0.1439148779360118480, -0.5627723082837599033 ) ) ;
#7755 = PLANE ( 'NONE',  #6229 ) ;
#7756 = VERTEX_POINT ( 'NONE', #9544 ) ;
#7757 = ORIENTED_EDGE ( 'NONE', *, *, #5726, .F. ) ;
#7758 = CARTESIAN_POINT ( 'NONE',  ( -1.039600561562693759, 2.000000000000000000, 1.988572465096285713 ) ) ;
#7759 = CARTESIAN_POINT ( 'NONE',  ( 0.6452641508340368759, -2.981555974335137194E-16, 0.7125001056945998723 ) ) ;
#7760 = CARTESIAN_POINT ( 'NONE',  ( -0.5124017362655608476, 2.000000000000000000, 2.184635950727861875 ) ) ;
#7761 = LINE ( 'NONE', #3743, #5244 ) ;
#7762 = LINE ( 'NONE', #2174, #2798 ) ;
#7763 = CARTESIAN_POINT ( 'NONE',  ( -2.148151099483873949, -0.1460293543205271327, -0.6485650548147099403 ) ) ;
#7764 = ORIENTED_EDGE ( 'NONE', *, *, #156, .F. ) ;
#7765 = VERTEX_POINT ( 'NONE', #2392 ) ;
#7766 = EDGE_CURVE ( 'NONE', #1853, #5985, #7201, .T. ) ;
#7767 = CARTESIAN_POINT ( 'NONE',  ( 2.049925530946085761, -0.1438055149296439406, -0.9126856491235051383 ) ) ;
#7768 = ORIENTED_EDGE ( 'NONE', *, *, #7873, .T. ) ;
#7769 = DIRECTION ( 'NONE',  ( -0.6396409489722689745, 0.000000000000000000, -0.7686738296558919270 ) ) ;
#7770 = AXIS2_PLACEMENT_3D ( 'NONE', #105, #3291, #3394 ) ;
#7771 = CARTESIAN_POINT ( 'NONE',  ( 0.7294759924352635094, -2.981555974335137194E-16, 0.6260087870205769400 ) ) ;
#7772 = PLANE ( 'NONE',  #6178 ) ;
#7773 = DIRECTION ( 'NONE',  ( -0.2514790358596578068, 0.000000000000000000, 0.9678627457047290772 ) ) ;
#7774 = ORIENTED_EDGE ( 'NONE', *, *, #7766, .T. ) ;
#7775 = DIRECTION ( 'NONE',  ( 0.2050930954896742209, 0.000000000000000000, 0.9787424697960456221 ) ) ;
#7776 = FACE_OUTER_BOUND ( 'NONE', #7140, .T. ) ;
#7777 = ORIENTED_EDGE ( 'NONE', *, *, #405, .T. ) ;
#7778 = VECTOR ( 'NONE', #8336, 999.9999999999998863 ) ;
#7779 = CARTESIAN_POINT ( 'NONE',  ( -0.7026215908543882449, -0.1453987955827127088, -0.6560069550177308750 ) ) ;
#7780 = ORIENTED_EDGE ( 'NONE', *, *, #10212, .T. ) ;
#7781 = DIRECTION ( 'NONE',  ( -0.9997162067481560888, 0.000000000000000000, -0.02382238369848570930 ) ) ;
#7782 = EDGE_CURVE ( 'NONE', #7507, #10294, #1506, .T. ) ;
#7783 = ORIENTED_EDGE ( 'NONE', *, *, #3343, .F. ) ;
#7784 = FACE_OUTER_BOUND ( 'NONE', #9891, .T. ) ;
#7785 = LINE ( 'NONE', #5208, #8374 ) ;
#7786 = DIRECTION ( 'NONE',  ( 0.2050930954896742486, 0.000000000000000000, 0.9787424697960456221 ) ) ;
#7787 = LINE ( 'NONE', #8414, #1131 ) ;
#7788 = ORIENTED_EDGE ( 'NONE', *, *, #10160, .T. ) ;
#7789 = DIRECTION ( 'NONE',  ( -0.9942166556096145857, 0.000000000000000000, -0.1073929313708917727 ) ) ;
#7790 = ORIENTED_EDGE ( 'NONE', *, *, #10057, .F. ) ;
#7791 = VECTOR ( 'NONE', #5223, 1000.000000000000227 ) ;
#7792 = CARTESIAN_POINT ( 'NONE',  ( -2.145202938358540923, -2.981555974335137194E-16, -0.1349647290583870229 ) ) ;
#7793 = LINE ( 'NONE', #2989, #7822 ) ;
#7794 = DIRECTION ( 'NONE',  ( 0.000000000000000000, -1.000000000000000000, -0.000000000000000000 ) ) ;
#7795 = LINE ( 'NONE', #5419, #2342 ) ;
#7796 = LINE ( 'NONE', #649, #3581 ) ;
#7797 = DIRECTION ( 'NONE',  ( 0.000000000000000000, 1.000000000000000000, -0.000000000000000000 ) ) ;
#7798 = AXIS2_PLACEMENT_3D ( 'NONE', #8248, #1777, #4289 ) ;
#7799 = ORIENTED_EDGE ( 'NONE', *, *, #5399, .F. ) ;
#7800 = VERTEX_POINT ( 'NONE', #7976 ) ;
#7801 = DIRECTION ( 'NONE',  ( -0.3708014161143444176, 0.000000000000000000, -0.9287121781303380175 ) ) ;
#7802 = ORIENTED_EDGE ( 'NONE', *, *, #8121, .F. ) ;
#7803 = ORIENTED_EDGE ( 'NONE', *, *, #6345, .T. ) ;
#7804 = FACE_OUTER_BOUND ( 'NONE', #1140, .T. ) ;
#7805 = CARTESIAN_POINT ( 'NONE',  ( -1.471395926836244206, -2.981555974335137194E-16, 1.566877516375045465 ) ) ;
#7806 = VECTOR ( 'NONE', #2914, 1000.000000000000000 ) ;
#7807 = EDGE_CURVE ( 'NONE', #5551, #4380, #9497, .T. ) ;
#7808 = EDGE_CURVE ( 'NONE', #3428, #1210, #6267, .T. ) ;
#7809 = EDGE_CURVE ( 'NONE', #3698, #354, #7929, .T. ) ;
#7810 = CARTESIAN_POINT ( 'NONE',  ( 0.9533299039201594827, 2.000000000000000000, -0.1232246698432028914 ) ) ;
#7811 = EDGE_CURVE ( 'NONE', #7014, #2727, #3862, .T. ) ;
#7812 = DIRECTION ( 'NONE',  ( 0.2255453509447843952, 0.000000000000000000, 0.9742326696776258954 ) ) ;
#7813 = LINE ( 'NONE', #10153, #9416 ) ;
#7814 = CARTESIAN_POINT ( 'NONE',  ( 0.05759418846820925364, -0.1454656455588212438, -0.9595338109837899809 ) ) ;
#7815 = VECTOR ( 'NONE', #5188, 1000.000000000000000 ) ;
#7816 = VERTEX_POINT ( 'NONE', #7044 ) ;
#7817 = FACE_OUTER_BOUND ( 'NONE', #6665, .T. ) ;
#7818 = VERTEX_POINT ( 'NONE', #775 ) ;
#7819 = ORIENTED_EDGE ( 'NONE', *, *, #2677, .T. ) ;
#7820 = ORIENTED_EDGE ( 'NONE', *, *, #870, .F. ) ;
#7821 = DIRECTION ( 'NONE',  ( 0.04475363562197846867, 0.000000000000000000, 0.9989980541015157645 ) ) ;
#7822 = VECTOR ( 'NONE', #7640, 1000.000000000000000 ) ;
#7823 = CARTESIAN_POINT ( 'NONE',  ( -0.9086988294849362990, 2.000000000000000000, 0.3135102267217027561 ) ) ;
#7824 = LINE ( 'NONE', #4803, #6223 ) ;
#7825 = ADVANCED_FACE ( 'NONE', ( #10322, #4069, #7105 ), #3072, .T. ) ;
#7826 = LINE ( 'NONE', #3020, #9890 ) ;
#7827 = VERTEX_POINT ( 'NONE', #9446 ) ;
#7828 = DIRECTION ( 'NONE',  ( -0.000000000000000000, 1.000000000000000000, -0.000000000000000000 ) ) ;
#7829 = CARTESIAN_POINT ( 'NONE',  ( -2.014635500889842668, -0.1453987955827127088, -0.7492362266910574942 ) ) ;
#7830 = ORIENTED_EDGE ( 'NONE', *, *, #9473, .F. ) ;
#7831 = CARTESIAN_POINT ( 'NONE',  ( 1.904845299228154376, -0.1439148779360118480, 0.9958290570375649686 ) ) ;
#7832 = ORIENTED_EDGE ( 'NONE', *, *, #3163, .T. ) ;
#7833 = DIRECTION ( 'NONE',  ( 0.8227898466237268948, 0.000000000000000000, 0.5683457295457615688 ) ) ;
#7834 = VECTOR ( 'NONE', #6294, 1000.000000000000000 ) ;
#7835 = ORIENTED_EDGE ( 'NONE', *, *, #8009, .F. ) ;
#7836 = DIRECTION ( 'NONE',  ( -0.5204888928356530275, 0.000000000000000000, -0.8538684397696848505 ) ) ;
#7837 = DIRECTION ( 'NONE',  ( 0.000000000000000000, 0.000000000000000000, -1.000000000000000000 ) ) ;
#7838 = ORIENTED_EDGE ( 'NONE', *, *, #9508, .T. ) ;
#7839 = VECTOR ( 'NONE', #9990, 1000.000000000000000 ) ;
#7840 = ORIENTED_EDGE ( 'NONE', *, *, #5967, .T. ) ;
#7841 = EDGE_CURVE ( 'NONE', #3598, #3055, #10273, .T. ) ;
#7842 = VECTOR ( 'NONE', #3193, 1000.000000000000000 ) ;
#7843 = CARTESIAN_POINT ( 'NONE',  ( 1.904845299228174804, -0.1439148779360118480, -0.9958290570375245565 ) ) ;
#7844 = DIRECTION ( 'NONE',  ( -0.08080691660714134361, 0.000000000000000000, -0.9967297739249322275 ) ) ;
#7845 = DIRECTION ( 'NONE',  ( 0.000000000000000000, 1.000000000000000000, -0.000000000000000000 ) ) ;
#7846 = PLANE ( 'NONE',  #9989 ) ;
#7847 = VECTOR ( 'NONE', #2666, 1000.000000000000000 ) ;
#7848 = VECTOR ( 'NONE', #10027, 1000.000000000000114 ) ;
#7849 = CARTESIAN_POINT ( 'NONE',  ( -0.3584601446948788017, -0.1454566137144368831, 2.119343636482117876 ) ) ;
#7850 = VERTEX_POINT ( 'NONE', #6320 ) ;
#7851 = VERTEX_POINT ( 'NONE', #4213 ) ;
#7852 = LINE ( 'NONE', #10198, #4763 ) ;
#7853 = LINE ( 'NONE', #2272, #9392 ) ;
#7854 = ORIENTED_EDGE ( 'NONE', *, *, #5324, .T. ) ;
#7855 = EDGE_LOOP ( 'NONE', ( #8678, #3331, #9460, #10095 ) ) ;
#7856 = EDGE_CURVE ( 'NONE', #7756, #2926, #9116, .T. ) ;
#7857 = DIRECTION ( 'NONE',  ( 0.8674621517390596059, 0.000000000000000000, 0.4975031811961011519 ) ) ;
#7858 = DIRECTION ( 'NONE',  ( -0.08654807566955043108, 0.000000000000000000, 0.9962476753287294873 ) ) ;
#7859 = CARTESIAN_POINT ( 'NONE',  ( 0.6034353314822720193, 2.000000000000000000, -2.161262496148829371 ) ) ;
#7860 = EDGE_CURVE ( 'NONE', #2838, #7376, #2686, .T. ) ;
#7861 = CARTESIAN_POINT ( 'NONE',  ( 0.7068805642337114836, -2.981555974335137194E-16, 2.029884477683533195 ) ) ;
#7862 = CARTESIAN_POINT ( 'NONE',  ( -0.2168078926774252013, 2.000000000000000000, -0.9364916244362043729 ) ) ;
#7863 = DIRECTION ( 'NONE',  ( 0.000000000000000000, -1.000000000000000000, 0.000000000000000000 ) ) ;
#7864 = CARTESIAN_POINT ( 'NONE',  ( -0.3750546960483544523, -2.981555974335137194E-16, -0.8850741211550946508 ) ) ;
#7865 = VERTEX_POINT ( 'NONE', #344 ) ;
#7866 = LINE ( 'NONE', #10156, #4280 ) ;
#7867 = VECTOR ( 'NONE', #75, 1000.000000000000000 ) ;
#7868 = EDGE_LOOP ( 'NONE', ( #5458, #1135, #2999, #8473 ) ) ;
#7869 = ORIENTED_EDGE ( 'NONE', *, *, #5899, .F. ) ;
#7870 = EDGE_CURVE ( 'NONE', #2750, #290, #8279, .T. ) ;
#7871 = EDGE_CURVE ( 'NONE', #1464, #810, #1080, .T. ) ;
#7872 = DIRECTION ( 'NONE',  ( -0.9060498331306415798, 0.000000000000000000, -0.4231710054858868197 ) ) ;
#7873 = EDGE_CURVE ( 'NONE', #1824, #3373, #5114, .T. ) ;
#7874 = EDGE_LOOP ( 'NONE', ( #5957, #2771, #3107, #2815 ) ) ;
#7875 = ORIENTED_EDGE ( 'NONE', *, *, #4543, .F. ) ;
#7876 = CARTESIAN_POINT ( 'NONE',  ( -0.4067776771157778359, 2.000000000000000000, -0.8709501400003784033 ) ) ;
#7877 = EDGE_CURVE ( 'NONE', #7036, #3774, #9843, .T. ) ;
#7878 = CARTESIAN_POINT ( 'NONE',  ( -1.698638506051852959, -0.1498172852299859137, 1.466225426835352730 ) ) ;
#7879 = DIRECTION ( 'NONE',  ( 0.7412141892185475367, 0.000000000000000000, -0.6712685943056558857 ) ) ;
#7880 = AXIS2_PLACEMENT_3D ( 'NONE', #5871, #7769, #5089 ) ;
#7881 = CARTESIAN_POINT ( 'NONE',  ( 0.1408970818120316715, 2.000000000000000000, 2.239494985231589741 ) ) ;
#7882 = ORIENTED_EDGE ( 'NONE', *, *, #3663, .F. ) ;
#7883 = LINE ( 'NONE', #734, #117 ) ;
#7884 = PLANE ( 'NONE',  #4272 ) ;
#7885 = VERTEX_POINT ( 'NONE', #7392 ) ;
#7886 = EDGE_CURVE ( 'NONE', #5297, #8908, #8122, .T. ) ;
#7887 = ADVANCED_FACE ( 'NONE', ( #186 ), #7294, .F. ) ;
#7888 = VECTOR ( 'NONE', #5941, 1000.000000000000114 ) ;
#7889 = EDGE_CURVE ( 'NONE', #8615, #1386, #6385, .T. ) ;
#7890 = ORIENTED_EDGE ( 'NONE', *, *, #3725, .F. ) ;
#7891 = DIRECTION ( 'NONE',  ( -0.9581481342830584502, 0.000000000000000000, 0.2862728641871146174 ) ) ;
#7892 = VECTOR ( 'NONE', #396, 1000.000000000000000 ) ;
#7893 = CIRCLE ( 'NONE', #4395, 1.350000000000000089 ) ;
#7894 = EDGE_LOOP ( 'NONE', ( #4274, #7777, #1896, #3443 ) ) ;
#7895 = DIRECTION ( 'NONE',  ( 0.9501623903509370805, 0.000000000000000000, 0.3117554040631748125 ) ) ;
#7896 = DIRECTION ( 'NONE',  ( 0.1696083962828411618, 0.000000000000000000, -0.9855115381924063334 ) ) ;
#7897 = ORIENTED_EDGE ( 'NONE', *, *, #788, .T. ) ;
#7898 = EDGE_CURVE ( 'NONE', #3438, #8024, #6569, .T. ) ;
#7899 = CARTESIAN_POINT ( 'NONE',  ( 0.09772477418981408148, -2.981555974335137194E-16, 0.9562803425125588896 ) ) ;
#7900 = ORIENTED_EDGE ( 'NONE', *, *, #3662, .F. ) ;
#7901 = VECTOR ( 'NONE', #6674, 1000.000000000000114 ) ;
#7902 = LINE ( 'NONE', #7997, #512 ) ;
#7903 = LINE ( 'NONE', #8684, #3309 ) ;
#7904 = DIRECTION ( 'NONE',  ( -0.000000000000000000, 1.000000000000000000, -0.000000000000000000 ) ) ;
#7905 = CARTESIAN_POINT ( 'NONE',  ( 0.7068805642337542272, -2.981555974335137194E-16, -2.029884477683518540 ) ) ;
#7906 = EDGE_CURVE ( 'NONE', #5707, #567, #2589, .T. ) ;
#7907 = LINE ( 'NONE', #5622, #548 ) ;
#7908 = ORIENTED_EDGE ( 'NONE', *, *, #7117, .T. ) ;
#7909 = EDGE_LOOP ( 'NONE', ( #8212, #3147, #589, #2973 ) ) ;
#7910 = AXIS2_PLACEMENT_3D ( 'NONE', #2266, #6135, #4621 ) ;
#7911 = AXIS2_PLACEMENT_3D ( 'NONE', #2786, #5212, #1907 ) ;
#7912 = LINE ( 'NONE', #3955, #4062 ) ;
#7913 = ORIENTED_EDGE ( 'NONE', *, *, #3697, .F. ) ;
#7914 = PLANE ( 'NONE',  #532 ) ;
#7915 = DIRECTION ( 'NONE',  ( 0.000000000000000000, -1.000000000000000000, 0.000000000000000000 ) ) ;
#7916 = VECTOR ( 'NONE', #966, 1000.000000000000114 ) ;
#7917 = FACE_OUTER_BOUND ( 'NONE', #8342, .T. ) ;
#7918 = VECTOR ( 'NONE', #8386, 1000.000000000000114 ) ;
#7919 = ADVANCED_FACE ( 'NONE', ( #8170 ), #9742, .F. ) ;
#7920 = CARTESIAN_POINT ( 'NONE',  ( -0.4782302799132002735, -0.1473724245436877356, 0.8338573165359459693 ) ) ;
#7921 = LINE ( 'NONE', #3848, #4821 ) ;
#7922 = DIRECTION ( 'NONE',  ( -0.6352017409585014596, 0.000000000000000000, 0.7723462619080181391 ) ) ;
#7923 = EDGE_CURVE ( 'NONE', #3373, #8364, #8074, .T. ) ;
#7924 = ORIENTED_EDGE ( 'NONE', *, *, #4953, .F. ) ;
#7925 = ORIENTED_EDGE ( 'NONE', *, *, #2491, .T. ) ;
#7926 = ORIENTED_EDGE ( 'NONE', *, *, #2127, .T. ) ;
#7927 = VERTEX_POINT ( 'NONE', #7494 ) ;
#7928 = EDGE_CURVE ( 'NONE', #7723, #5923, #5846, .T. ) ;
#7929 = LINE ( 'NONE', #4909, #8715 ) ;
#7930 = CARTESIAN_POINT ( 'NONE',  ( 1.765014549298242530, -0.1478946242935122724, -1.226717068275094080 ) ) ;
#7931 = CARTESIAN_POINT ( 'NONE',  ( -0.9317457544248193280, -2.981555974335137194E-16, 0.2363727439399704866 ) ) ;
#7932 = DIRECTION ( 'NONE',  ( -0.7686738296558828232, 0.000000000000000000, -0.6396409489722799657 ) ) ;
#7933 = AXIS2_PLACEMENT_3D ( 'NONE', #3422, #5787, #5836 ) ;
#7934 = ORIENTED_EDGE ( 'NONE', *, *, #2964, .T. ) ;
#7935 = DIRECTION ( 'NONE',  ( 0.4842760365308979020, 0.000000000000000000, -0.8749152647210610700 ) ) ;
#7936 = CARTESIAN_POINT ( 'NONE',  ( 0.9612567592082511547, -0.1432581301189111422, 0.002769087004222362414 ) ) ;
#7937 = EDGE_CURVE ( 'NONE', #6389, #838, #6620, .T. ) ;
#7938 = ORIENTED_EDGE ( 'NONE', *, *, #7050, .T. ) ;
#7939 = ORIENTED_EDGE ( 'NONE', *, *, #1553, .T. ) ;
#7940 = LINE ( 'NONE', #3, #7842 ) ;
#7941 = EDGE_CURVE ( 'NONE', #1254, #8290, #5743, .T. ) ;
#7942 = EDGE_CURVE ( 'NONE', #6565, #7180, #6549, .T. ) ;
#7943 = EDGE_CURVE ( 'NONE', #7508, #8426, #1857, .T. ) ;
#7944 = VECTOR ( 'NONE', #3196, 1000.000000000000000 ) ;
#7945 = VERTEX_POINT ( 'NONE', #3483 ) ;
#7946 = EDGE_CURVE ( 'NONE', #3033, #8723, #2033, .T. ) ;
#7947 = CARTESIAN_POINT ( 'NONE',  ( 0.4117887667798771911, -2.981555974335137194E-16, -0.8685921001945012820 ) ) ;
#7948 = FACE_OUTER_BOUND ( 'NONE', #4064, .T. ) ;
#7949 = ORIENTED_EDGE ( 'NONE', *, *, #6835, .F. ) ;
#7950 = CARTESIAN_POINT ( 'NONE',  ( -0.7026215908543927968, -0.1453987955827127088, 0.6560069550177258790 ) ) ;
#7951 = LINE ( 'NONE', #8682, #9175 ) ;
#7952 = DIRECTION ( 'NONE',  ( -0.9207430172529452728, 0.000000000000000000, -0.3901695736214480514 ) ) ;
#7953 = FACE_OUTER_BOUND ( 'NONE', #7560, .T. ) ;
#7954 = DIRECTION ( 'NONE',  ( -0.7723462619080309066, 0.000000000000000000, 0.6352017409584856944 ) ) ;
#7955 = EDGE_CURVE ( 'NONE', #7244, #3498, #1954, .T. ) ;
#7956 = DIRECTION ( 'NONE',  ( -0.9362739751521705900, 0.000000000000000000, 0.3512706128510505454 ) ) ;
#7957 = ORIENTED_EDGE ( 'NONE', *, *, #4156, .F. ) ;
#7958 = VECTOR ( 'NONE', #2139, 999.9999999999998863 ) ;
#7959 = ORIENTED_EDGE ( 'NONE', *, *, #3223, .T. ) ;
#7960 = VECTOR ( 'NONE', #3115, 1000.000000000000114 ) ;
#7961 = CARTESIAN_POINT ( 'NONE',  ( 0.6034353314822269443, -0.1459623876292454603, 2.161262496148840917 ) ) ;
#7962 = DIRECTION ( 'NONE',  ( 0.7982682711663841024, 0.000000000000000000, -0.6023020564874672633 ) ) ;
#7963 = ORIENTED_EDGE ( 'NONE', *, *, #517, .T. ) ;
#7964 = CARTESIAN_POINT ( 'NONE',  ( -1.814835910835300492, -3.523657060577889411E-16, 1.151729890892186692 ) ) ;
#7965 = CARTESIAN_POINT ( 'NONE',  ( 0.9482571523558142035, 2.000000000000000000, -0.1575772761930756272 ) ) ;
#7966 = VECTOR ( 'NONE', #9561, 1000.000000000000114 ) ;
#7967 = DIRECTION ( 'NONE',  ( -0.4975031811961012074, 0.000000000000000000, 0.8674621517390597170 ) ) ;
#7968 = CARTESIAN_POINT ( 'NONE',  ( -2.086346706177057531, -0.1447218629912427057, 0.8260430970383604299 ) ) ;
#7969 = DIRECTION ( 'NONE',  ( 0.05991526087922020155, 0.000000000000000000, -0.9982034669914621183 ) ) ;
#7970 = ORIENTED_EDGE ( 'NONE', *, *, #3856, .F. ) ;
#7971 = LINE ( 'NONE', #819, #10120 ) ;
#7972 = EDGE_LOOP ( 'NONE', ( #7554, #1844, #1432, #10233 ) ) ;
#7973 = ORIENTED_EDGE ( 'NONE', *, *, #1433, .T. ) ;
#7974 = EDGE_LOOP ( 'NONE', ( #393, #2518, #1499, #5213 ) ) ;
#7975 = VECTOR ( 'NONE', #8164, 1000.000000000000114 ) ;
#7976 = CARTESIAN_POINT ( 'NONE',  ( -1.758547659744520875, -3.006278401112418225E-16, -1.393807700132144056 ) ) ;
#7977 = EDGE_CURVE ( 'NONE', #8960, #1197, #6232, .T. ) ;
#7978 = DIRECTION ( 'NONE',  ( -0.2917883312151442476, 0.000000000000000000, -0.9564829166099524382 ) ) ;
#7979 = DIRECTION ( 'NONE',  ( 0.9501623903509369695, 0.000000000000000000, 0.3117554040631748125 ) ) ;
#7980 = VECTOR ( 'NONE', #2344, 1000.000000000000000 ) ;
#7981 = ORIENTED_EDGE ( 'NONE', *, *, #2696, .F. ) ;
#7982 = CARTESIAN_POINT ( 'NONE',  ( -1.904845299228168365, 2.000000000000000000, 0.9958290570375381012 ) ) ;
#7983 = DIRECTION ( 'NONE',  ( -0.9519427500406474341, 0.000000000000000000, 0.3062760203559026784 ) ) ;
#7984 = VERTEX_POINT ( 'NONE', #339 ) ;
#7985 = ORIENTED_EDGE ( 'NONE', *, *, #3101, .F. ) ;
#7986 = ORIENTED_EDGE ( 'NONE', *, *, #10159, .F. ) ;
#7987 = LINE ( 'NONE', #839, #9447 ) ;
#7988 = DIRECTION ( 'NONE',  ( -0.9787424697960457332, 0.000000000000000000, 0.2050930954896742764 ) ) ;
#7989 = FACE_OUTER_BOUND ( 'NONE', #7972, .T. ) ;
#7990 = ORIENTED_EDGE ( 'NONE', *, *, #4690, .F. ) ;
#7991 = EDGE_CURVE ( 'NONE', #5095, #6948, #8373, .T. ) ;
#7992 = EDGE_CURVE ( 'NONE', #1882, #8587, #7488, .T. ) ;
#7993 = CARTESIAN_POINT ( 'NONE',  ( -1.765014549298225432, -0.1478946242935122724, -1.226717068275118949 ) ) ;
#7994 = EDGE_CURVE ( 'NONE', #4680, #3000, #3580, .T. ) ;
#7995 = PLANE ( 'NONE',  #9540 ) ;
#7996 = VECTOR ( 'NONE', #2465, 1000.000000000000000 ) ;
#7997 = CARTESIAN_POINT ( 'NONE',  ( -0.6452641508340417609, -2.981555974335137194E-16, -0.7125001056945955424 ) ) ;
#7998 = CARTESIAN_POINT ( 'NONE',  ( -1.356673771595346301, -3.006278401112418225E-16, 1.787351687275295031 ) ) ;
#7999 = EDGE_CURVE ( 'NONE', #10317, #6154, #10184, .T. ) ;
#8000 = DIRECTION ( 'NONE',  ( 0.4041033210507404827, 0.000000000000000000, 0.9147133463089747174 ) ) ;
#8001 = DIRECTION ( 'NONE',  ( 0.000000000000000000, 1.000000000000000000, -0.000000000000000000 ) ) ;
#8002 = AXIS2_PLACEMENT_3D ( 'NONE', #2806, #6001, #2024 ) ;
#8003 = FACE_OUTER_BOUND ( 'NONE', #4153, .T. ) ;
#8004 = AXIS2_PLACEMENT_3D ( 'NONE', #9624, #3959, #8850 ) ;
#8005 = ORIENTED_EDGE ( 'NONE', *, *, #8940, .T. ) ;
#8006 = EDGE_LOOP ( 'NONE', ( #833, #5435, #9504, #1090 ) ) ;
#8007 = DIRECTION ( 'NONE',  ( 0.3654446344290512294, 0.000000000000000000, 0.9308330780365602353 ) ) ;
#8008 = ORIENTED_EDGE ( 'NONE', *, *, #9163, .T. ) ;
#8009 = EDGE_CURVE ( 'NONE', #4583, #5046, #4612, .T. ) ;
#8010 = CARTESIAN_POINT ( 'NONE',  ( -1.035502725338369512, -0.1447179299707544164, -1.883572464931660750 ) ) ;
#8011 = DIRECTION ( 'NONE',  ( -0.3708014161143574072, 0.000000000000000000, 0.9287121781303327994 ) ) ;
#8012 = VECTOR ( 'NONE', #3876, 1000.000000000000114 ) ;
#8013 = VECTOR ( 'NONE', #9200, 999.9999999999998863 ) ;
#8014 = DIRECTION ( 'NONE',  ( -0.000000000000000000, 1.000000000000000000, 0.000000000000000000 ) ) ;
#8015 = CARTESIAN_POINT ( 'NONE',  ( 0.3277990464324980202, -3.006278401112418225E-16, 2.219850797170505707 ) ) ;
#8016 = CARTESIAN_POINT ( 'NONE',  ( 0.7258572354296886076, -2.981555974335137194E-16, -0.6302011573622792184 ) ) ;
#8017 = PLANE ( 'NONE',  #7342 ) ;
#8018 = ORIENTED_EDGE ( 'NONE', *, *, #9508, .F. ) ;
#8019 = CARTESIAN_POINT ( 'NONE',  ( -1.656175356194961257, 2.000000000000000000, -1.370107409791077036 ) ) ;
#8020 = ORIENTED_EDGE ( 'NONE', *, *, #1509, .T. ) ;
#8021 = ORIENTED_EDGE ( 'NONE', *, *, #9396, .F. ) ;
#8022 = PRODUCT_DEFINITION_FORMATION_WITH_SPECIFIED_SOURCE ( 'ANY', '', #10148, .NOT_KNOWN. ) ;
#8023 = DIRECTION ( 'NONE',  ( 0.6234027750479949059, 0.000000000000000000, -0.7819008761105585847 ) ) ;
#8024 = VERTEX_POINT ( 'NONE', #5890 ) ;
#8025 = CARTESIAN_POINT ( 'NONE',  ( 0.000000000000000000, 0.000000000000000000, -1.350000000000000089 ) ) ;
#8026 = DIRECTION ( 'NONE',  ( -0.6824443384624763187, 0.000000000000000000, 0.7309375656651621034 ) ) ;
#8027 = LINE ( 'NONE', #4115, #3385 ) ;
#8028 = ORIENTED_EDGE ( 'NONE', *, *, #6268, .T. ) ;
#8029 = DIRECTION ( 'NONE',  ( 0.000000000000000000, 1.000000000000000000, 0.000000000000000000 ) ) ;
#8030 = EDGE_CURVE ( 'NONE', #9522, #6428, #2681, .T. ) ;
#8031 = FACE_OUTER_BOUND ( 'NONE', #8461, .T. ) ;
#8032 = ORIENTED_EDGE ( 'NONE', *, *, #4374, .T. ) ;
#8033 = VERTEX_POINT ( 'NONE', #4262 ) ;
#8034 = VECTOR ( 'NONE', #8640, 1000.000000000000114 ) ;
#8035 = DIRECTION ( 'NONE',  ( 0.1845508794244991591, 0.000000000000000000, 0.9828229611194704285 ) ) ;
#8036 = ORIENTED_EDGE ( 'NONE', *, *, #5138, .T. ) ;
#8037 = AXIS2_PLACEMENT_3D ( 'NONE', #9210, #2783, #7438 ) ;
#8038 = CARTESIAN_POINT ( 'NONE',  ( 0.9396752671476390484, -0.1460357895205570966, -0.2025650939263719807 ) ) ;
#8039 = EDGE_CURVE ( 'NONE', #1658, #8258, #877, .T. ) ;
#8040 = PLANE ( 'NONE',  #9132 ) ;
#8041 = VERTEX_POINT ( 'NONE', #6766 ) ;
#8042 = VECTOR ( 'NONE', #6373, 1000.000000000000000 ) ;
#8043 = ORIENTED_EDGE ( 'NONE', *, *, #7406, .T. ) ;
#8044 = LINE ( 'NONE', #2458, #4413 ) ;
#8045 = PLANE ( 'NONE',  #10048 ) ;
#8046 = EDGE_CURVE ( 'NONE', #6159, #10269, #1903, .T. ) ;
#8047 = VECTOR ( 'NONE', #7323, 1000.000000000000000 ) ;
#8048 = DIRECTION ( 'NONE',  ( 0.8458679691042313431, 0.000000000000000000, 0.5333923310692451070 ) ) ;
#8049 = LINE ( 'NONE', #8835, #8813 ) ;
#8050 = VECTOR ( 'NONE', #2591, 999.9999999999998863 ) ;
#8051 = STYLED_ITEM ( 'NONE', ( #6077 ), #7096 ) ;
#8052 = LINE ( 'NONE', #9519, #284 ) ;
#8053 = DIRECTION ( 'NONE',  ( -0.5557886347590780263, 0.000000000000000000, 0.8313236394284960751 ) ) ;
#8054 = VECTOR ( 'NONE', #7747, 1000.000000000000000 ) ;
#8055 = LINE ( 'NONE', #5096, #5900 ) ;
#8056 = CARTESIAN_POINT ( 'NONE',  ( -0.7068805642337266937, 2.000000000000000000, -2.029884477683528310 ) ) ;
#8057 = EDGE_CURVE ( 'NONE', #2553, #7014, #7536, .T. ) ;
#8058 = AXIS2_PLACEMENT_3D ( 'NONE', #5119, #192, #1134 ) ;
#8059 = VERTEX_POINT ( 'NONE', #5986 ) ;
#8060 = DIRECTION ( 'NONE',  ( -0.9362739751521658160, 0.000000000000000000, -0.3512706128510632575 ) ) ;
#8061 = ORIENTED_EDGE ( 'NONE', *, *, #7782, .T. ) ;
#8062 = DIRECTION ( 'NONE',  ( -0.7412141892185336589, 0.000000000000000000, -0.6712685943056713178 ) ) ;
#8063 = DIRECTION ( 'NONE',  ( 0.4231710054858868197, 0.000000000000000000, -0.9060498331306416908 ) ) ;
#8064 = DIRECTION ( 'NONE',  ( 0.9962476753287308195, 0.000000000000000000, -0.08654807566953651166 ) ) ;
#8065 = EDGE_CURVE ( 'NONE', #4523, #922, #7785, .T. ) ;
#8066 = ADVANCED_FACE ( 'NONE', ( #9892 ), #7591, .F. ) ;
#8067 = CARTESIAN_POINT ( 'NONE',  ( -0.5508761081120430170, -0.1451609609644690935, -0.7877548720748829281 ) ) ;
#8068 = CARTESIAN_POINT ( 'NONE',  ( 0.9068775087697260595, -0.1448052212307958664, 0.3187403473895358275 ) ) ;
#8069 = ORIENTED_EDGE ( 'NONE', *, *, #22, .T. ) ;
#8070 = ORIENTED_EDGE ( 'NONE', *, *, #8698, .F. ) ;
#8071 = ORIENTED_EDGE ( 'NONE', *, *, #1934, .F. ) ;
#8072 = DIRECTION ( 'NONE',  ( 0.5557886347590722531, 0.000000000000000000, -0.8313236394284998498 ) ) ;
#8073 = ORIENTED_EDGE ( 'NONE', *, *, #1692, .F. ) ;
#8074 = LINE ( 'NONE', #9685, #3212 ) ;
#8075 = VECTOR ( 'NONE', #1642, 999.9999999999998863 ) ;
#8076 = VECTOR ( 'NONE', #1277, 1000.000000000000000 ) ;
#8077 = CARTESIAN_POINT ( 'NONE',  ( -1.202353991258283461, -0.1461575717926111573, 1.894606728650001459 ) ) ;
#8078 = CARTESIAN_POINT ( 'NONE',  ( 0.9210301919172722007, 2.000000000000000000, -0.2751828674594756774 ) ) ;
#8079 = EDGE_CURVE ( 'NONE', #103, #1181, #3631, .T. ) ;
#8080 = ORIENTED_EDGE ( 'NONE', *, *, #6219, .F. ) ;
#8081 = CARTESIAN_POINT ( 'NONE',  ( -0.8597777503361603291, -0.1418147860772172864, -0.4298888751680808862 ) ) ;
#8082 = CARTESIAN_POINT ( 'NONE',  ( -0.9533299039201579284, -2.981555974335137194E-16, -0.1232246698432157977 ) ) ;
#8083 = VERTEX_POINT ( 'NONE', #9412 ) ;
#8084 = PLANE ( 'NONE',  #8841 ) ;
#8085 = ORIENTED_EDGE ( 'NONE', *, *, #5020, .T. ) ;
#8086 = ORIENTED_EDGE ( 'NONE', *, *, #9536, .F. ) ;
#8087 = LINE ( 'NONE', #2357, #7343 ) ;
#8088 = VECTOR ( 'NONE', #7863, 1000.000000000000000 ) ;
#8089 = ORIENTED_EDGE ( 'NONE', *, *, #3477, .F. ) ;
#8090 = DIRECTION ( 'NONE',  ( 0.6352017409584965746, 0.000000000000000000, -0.7723462619080221359 ) ) ;
#8091 = CARTESIAN_POINT ( 'NONE',  ( -2.212499041939551159, -3.006278401112418225E-16, 0.3742162021574594877 ) ) ;
#8092 = LINE ( 'NONE', #5763, #1632 ) ;
#8093 = VERTEX_POINT ( 'NONE', #9985 ) ;
#8094 = ORIENTED_EDGE ( 'NONE', *, *, #7841, .F. ) ;
#8095 = LINE ( 'NONE', #1000, #5253 ) ;
#8096 = CARTESIAN_POINT ( 'NONE',  ( 1.535719282928330376, -3.523657060577889411E-16, 1.503887432248177225 ) ) ;
#8097 = ADVANCED_FACE ( 'NONE', ( #9110 ), #2839, .F. ) ;
#8098 = CARTESIAN_POINT ( 'NONE',  ( -0.7516106207556921825, 2.000000000000000000, 0.5992526176276831151 ) ) ;
#8099 = CARTESIAN_POINT ( 'NONE',  ( -0.6452641508340417609, -0.1460293543205271327, -0.7125001056945955424 ) ) ;
#8100 = AXIS2_PLACEMENT_3D ( 'NONE', #635, #7123, #10287 ) ;
#8101 = DIRECTION ( 'NONE',  ( 0.6023020564874728144, 0.000000000000000000, -0.7982682711663799946 ) ) ;
#8102 = CARTESIAN_POINT ( 'NONE',  ( -0.8236591385239362406, -0.1467932918244574947, -0.4955883861556830139 ) ) ;
#8103 = DIRECTION ( 'NONE',  ( -0.9623838978496789265, 0.000000000000000000, -0.2716932703613744171 ) ) ;
#8104 = ORIENTED_EDGE ( 'NONE', *, *, #1544, .T. ) ;
#8105 = VECTOR ( 'NONE', #2693, 999.9999999999998863 ) ;
#8106 = LINE ( 'NONE', #960, #8750 ) ;
#8107 = CARTESIAN_POINT ( 'NONE',  ( -0.05759418846819586157, -0.1454656455588212438, -0.9595338109837904250 ) ) ;
#8108 = ORIENTED_EDGE ( 'NONE', *, *, #7179, .F. ) ;
#8109 = LINE ( 'NONE', #965, #191 ) ;
#8110 = CARTESIAN_POINT ( 'NONE',  ( 0.9408267182697738207, -2.981555974335137194E-16, -0.1971479423075842841 ) ) ;
#8111 = CARTESIAN_POINT ( 'NONE',  ( 0.1828415940552589602, -2.981555974335137194E-16, -0.9437113840839891354 ) ) ;
#8112 = CARTESIAN_POINT ( 'NONE',  ( -0.5789693251283117847, 2.000000000000000000, -0.7673439551640800493 ) ) ;
#8113 = CARTESIAN_POINT ( 'NONE',  ( -0.06312143415529149204, 2.000000000000000000, -0.9591860661605579041 ) ) ;
#8114 = DIRECTION ( 'NONE',  ( -0.9060498331306475750, 0.000000000000000000, 0.4231710054858739967 ) ) ;
#8115 = EDGE_LOOP ( 'NONE', ( #9121, #8913 ) ) ;
#8116 = ORIENTED_EDGE ( 'NONE', *, *, #8833, .F. ) ;
#8117 = VERTEX_POINT ( 'NONE', #636 ) ;
#8118 = CARTESIAN_POINT ( 'NONE',  ( 0.7516106207556835228, 2.000000000000000000, 0.5992526176276935512 ) ) ;
#8119 = ORIENTED_EDGE ( 'NONE', *, *, #3531, .T. ) ;
#8120 = EDGE_CURVE ( 'NONE', #634, #8352, #6664, .T. ) ;
#8121 = EDGE_CURVE ( 'NONE', #9281, #2909, #2255, .T. ) ;
#8122 = LINE ( 'NONE', #1808, #1710 ) ;
#8123 = EDGE_CURVE ( 'NONE', #9138, #773, #3880, .T. ) ;
#8124 = AXIS2_PLACEMENT_3D ( 'NONE', #2245, #3024, #9502 ) ;
#8125 = DIRECTION ( 'NONE',  ( 0.6512372304321191185, 0.000000000000000000, -0.7588742120398497271 ) ) ;
#8126 = EDGE_CURVE ( 'NONE', #5551, #722, #7067, .T. ) ;
#8127 = LINE ( 'NONE', #1030, #4740 ) ;
#8128 = ORIENTED_EDGE ( 'NONE', *, *, #9149, .F. ) ;
#8129 = CARTESIAN_POINT ( 'NONE',  ( -2.126385852261806875, 2.000000000000000000, 0.3139973441492014405 ) ) ;
#8130 = CARTESIAN_POINT ( 'NONE',  ( 1.698638506051833197, 2.000000000000000000, 1.466225426835375600 ) ) ;
#8131 = VECTOR ( 'NONE', #6537, 1000.000000000000000 ) ;
#8132 = EDGE_LOOP ( 'NONE', ( #285, #5363, #939, #6450 ) ) ;
#8133 = CARTESIAN_POINT ( 'NONE',  ( 2.194887756272249302, -3.006278401112418225E-16, 0.4665377947248848245 ) ) ;
#8134 = ORIENTED_EDGE ( 'NONE', *, *, #2825, .T. ) ;
#8135 = ORIENTED_EDGE ( 'NONE', *, *, #5742, .T. ) ;
#8136 = EDGE_CURVE ( 'NONE', #8340, #9033, #8508, .T. ) ;
#8137 = ORIENTED_EDGE ( 'NONE', *, *, #4176, .T. ) ;
#8138 = VECTOR ( 'NONE', #42, 999.9999999999998863 ) ;
#8139 = ORIENTED_EDGE ( 'NONE', *, *, #8848, .F. ) ;
#8140 = LINE ( 'NONE', #7459, #6189 ) ;
#8141 = PLANE ( 'NONE',  #8602 ) ;
#8142 = AXIS2_PLACEMENT_3D ( 'NONE', #3614, #3456, #8255 ) ;
#8143 = CARTESIAN_POINT ( 'NONE',  ( -0.01736256296937428376, 2.000000000000000000, -0.9611039310987762319 ) ) ;
#8144 = ORIENTED_EDGE ( 'NONE', *, *, #8811, .F. ) ;
#8145 = ORIENTED_EDGE ( 'NONE', *, *, #6423, .F. ) ;
#8146 = LINE ( 'NONE', #9765, #8744 ) ;
#8147 = LINE ( 'NONE', #6593, #9039 ) ;
#8148 = CARTESIAN_POINT ( 'NONE',  ( 2.243922854409345913, 2.000000000000000000, 2.218929860274727883E-14 ) ) ;
#8149 = FACE_OUTER_BOUND ( 'NONE', #6829, .T. ) ;
#8150 = LINE ( 'NONE', #7273, #4411 ) ;
#8151 = CARTESIAN_POINT ( 'NONE',  ( -0.1431626797720656763, 2.000000000000000000, 0.9505402001424601011 ) ) ;
#8152 = DIRECTION ( 'NONE',  ( -0.000000000000000000, 1.000000000000000000, -0.000000000000000000 ) ) ;
#8153 = EDGE_CURVE ( 'NONE', #5685, #1038, #5346, .T. ) ;
#8154 = EDGE_LOOP ( 'NONE', ( #7990, #4221, #3191, #148 ) ) ;
#8155 = CARTESIAN_POINT ( 'NONE',  ( -0.9581172076848548658, -0.1461575717926111573, 0.07767651707281554574 ) ) ;
#8156 = ORIENTED_EDGE ( 'NONE', *, *, #8419, .T. ) ;
#8157 = LINE ( 'NONE', #329, #1057 ) ;
#8158 = CARTESIAN_POINT ( 'NONE',  ( 0.7793006826606462267, -0.1439148779360118480, 0.5627723082837652324 ) ) ;
#8159 = DIRECTION ( 'NONE',  ( 0.000000000000000000, -1.000000000000000000, 0.000000000000000000 ) ) ;
#8160 = VECTOR ( 'NONE', #1328, 1000.000000000000000 ) ;
#8161 = CARTESIAN_POINT ( 'NONE',  ( 2.070264362223221966, 2.000000000000000000, 0.5780281959735146247 ) ) ;
#8162 = DIRECTION ( 'NONE',  ( -0.9978417078911520077, 0.000000000000000000, 0.06566525712177297136 ) ) ;
#8163 = ORIENTED_EDGE ( 'NONE', *, *, #5998, .T. ) ;
#8164 = DIRECTION ( 'NONE',  ( -0.8848652934418774763, 0.000000000000000000, 0.4658469839572003668 ) ) ;
#8165 = ORIENTED_EDGE ( 'NONE', *, *, #9404, .T. ) ;
#8166 = EDGE_CURVE ( 'NONE', #453, #3478, #6895, .T. ) ;
#8167 = LINE ( 'NONE', #7440, #5926 ) ;
#8168 = ORIENTED_EDGE ( 'NONE', *, *, #3091, .T. ) ;
#8169 = ORIENTED_EDGE ( 'NONE', *, *, #5037, .T. ) ;
#8170 = FACE_OUTER_BOUND ( 'NONE', #5589, .T. ) ;
#8171 = VECTOR ( 'NONE', #8191, 1000.000000000000114 ) ;
#8172 = EDGE_CURVE ( 'NONE', #1701, #922, #3760, .T. ) ;
#8173 = VECTOR ( 'NONE', #4606, 1000.000000000000000 ) ;
#8174 = CARTESIAN_POINT ( 'NONE',  ( -1.404491242304759524, -2.981555974335137194E-16, -1.627118764909665227 ) ) ;
#8175 = DIRECTION ( 'NONE',  ( -0.002880682490151775365, 0.000000000000000000, 0.9999958508255876177 ) ) ;
#8176 = DIRECTION ( 'NONE',  ( -0.4041033210507340434, 0.000000000000000000, -0.9147133463089773819 ) ) ;
#8177 = EDGE_CURVE ( 'NONE', #2252, #252, #1975, .T. ) ;
#8178 = ORIENTED_EDGE ( 'NONE', *, *, #5399, .T. ) ;
#8179 = CARTESIAN_POINT ( 'NONE',  ( 0.7258572354296886076, 2.000000000000000000, -0.6302011573622792184 ) ) ;
#8180 = EDGE_CURVE ( 'NONE', #4104, #4817, #3705, .T. ) ;
#8181 = DIRECTION ( 'NONE',  ( -0.000000000000000000, -1.000000000000000000, -0.000000000000000000 ) ) ;
#8182 = ORIENTED_EDGE ( 'NONE', *, *, #8180, .F. ) ;
#8183 = EDGE_CURVE ( 'NONE', #9282, #7388, #6167, .T. ) ;
#8184 = ORIENTED_EDGE ( 'NONE', *, *, #5799, .T. ) ;
#8185 = VERTEX_POINT ( 'NONE', #3654 ) ;
#8186 = ORIENTED_EDGE ( 'NONE', *, *, #6684, .T. ) ;
#8187 = CARTESIAN_POINT ( 'NONE',  ( -0.9210301919172702023, -2.981555974335137194E-16, 0.2751828674594820612 ) ) ;
#8188 = ADVANCED_FACE ( 'NONE', ( #10065 ), #10006, .F. ) ;
#8189 = EDGE_CURVE ( 'NONE', #3134, #3411, #9342, .T. ) ;
#8190 = ORIENTED_EDGE ( 'NONE', *, *, #220, .T. ) ;
#8191 = DIRECTION ( 'NONE',  ( 0.6188876310076810716, 0.000000000000000000, -0.7854795351794342517 ) ) ;
#8192 = CARTESIAN_POINT ( 'NONE',  ( -1.113470241830498253, -2.981555974335137194E-16, 1.838557898296883319 ) ) ;
#8193 = VERTEX_POINT ( 'NONE', #6059 ) ;
#8194 = EDGE_CURVE ( 'NONE', #2252, #9621, #4445, .T. ) ;
#8195 = DIRECTION ( 'NONE',  ( 0.9828229611194704285, 0.000000000000000000, -0.1845508794244991868 ) ) ;
#8196 = LINE ( 'NONE', #4342, #2791 ) ;
#8197 = VECTOR ( 'NONE', #4529, 1000.000000000000114 ) ;
#8198 = VERTEX_POINT ( 'NONE', #7724 ) ;
#8199 = ORIENTED_EDGE ( 'NONE', *, *, #9274, .F. ) ;
#8200 = LINE ( 'NONE', #5818, #1904 ) ;
#8201 = CARTESIAN_POINT ( 'NONE',  ( 2.111371806538511642, 2.000000000000000000, -0.4027657127738456522 ) ) ;
#8202 = DIRECTION ( 'NONE',  ( -0.1224747460865668880, 0.000000000000000000, 0.9924716301089069326 ) ) ;
#8203 = CARTESIAN_POINT ( 'NONE',  ( 0.9612567592082511547, 2.000000000000000000, -0.002769087004202684145 ) ) ;
#8204 = FACE_OUTER_BOUND ( 'NONE', #3015, .T. ) ;
#8205 = VECTOR ( 'NONE', #2133, 1000.000000000000000 ) ;
#8206 = CARTESIAN_POINT ( 'NONE',  ( -1.430330258545863265, -3.006278401112418225E-16, -1.728972275089658117 ) ) ;
#8207 = ADVANCED_FACE ( 'NONE', ( #5232 ), #467, .F. ) ;
#8208 = PLANE ( 'NONE',  #3507 ) ;
#8209 = ORIENTED_EDGE ( 'NONE', *, *, #457, .T. ) ;
#8210 = CARTESIAN_POINT ( 'NONE',  ( 1.981493566476415280, -0.1447218629912427057, -0.8329431978499477474 ) ) ;
#8211 = LINE ( 'NONE', #2573, #3051 ) ;
#8212 = ORIENTED_EDGE ( 'NONE', *, *, #6762, .F. ) ;
#8213 = AXIS2_PLACEMENT_3D ( 'NONE', #2469, #25, #8007 ) ;
#8214 = CARTESIAN_POINT ( 'NONE',  ( -0.8695550808797160025, -3.006278401112418225E-16, 2.068589794487262434 ) ) ;
#8215 = CARTESIAN_POINT ( 'NONE',  ( -1.966364586821997218, -3.006278401112418225E-16, -1.081018079512519270 ) ) ;
#8216 = CARTESIAN_POINT ( 'NONE',  ( -1.335122602884952547, -2.981555974335137194E-16, -1.684505494231951284 ) ) ;
#8217 = PLANE ( 'NONE',  #8888 ) ;
#8218 = LINE ( 'NONE', #9677, #1094 ) ;
#8219 = FACE_OUTER_BOUND ( 'NONE', #9426, .T. ) ;
#8220 = AXIS2_PLACEMENT_3D ( 'NONE', #1133, #3566, #8559 ) ;
#8221 = VERTEX_POINT ( 'NONE', #5960 ) ;
#8222 = ORIENTED_EDGE ( 'NONE', *, *, #3168, .T. ) ;
#8223 = CARTESIAN_POINT ( 'NONE',  ( 0.7991187831734561930, -0.1448052212307962827, 0.5342577985820717856 ) ) ;
#8224 = ORIENTED_EDGE ( 'NONE', *, *, #9531, .F. ) ;
#8225 = ORIENTED_EDGE ( 'NONE', *, *, #337, .F. ) ;
#8226 = DIRECTION ( 'NONE',  ( -0.000000000000000000, -1.000000000000000000, -0.000000000000000000 ) ) ;
#8227 = FACE_OUTER_BOUND ( 'NONE', #7299, .T. ) ;
#8228 = EDGE_CURVE ( 'NONE', #6103, #1195, #4550, .T. ) ;
#8229 = LINE ( 'NONE', #9798, #9061 ) ;
#8230 = CARTESIAN_POINT ( 'NONE',  ( -0.7550506452478080721, -2.981555974335137194E-16, -0.5949123868917636226 ) ) ;
#8231 = ORIENTED_EDGE ( 'NONE', *, *, #1040, .T. ) ;
#8232 = CARTESIAN_POINT ( 'NONE',  ( 0.1828415940552391705, -2.981555974335137194E-16, 0.9437113840839930212 ) ) ;
#8233 = DIRECTION ( 'NONE',  ( -0.9123699880573544752, 0.000000000000000000, 0.4093665898583114249 ) ) ;
#8234 = EDGE_CURVE ( 'NONE', #6009, #8598, #8399, .T. ) ;
#8235 = ORIENTED_EDGE ( 'NONE', *, *, #3918, .F. ) ;
#8236 = DIRECTION ( 'NONE',  ( 0.5204888928356591338, 0.000000000000000000, -0.8538684397696812978 ) ) ;
#8237 = ORIENTED_EDGE ( 'NONE', *, *, #6602, .T. ) ;
#8238 = ORIENTED_EDGE ( 'NONE', *, *, #4868, .F. ) ;
#8239 = VECTOR ( 'NONE', #85, 999.9999999999998863 ) ;
#8240 = ORIENTED_EDGE ( 'NONE', *, *, #4177, .T. ) ;
#8241 = EDGE_CURVE ( 'NONE', #5607, #933, #7616, .T. ) ;
#8242 = CARTESIAN_POINT ( 'NONE',  ( -0.5789693251283117847, -0.1432581301189111422, -0.7673439551640800493 ) ) ;
#8243 = VECTOR ( 'NONE', #24, 1000.000000000000000 ) ;
#8244 = ORIENTED_EDGE ( 'NONE', *, *, #9601, .T. ) ;
#8245 = CARTESIAN_POINT ( 'NONE',  ( -0.5174051459242569040, -2.981555974335137194E-16, 0.8101321743626067606 ) ) ;
#8246 = CARTESIAN_POINT ( 'NONE',  ( 0.5127291109526538326, 2.000000000000000000, 0.8130996763915773196 ) ) ;
#8247 = ORIENTED_EDGE ( 'NONE', *, *, #7562, .F. ) ;
#8248 = CARTESIAN_POINT ( 'NONE',  ( 0.8792780351554191354, -0.1494084084223070152, 0.3884486605197812192 ) ) ;
#8249 = VERTEX_POINT ( 'NONE', #6842 ) ;
#8250 = ORIENTED_EDGE ( 'NONE', *, *, #1129, .T. ) ;
#8251 = CARTESIAN_POINT ( 'NONE',  ( -1.712096752485724904, -0.1487670180785271301, 1.299552167079011555 ) ) ;
#8252 = ADVANCED_FACE ( 'NONE', ( #2862 ), #3605, .F. ) ;
#8253 = EDGE_CURVE ( 'NONE', #9099, #8975, #1145, .T. ) ;
#8254 = EDGE_CURVE ( 'NONE', #3500, #197, #4391, .T. ) ;
#8255 = DIRECTION ( 'NONE',  ( -0.9729170569713484484, 0.000000000000000000, -0.2311544943413599840 ) ) ;
#8256 = EDGE_CURVE ( 'NONE', #2361, #6535, #680, .T. ) ;
#8257 = DIRECTION ( 'NONE',  ( -0.000000000000000000, 1.000000000000000000, -0.000000000000000000 ) ) ;
#8258 = VERTEX_POINT ( 'NONE', #4710 ) ;
#8259 = LINE ( 'NONE', #2619, #5729 ) ;
#8260 = VECTOR ( 'NONE', #5055, 1000.000000000000114 ) ;
#8261 = CARTESIAN_POINT ( 'NONE',  ( 0.6411484854770918007, -2.981555974335137194E-16, 0.7162058674269696779 ) ) ;
#8262 = ORIENTED_EDGE ( 'NONE', *, *, #2442, .F. ) ;
#8263 =( NAMED_UNIT ( * ) SI_UNIT ( $, .STERADIAN. ) SOLID_ANGLE_UNIT ( ) );
#8264 = ORIENTED_EDGE ( 'NONE', *, *, #7617, .T. ) ;
#8265 = VECTOR ( 'NONE', #8824, 1000.000000000000114 ) ;
#8266 = CARTESIAN_POINT ( 'NONE',  ( -0.9210301919172685370, -2.981555974335137194E-16, -0.2751828674594884450 ) ) ;
#8267 = DIRECTION ( 'NONE',  ( 0.2917883312151643427, 0.000000000000000000, -0.9564829166099463320 ) ) ;
#8268 = EDGE_CURVE ( 'NONE', #8861, #3395, #8666, .T. ) ;
#8269 = CARTESIAN_POINT ( 'NONE',  ( -2.126385852261804210, -0.1451609609644682330, -0.3139973441492158179 ) ) ;
#8270 = CARTESIAN_POINT ( 'NONE',  ( 0.9068775087697327209, -2.981555974335137194E-16, -0.3187403473895168426 ) ) ;
#8271 = PLANE ( 'NONE',  #9259 ) ;
#8272 = VECTOR ( 'NONE', #3382, 1000.000000000000000 ) ;
#8273 = ORIENTED_EDGE ( 'NONE', *, *, #7561, .F. ) ;
#8274 = DIRECTION ( 'NONE',  ( -0.9362739751521658160, 0.000000000000000000, -0.3512706128510632575 ) ) ;
#8275 = ORIENTED_EDGE ( 'NONE', *, *, #7132, .F. ) ;
#8276 = LINE ( 'NONE', #5989, #4900 ) ;
#8277 = VERTEX_POINT ( 'NONE', #8718 ) ;
#8278 = ORIENTED_EDGE ( 'NONE', *, *, #3602, .F. ) ;
#8279 = LINE ( 'NONE', #9067, #544 ) ;
#8280 = LINE ( 'NONE', #1132, #9032 ) ;
#8281 = CARTESIAN_POINT ( 'NONE',  ( -1.335122602884964538, -2.981555974335137194E-16, 1.684505494231942180 ) ) ;
#8282 = CARTESIAN_POINT ( 'NONE',  ( 2.148972967168876202, -2.981555974335137194E-16, 0.04501456663479136422 ) ) ;
#8283 = ORIENTED_EDGE ( 'NONE', *, *, #7592, .F. ) ;
#8284 = LINE ( 'NONE', #2851, #6799 ) ;
#8285 = CARTESIAN_POINT ( 'NONE',  ( -2.070264362223226406, -2.981555974335137194E-16, -0.5780281959735001918 ) ) ;
#8286 = ORIENTED_EDGE ( 'NONE', *, *, #1433, .F. ) ;
#8287 = ADVANCED_FACE ( 'NONE', ( #1564 ), #9399, .F. ) ;
#8288 = AXIS2_PLACEMENT_3D ( 'NONE', #881, #7257, #2594 ) ;
#8289 = ORIENTED_EDGE ( 'NONE', *, *, #8228, .T. ) ;
#8290 = VERTEX_POINT ( 'NONE', #4602 ) ;
#8291 = LINE ( 'NONE', #1142, #9336 ) ;
#8292 = VECTOR ( 'NONE', #10128, 1000.000000000000000 ) ;
#8293 = VERTEX_POINT ( 'NONE', #2400 ) ;
#8294 = DIRECTION ( 'NONE',  ( 0.9501623903509370805, 0.000000000000000000, 0.3117554040631748125 ) ) ;
#8295 = LINE ( 'NONE', #6689, #4782 ) ;
#8296 = ORIENTED_EDGE ( 'NONE', *, *, #6268, .F. ) ;
#8297 = CARTESIAN_POINT ( 'NONE',  ( 1.814835910835284283, 2.000000000000000000, 1.151729890892212227 ) ) ;
#8298 = VERTEX_POINT ( 'NONE', #9597 ) ;
#8299 = VERTEX_POINT ( 'NONE', #3187 ) ;
#8300 = VECTOR ( 'NONE', #8302, 1000.000000000000000 ) ;
#8301 = CARTESIAN_POINT ( 'NONE',  ( 1.471395926836254864, -0.1499342098531314116, -1.566877516375035473 ) ) ;
#8302 = DIRECTION ( 'NONE',  ( -0.000000000000000000, 1.000000000000000000, 0.000000000000000000 ) ) ;
#8303 = DIRECTION ( 'NONE',  ( -0.9817433889756554954, 0.000000000000000000, 0.1902101947914324187 ) ) ;
#8304 = CARTESIAN_POINT ( 'NONE',  ( 2.014635500889837338, 2.000000000000000000, 0.7492362266910719271 ) ) ;
#8305 = ORIENTED_EDGE ( 'NONE', *, *, #6913, .F. ) ;
#8306 = CARTESIAN_POINT ( 'NONE',  ( -0.1828415940552526042, -2.981555974335137194E-16, 0.9437113840839904677 ) ) ;
#8307 = EDGE_CURVE ( 'NONE', #1388, #2483, #3239, .T. ) ;
#8308 = ADVANCED_FACE ( 'NONE', ( #4023 ), #625, .F. ) ;
#8309 = EDGE_CURVE ( 'NONE', #8356, #1111, #7883, .T. ) ;
#8310 = ORIENTED_EDGE ( 'NONE', *, *, #991, .F. ) ;
#8311 = DIRECTION ( 'NONE',  ( -0.5557886347590780263, 0.000000000000000000, 0.8313236394284960751 ) ) ;
#8312 = DIRECTION ( 'NONE',  ( 0.000000000000000000, -1.000000000000000000, 0.000000000000000000 ) ) ;
#8313 = ORIENTED_EDGE ( 'NONE', *, *, #9458, .F. ) ;
#8314 = EDGE_CURVE ( 'NONE', #4383, #9304, #3928, .T. ) ;
#8315 = VECTOR ( 'NONE', #6134, 1000.000000000000000 ) ;
#8316 = DIRECTION ( 'NONE',  ( -0.9564829166099505509, 0.000000000000000000, 0.2917883312151508535 ) ) ;
#8317 = LINE ( 'NONE', #1068, #7666 ) ;
#8318 = LINE ( 'NONE', #281, #5905 ) ;
#8319 = CARTESIAN_POINT ( 'NONE',  ( -0.6452641508340417609, 2.000000000000000000, -0.7125001056945955424 ) ) ;
#8320 = ORIENTED_EDGE ( 'NONE', *, *, #4906, .F. ) ;
#8321 = ADVANCED_FACE ( 'NONE', ( #8767 ), #4759, .F. ) ;
#8322 = DIRECTION ( 'NONE',  ( 0.000000000000000000, -1.000000000000000000, 0.000000000000000000 ) ) ;
#8323 = EDGE_LOOP ( 'NONE', ( #1450, #2097, #4901, #6088 ) ) ;
#8324 = ADVANCED_FACE ( 'NONE', ( #1513 ), #10229, .F. ) ;
#8325 = LINE ( 'NONE', #8429, #6917 ) ;
#8326 = DIRECTION ( 'NONE',  ( 0.000000000000000000, -1.000000000000000000, 0.000000000000000000 ) ) ;
#8327 = ORIENTED_EDGE ( 'NONE', *, *, #18, .T. ) ;
#8328 = EDGE_LOOP ( 'NONE', ( #8361, #1790, #1205, #4225 ) ) ;
#8329 = LINE ( 'NONE', #6772, #362 ) ;
#8330 = VECTOR ( 'NONE', #8159, 1000.000000000000000 ) ;
#8331 = DIRECTION ( 'NONE',  ( 0.9692955389115978093, 0.000000000000000000, -0.2458986747546133833 ) ) ;
#8332 = DIRECTION ( 'NONE',  ( -0.9623838978496825902, 0.000000000000000000, 0.2716932703613610944 ) ) ;
#8333 = CARTESIAN_POINT ( 'NONE',  ( -0.8695550808797020137, -0.1442935096704870135, -2.068589794487268207 ) ) ;
#8334 = ORIENTED_EDGE ( 'NONE', *, *, #22, .F. ) ;
#8335 = VECTOR ( 'NONE', #6994, 1000.000000000000000 ) ;
#8336 = DIRECTION ( 'NONE',  ( 0.9828229611194704285, 0.000000000000000000, -0.1845508794244992146 ) ) ;
#8337 = VECTOR ( 'NONE', #1267, 999.9999999999998863 ) ;
#8338 = ORIENTED_EDGE ( 'NONE', *, *, #379, .T. ) ;
#8339 = VECTOR ( 'NONE', #1723, 1000.000000000000000 ) ;
#8340 = VERTEX_POINT ( 'NONE', #8607 ) ;
#8341 = ORIENTED_EDGE ( 'NONE', *, *, #8153, .F. ) ;
#8342 = EDGE_LOOP ( 'NONE', ( #5423, #5462, #3772, #2893 ) ) ;
#8343 = VECTOR ( 'NONE', #9351, 1000.000000000000000 ) ;
#8344 = VECTOR ( 'NONE', #1374, 1000.000000000000114 ) ;
#8345 = EDGE_CURVE ( 'NONE', #7673, #9523, #7160, .T. ) ;
#8346 = ORIENTED_EDGE ( 'NONE', *, *, #5404, .T. ) ;
#8347 = CARTESIAN_POINT ( 'NONE',  ( 1.202353991258296784, -0.1461575717926111573, -1.894606728649993022 ) ) ;
#8348 = DIRECTION ( 'NONE',  ( 0.9207430172529531553, 0.000000000000000000, -0.3901695736214296217 ) ) ;
#8349 = VERTEX_POINT ( 'NONE', #7206 ) ;
#8350 = CARTESIAN_POINT ( 'NONE',  ( -1.635749363218319319, -0.1499926892710059800, 1.536070895913156376 ) ) ;
#8351 = VERTEX_POINT ( 'NONE', #7982 ) ;
#8352 = VERTEX_POINT ( 'NONE', #4657 ) ;
#8353 = CARTESIAN_POINT ( 'NONE',  ( 0.9533299039201594827, -2.981555974335137194E-16, -0.1232246698432028914 ) ) ;
#8354 = EDGE_CURVE ( 'NONE', #5464, #6006, #49, .T. ) ;
#8355 = EDGE_CURVE ( 'NONE', #1853, #4075, #3868, .T. ) ;
#8356 = VERTEX_POINT ( 'NONE', #6274 ) ;
#8357 = AXIS2_PLACEMENT_3D ( 'NONE', #4005, #5427, #7188 ) ;
#8358 = DIRECTION ( 'NONE',  ( 0.9978417078911516747, 0.000000000000000000, 0.06566525712177977148 ) ) ;
#8359 = FACE_OUTER_BOUND ( 'NONE', #5987, .T. ) ;
#8360 = ADVANCED_FACE ( 'NONE', ( #10326 ), #9452, .F. ) ;
#8361 = ORIENTED_EDGE ( 'NONE', *, *, #5465, .T. ) ;
#8362 = CARTESIAN_POINT ( 'NONE',  ( 0.3699492575029141861, -2.981555974335137194E-16, -0.8872202499038382983 ) ) ;
#8363 = CARTESIAN_POINT ( 'NONE',  ( 2.145202938358542255, -2.981555974335137194E-16, -0.1349647290583580184 ) ) ;
#8364 = VERTEX_POINT ( 'NONE', #10280 ) ;
#8365 = LINE ( 'NONE', #6184, #7848 ) ;
#8366 = CARTESIAN_POINT ( 'NONE',  ( -1.656175356194971249, 2.000000000000000000, 1.370107409791065933 ) ) ;
#8367 = VECTOR ( 'NONE', #6211, 1000.000000000000000 ) ;
#8368 = DIRECTION ( 'NONE',  ( -0.9729170569713484484, 0.000000000000000000, -0.2311544943413599562 ) ) ;
#8369 = DIRECTION ( 'NONE',  ( -1.486905836551550312E-16, 0.000000000000000000, -1.000000000000000000 ) ) ;
#8370 = DIRECTION ( 'NONE',  ( 0.9982034669914616742, 0.000000000000000000, 0.05991526087922719596 ) ) ;
#8371 = ADVANCED_FACE ( 'NONE', ( #6325 ), #2349, .F. ) ;
#8372 = ORIENTED_EDGE ( 'NONE', *, *, #7142, .T. ) ;
#8373 = LINE ( 'NONE', #4316, #4553 ) ;
#8374 = VECTOR ( 'NONE', #1227, 1000.000000000000000 ) ;
#8375 = ORIENTED_EDGE ( 'NONE', *, *, #2296, .T. ) ;
#8376 = DIRECTION ( 'NONE',  ( 0.9729170569713533334, 0.000000000000000000, -0.2311544943413395836 ) ) ;
#8377 = LINE ( 'NONE', #5264, #3386 ) ;
#8378 = ORIENTED_EDGE ( 'NONE', *, *, #6157, .F. ) ;
#8379 = CARTESIAN_POINT ( 'NONE',  ( -0.2996782327926754697, -0.1451609609644682330, -0.9133538097345658135 ) ) ;
#8380 = EDGE_CURVE ( 'NONE', #7507, #6796, #9802, .T. ) ;
#8381 = EDGE_CURVE ( 'NONE', #2672, #2706, #6676, .T. ) ;
#8382 = CARTESIAN_POINT ( 'NONE',  ( 1.430330258545886579, -3.006278401112418225E-16, -1.728972275089636801 ) ) ;
#8383 = AXIS2_PLACEMENT_3D ( 'NONE', #2346, #1510, #3975 ) ;
#8384 = AXIS2_PLACEMENT_3D ( 'NONE', #3584, #2008, #341 ) ;
#8385 = LINE ( 'NONE', #1239, #7558 ) ;
#8386 = DIRECTION ( 'NONE',  ( -0.2917883312151442476, 0.000000000000000000, -0.9564829166099524382 ) ) ;
#8387 = VECTOR ( 'NONE', #3172, 1000.000000000000000 ) ;
#8388 = ORIENTED_EDGE ( 'NONE', *, *, #8714, .F. ) ;
#8389 = DIRECTION ( 'NONE',  ( -0.4472135954999585938, 0.000000000000000000, 0.8944271909999155223 ) ) ;
#8390 = EDGE_LOOP ( 'NONE', ( #6317, #9913, #8493, #709 ) ) ;
#8391 = DIRECTION ( 'NONE',  ( 0.000000000000000000, 0.000000000000000000, -1.000000000000000000 ) ) ;
#8392 = VECTOR ( 'NONE', #3847, 1000.000000000000000 ) ;
#8393 = ORIENTED_EDGE ( 'NONE', *, *, #5180, .T. ) ;
#8394 = ORIENTED_EDGE ( 'NONE', *, *, #6156, .F. ) ;
#8395 = FACE_OUTER_BOUND ( 'NONE', #6690, .T. ) ;
#8396 = CARTESIAN_POINT ( 'NONE',  ( 0.8947733005277508367, 2.000000000000000000, -0.3512875825147562803 ) ) ;
#8397 = ADVANCED_FACE ( 'NONE', ( #3327 ), #9748, .F. ) ;
#8398 = ORIENTED_EDGE ( 'NONE', *, *, #9473, .T. ) ;
#8399 = LINE ( 'NONE', #5392, #2130 ) ;
#8400 = CARTESIAN_POINT ( 'NONE',  ( 0.6452641508340518639, 2.000000000000000000, -0.7125001056945863276 ) ) ;
#8401 = DIRECTION ( 'NONE',  ( 0.000000000000000000, -1.000000000000000000, 0.000000000000000000 ) ) ;
#8402 = EDGE_LOOP ( 'NONE', ( #583, #785, #4329, #2372 ) ) ;
#8403 = AXIS2_PLACEMENT_3D ( 'NONE', #5717, #2464, #5671 ) ;
#8404 = DIRECTION ( 'NONE',  ( -0.9855115381924075546, 0.000000000000000000, -0.1696083962828338343 ) ) ;
#8405 = VECTOR ( 'NONE', #4774, 1000.000000000000000 ) ;
#8406 = LINE ( 'NONE', #2032, #4303 ) ;
#8407 = ORIENTED_EDGE ( 'NONE', *, *, #5726, .T. ) ;
#8408 = ORIENTED_EDGE ( 'NONE', *, *, #998, .F. ) ;
#8409 = VECTOR ( 'NONE', #2627, 1000.000000000000000 ) ;
#8410 = LINE ( 'NONE', #4455, #3347 ) ;
#8411 = VECTOR ( 'NONE', #8896, 1000.000000000000114 ) ;
#8412 = ORIENTED_EDGE ( 'NONE', *, *, #8307, .T. ) ;
#8413 = DIRECTION ( 'NONE',  ( -0.9564829166099484414, 0.000000000000000000, -0.2917883312151576813 ) ) ;
#8414 = CARTESIAN_POINT ( 'NONE',  ( -0.1774015163344722368, 2.000000000000000000, 0.9447491344100912292 ) ) ;
#8415 = ORIENTED_EDGE ( 'NONE', *, *, #1400, .F. ) ;
#8416 = VERTEX_POINT ( 'NONE', #3489 ) ;
#8417 = DIRECTION ( 'NONE',  ( -0.03899732433762558709, 0.000000000000000000, -0.9992393150264385904 ) ) ;
#8418 = EDGE_LOOP ( 'NONE', ( #6902, #1591, #5882, #4163 ) ) ;
#8419 = EDGE_CURVE ( 'NONE', #8721, #9445, #2541, .T. ) ;
#8420 = LINE ( 'NONE', #541, #2509 ) ;
#8421 = PLANE ( 'NONE',  #5670 ) ;
#8422 = DIRECTION ( 'NONE',  ( 0.000000000000000000, -1.000000000000000000, 0.000000000000000000 ) ) ;
#8423 = AXIS2_PLACEMENT_3D ( 'NONE', #2940, #440, #2161 ) ;
#8424 = CARTESIAN_POINT ( 'NONE',  ( 0.000000000000000000, -22.29461818466508305, -3.600000000000000089 ) ) ;
#8425 = DIRECTION ( 'NONE',  ( -1.000000000000000000, 0.000000000000000000, 1.486905836551550312E-16 ) ) ;
#8426 = VERTEX_POINT ( 'NONE', #8129 ) ;
#8427 = DIRECTION ( 'NONE',  ( 0.6188876310076810716, 0.000000000000000000, -0.7854795351794343627 ) ) ;
#8428 = VERTEX_POINT ( 'NONE', #5748 ) ;
#8429 = CARTESIAN_POINT ( 'NONE',  ( -0.3277990464325292730, -0.1448052212307962827, 2.219850797170501266 ) ) ;
#8430 = DIRECTION ( 'NONE',  ( -0.000000000000000000, 1.000000000000000000, -0.000000000000000000 ) ) ;
#8431 = ORIENTED_EDGE ( 'NONE', *, *, #540, .F. ) ;
#8432 = EDGE_LOOP ( 'NONE', ( #1551, #8372, #6971, #9386 ) ) ;
#8433 = CARTESIAN_POINT ( 'NONE',  ( -0.1408970818120620361, 2.000000000000000000, 2.239494985231588853 ) ) ;
#8434 = CARTESIAN_POINT ( 'NONE',  ( -0.9482571523558123161, -2.981555974335137194E-16, -0.1575772761930885335 ) ) ;
#8435 = VECTOR ( 'NONE', #1626, 1000.000000000000000 ) ;
#8436 = LINE ( 'NONE', #5219, #3905 ) ;
#8437 = DIRECTION ( 'NONE',  ( -0.3654446344290446791, 0.000000000000000000, -0.9308330780365627888 ) ) ;
#8438 = CARTESIAN_POINT ( 'NONE',  ( 0.7821687833936489254, 2.000000000000000000, 2.103188477247125654 ) ) ;
#8439 = VERTEX_POINT ( 'NONE', #6625 ) ;
#8440 = DIRECTION ( 'NONE',  ( 0.9382822259387183506, 0.000000000000000000, -0.3458705892201356380 ) ) ;
#8441 = CARTESIAN_POINT ( 'NONE',  ( 0.9581172076848553099, -0.1461575717926111573, -0.07767651707280920359 ) ) ;
#8442 = ORIENTED_EDGE ( 'NONE', *, *, #3583, .T. ) ;
#8443 = ADVANCED_FACE ( 'NONE', ( #2648 ), #3282, .F. ) ;
#8444 = EDGE_CURVE ( 'NONE', #7153, #6736, #5016, .T. ) ;
#8445 = DIRECTION ( 'NONE',  ( 0.000000000000000000, -1.000000000000000000, 0.000000000000000000 ) ) ;
#8446 = EDGE_CURVE ( 'NONE', #8471, #4944, #1087, .T. ) ;
#8447 = ORIENTED_EDGE ( 'NONE', *, *, #5742, .F. ) ;
#8448 = EDGE_LOOP ( 'NONE', ( #8485, #8008, #6349, #3782 ) ) ;
#8449 = CARTESIAN_POINT ( 'NONE',  ( -0.5345450792948813756, 2.000000000000000000, 2.081915628221650660 ) ) ;
#8450 = EDGE_CURVE ( 'NONE', #3438, #2842, #9022, .T. ) ;
#8451 = CARTESIAN_POINT ( 'NONE',  ( -1.981493566476408619, 2.000000000000000000, 0.8329431978499615141 ) ) ;
#8452 = LINE ( 'NONE', #2085, #8838 ) ;
#8453 = ORIENTED_EDGE ( 'NONE', *, *, #9662, .T. ) ;
#8454 = DIRECTION ( 'NONE',  ( 0.9742326696776258954, 0.000000000000000000, -0.2255453509447843952 ) ) ;
#8455 = PLANE ( 'NONE',  #5195 ) ;
#8456 = CARTESIAN_POINT ( 'NONE',  ( -1.698638506051853403, -3.006278401112418225E-16, 1.466225426835353174 ) ) ;
#8457 = VECTOR ( 'NONE', #658, 1000.000000000000000 ) ;
#8458 = VERTEX_POINT ( 'NONE', #5801 ) ;
#8459 = DIRECTION ( 'NONE',  ( -0.7982682711663883213, 0.000000000000000000, 0.6023020564874617122 ) ) ;
#8460 = CARTESIAN_POINT ( 'NONE',  ( -0.04699317460289340054, -0.1427855095417420173, -2.243430725046185348 ) ) ;
#8461 = EDGE_LOOP ( 'NONE', ( #3112, #5800, #6117, #1245 ) ) ;
#8462 = EDGE_CURVE ( 'NONE', #8620, #1916, #247, .T. ) ;
#8463 = ORIENTED_EDGE ( 'NONE', *, *, #8572, .F. ) ;
#8464 = LINE ( 'NONE', #581, #5696 ) ;
#8465 = CARTESIAN_POINT ( 'NONE',  ( -0.2221997420524690348, -0.1459816899409631941, -0.9352269775825562403 ) ) ;
#8466 = VECTOR ( 'NONE', #6004, 1000.000000000000114 ) ;
#8467 = ORIENTED_EDGE ( 'NONE', *, *, #2006, .T. ) ;
#8468 = DIRECTION ( 'NONE',  ( 0.000000000000000000, 1.000000000000000000, -0.000000000000000000 ) ) ;
#8469 = LINE ( 'NONE', #1322, #5496 ) ;
#8470 = AXIS2_PLACEMENT_3D ( 'NONE', #9608, #8826, #6336 ) ;
#8471 = VERTEX_POINT ( 'NONE', #6473 ) ;
#8472 = DIRECTION ( 'NONE',  ( 0.000000000000000000, 1.000000000000000000, -0.000000000000000000 ) ) ;
#8473 = ORIENTED_EDGE ( 'NONE', *, *, #1569, .F. ) ;
#8474 = DIRECTION ( 'NONE',  ( -0.1845508794244922479, 0.000000000000000000, -0.9828229611194717608 ) ) ;
#8475 = LINE ( 'NONE', #7017, #6992 ) ;
#8476 = DIRECTION ( 'NONE',  ( -0.1432326429508861965, 0.000000000000000000, -0.9896890471220260999 ) ) ;
#8477 = VECTOR ( 'NONE', #5287, 1000.000000000000000 ) ;
#8478 = EDGE_CURVE ( 'NONE', #1882, #5007, #983, .T. ) ;
#8479 = CARTESIAN_POINT ( 'NONE',  ( -2.236053101125676790, -0.1433794608872670517, -0.1877666250610753873 ) ) ;
#8480 = LINE ( 'NONE', #1534, #2705 ) ;
#8481 = VERTEX_POINT ( 'NONE', #1767 ) ;
#8482 = ORIENTED_EDGE ( 'NONE', *, *, #6651, .F. ) ;
#8483 = CARTESIAN_POINT ( 'NONE',  ( -0.09000938839286848347, 2.000000000000000000, 2.147558947929733453 ) ) ;
#8484 = ORIENTED_EDGE ( 'NONE', *, *, #438, .T. ) ;
#8485 = ORIENTED_EDGE ( 'NONE', *, *, #2296, .F. ) ;
#8486 = DIRECTION ( 'NONE',  ( -0.4658469839572003668, 0.000000000000000000, -0.8848652934418774763 ) ) ;
#8487 = CARTESIAN_POINT ( 'NONE',  ( -0.9576537852278302898, -2.981555974335137194E-16, -0.08319526792549943039 ) ) ;
#8488 = LINE ( 'NONE', #3792, #168 ) ;
#8489 = PLANE ( 'NONE',  #1724 ) ;
#8490 = LINE ( 'NONE', #7407, #6650 ) ;
#8491 = LINE ( 'NONE', #3009, #7749 ) ;
#8492 = EDGE_CURVE ( 'NONE', #4108, #898, #4164, .T. ) ;
#8493 = ORIENTED_EDGE ( 'NONE', *, *, #3871, .F. ) ;
#8494 = DIRECTION ( 'NONE',  ( 0.7982682711663841024, 0.000000000000000000, -0.6023020564874673743 ) ) ;
#8495 = ORIENTED_EDGE ( 'NONE', *, *, #3029, .F. ) ;
#8496 = ORIENTED_EDGE ( 'NONE', *, *, #1821, .F. ) ;
#8497 = ADVANCED_FACE ( 'NONE', ( #6575 ), #9851, .F. ) ;
#8498 = AXIS2_PLACEMENT_3D ( 'NONE', #10192, #6812, #6136 ) ;
#8499 = ORIENTED_EDGE ( 'NONE', *, *, #4948, .F. ) ;
#8500 = ORIENTED_EDGE ( 'NONE', *, *, #9322, .F. ) ;
#8501 = DIRECTION ( 'NONE',  ( -0.9623838978496789265, 0.000000000000000000, -0.2716932703613744171 ) ) ;
#8502 = CARTESIAN_POINT ( 'NONE',  ( -0.1828415940552460262, 2.000000000000000000, -0.9437113840839918000 ) ) ;
#8503 = CARTESIAN_POINT ( 'NONE',  ( -0.9605295310403390019, -0.1447179299707552769, -0.03748659714902172896 ) ) ;
#8504 = ADVANCED_FACE ( 'NONE', ( #5647 ), #8815, .F. ) ;
#8505 = CARTESIAN_POINT ( 'NONE',  ( -1.039600561562682213, 2.000000000000000000, -1.988572465096292818 ) ) ;
#8506 = VECTOR ( 'NONE', #5834, 1000.000000000000114 ) ;
#8507 = VERTEX_POINT ( 'NONE', #2489 ) ;
#8508 = LINE ( 'NONE', #4498, #9701 ) ;
#8509 = DIRECTION ( 'NONE',  ( 0.6512372304321086824, 0.000000000000000000, 0.7588742120398587199 ) ) ;
#8510 = ADVANCED_FACE ( 'NONE', ( #8862 ), #1713, .F. ) ;
#8511 = ORIENTED_EDGE ( 'NONE', *, *, #3277, .T. ) ;
#8512 = LINE ( 'NONE', #3557, #2352 ) ;
#8513 = ORIENTED_EDGE ( 'NONE', *, *, #536, .T. ) ;
#8514 = VECTOR ( 'NONE', #10082, 1000.000000000000114 ) ;
#8515 = DIRECTION ( 'NONE',  ( 0.8848652934418742566, 0.000000000000000000, 0.4658469839572065285 ) ) ;
#8516 = EDGE_CURVE ( 'NONE', #7695, #7800, #7300, .T. ) ;
#8517 = EDGE_CURVE ( 'NONE', #10079, #8600, #6104, .T. ) ;
#8518 = ORIENTED_EDGE ( 'NONE', *, *, #1692, .T. ) ;
#8519 = FACE_OUTER_BOUND ( 'NONE', #7162, .T. ) ;
#8520 = DIRECTION ( 'NONE',  ( 0.1902101947914253133, 0.000000000000000000, 0.9817433889756569387 ) ) ;
#8521 = PLANE ( 'NONE',  #3146 ) ;
#8522 = ORIENTED_EDGE ( 'NONE', *, *, #8741, .F. ) ;
#8523 = CARTESIAN_POINT ( 'NONE',  ( 2.173425891652590369, 2.000000000000000000, -0.5580409214696783193 ) ) ;
#8524 = EDGE_LOOP ( 'NONE', ( #10070, #1355, #2188, #936 ) ) ;
#8525 = DIRECTION ( 'NONE',  ( -0.000000000000000000, -1.000000000000000000, -0.000000000000000000 ) ) ;
#8526 = CARTESIAN_POINT ( 'NONE',  ( 1.758547659744539526, -3.006278401112418225E-16, -1.393807700132118965 ) ) ;
#8527 = VECTOR ( 'NONE', #136, 1000.000000000000000 ) ;
#8528 = DIRECTION ( 'NONE',  ( -0.2458986747546133833, 0.000000000000000000, -0.9692955389115978093 ) ) ;
#8529 = DIRECTION ( 'NONE',  ( -0.9060498331306475750, 0.000000000000000000, 0.4231710054858739967 ) ) ;
#8530 = EDGE_CURVE ( 'NONE', #884, #5095, #6830, .T. ) ;
#8531 = LINE ( 'NONE', #3576, #2564 ) ;
#8532 = CARTESIAN_POINT ( 'NONE',  ( 0.9602976163832707135, -0.1442935096704870135, -0.04301991323788634247 ) ) ;
#8533 = VERTEX_POINT ( 'NONE', #1242 ) ;
#8534 = ORIENTED_EDGE ( 'NONE', *, *, #10274, .T. ) ;
#8535 = CARTESIAN_POINT ( 'NONE',  ( -2.148151099483878834, -0.1458349236714011621, 0.6485650548146949523 ) ) ;
#8536 = ORIENTED_EDGE ( 'NONE', *, *, #4088, .F. ) ;
#8537 = EDGE_LOOP ( 'NONE', ( #2353, #6699, #1384, #5741 ) ) ;
#8538 = VECTOR ( 'NONE', #2612, 1000.000000000000000 ) ;
#8539 = DIRECTION ( 'NONE',  ( -0.9501623903509391900, 0.000000000000000000, 0.3117554040631684287 ) ) ;
#8540 = DIRECTION ( 'NONE',  ( 0.000000000000000000, -1.000000000000000000, 0.000000000000000000 ) ) ;
#8541 = DIRECTION ( 'NONE',  ( 0.01806228228073675224, 0.000000000000000000, -0.9998368636726748804 ) ) ;
#8542 = VECTOR ( 'NONE', #6643, 1000.000000000000000 ) ;
#8543 = DIRECTION ( 'NONE',  ( 0.9982034669914624514, 0.000000000000000000, -0.05991526087921326266 ) ) ;
#8544 = CARTESIAN_POINT ( 'NONE',  ( -0.09000938839286835857, -2.981555974335137194E-16, 2.147558947929733453 ) ) ;
#8545 = DIRECTION ( 'NONE',  ( 0.000000000000000000, -1.000000000000000000, 0.000000000000000000 ) ) ;
#8546 = ORIENTED_EDGE ( 'NONE', *, *, #5026, .F. ) ;
#8547 = CARTESIAN_POINT ( 'NONE',  ( 0.5124017362655758356, -0.1458670832290543395, -2.184635950727856546 ) ) ;
#8548 = ORIENTED_EDGE ( 'NONE', *, *, #10022, .T. ) ;
#8549 = VECTOR ( 'NONE', #5548, 1000.000000000000000 ) ;
#8550 = VECTOR ( 'NONE', #6448, 1000.000000000000000 ) ;
#8551 = EDGE_LOOP ( 'NONE', ( #8235, #5513, #563, #9348 ) ) ;
#8552 = CARTESIAN_POINT ( 'NONE',  ( -17.49999999999997868, 4.200000000000000178, 2.000000000000000888 ) ) ;
#8553 = ADVANCED_FACE ( 'NONE', ( #6779, #7709 ), #2796, .T. ) ;
#8554 = VECTOR ( 'NONE', #8472, 1000.000000000000000 ) ;
#8555 = PLANE ( 'NONE',  #639 ) ;
#8556 = DIRECTION ( 'NONE',  ( 0.3261448337396520847, 0.000000000000000000, 0.9453198122460645392 ) ) ;
#8557 = VECTOR ( 'NONE', #6710, 1000.000000000000000 ) ;
#8558 = ADVANCED_FACE ( 'NONE', ( #5331 ), #9994, .F. ) ;
#8559 = DIRECTION ( 'NONE',  ( 0.9942166556096166952, 0.000000000000000000, -0.1073929313708710531 ) ) ;
#8560 = EDGE_LOOP ( 'NONE', ( #638, #10142, #4860, #7339 ) ) ;
#8561 = CARTESIAN_POINT ( 'NONE',  ( 0.1431626797720521871, 2.000000000000000000, 0.9505402001424618774 ) ) ;
#8562 = PLANE ( 'NONE',  #2432 ) ;
#8563 = VECTOR ( 'NONE', #9095, 1000.000000000000000 ) ;
#8564 = ORIENTED_EDGE ( 'NONE', *, *, #7808, .F. ) ;
#8565 = LINE ( 'NONE', #8362, #582 ) ;
#8566 = ORIENTED_EDGE ( 'NONE', *, *, #4375, .F. ) ;
#8567 = DIRECTION ( 'NONE',  ( 0.6512372304321086824, 0.000000000000000000, 0.7588742120398588309 ) ) ;
#8568 = ORIENTED_EDGE ( 'NONE', *, *, #2143, .T. ) ;
#8569 = LINE ( 'NONE', #4611, #2104 ) ;
#8570 = PLANE ( 'NONE',  #968 ) ;
#8571 = ORIENTED_EDGE ( 'NONE', *, *, #1529, .F. ) ;
#8572 = EDGE_CURVE ( 'NONE', #7247, #5296, #564, .T. ) ;
#8573 = ADVANCED_FACE ( 'NONE', ( #9170 ), #3541, .F. ) ;
#8574 = VERTEX_POINT ( 'NONE', #3693 ) ;
#8575 = ADVANCED_FACE ( 'NONE', ( #454 ), #3747, .F. ) ;
#8576 = LINE ( 'NONE', #5414, #6849 ) ;
#8577 = AXIS2_PLACEMENT_3D ( 'NONE', #7697, #9895, #1126 ) ;
#8578 = EDGE_CURVE ( 'NONE', #8277, #9441, #5276, .T. ) ;
#8579 = LINE ( 'NONE', #6081, #4327 ) ;
#8580 = LINE ( 'NONE', #9469, #1737 ) ;
#8581 = LINE ( 'NONE', #9203, #4167 ) ;
#8582 = CARTESIAN_POINT ( 'NONE',  ( -1.356673771595346745, -0.1483595806240759762, 1.787351687275294809 ) ) ;
#8583 = CARTESIAN_POINT ( 'NONE',  ( -0.7991187831734636315, -0.1448052212307958664, 0.5342577985820603503 ) ) ;
#8584 = ORIENTED_EDGE ( 'NONE', *, *, #733, .F. ) ;
#8585 = ORIENTED_EDGE ( 'NONE', *, *, #9662, .F. ) ;
#8586 = CARTESIAN_POINT ( 'NONE',  ( -1.430330258545863931, 2.000000000000000000, -1.728972275089657895 ) ) ;
#8587 = VERTEX_POINT ( 'NONE', #5952 ) ;
#8588 = ORIENTED_EDGE ( 'NONE', *, *, #2601, .F. ) ;
#8589 = EDGE_CURVE ( 'NONE', #2009, #773, #8284, .T. ) ;
#8590 = CARTESIAN_POINT ( 'NONE',  ( -1.635749363218319319, 2.000000000000000000, 1.536070895913158152 ) ) ;
#8591 = CARTESIAN_POINT ( 'NONE',  ( -2.145202938358540923, 2.000000000000000000, -0.1349647290583868009 ) ) ;
#8592 = LINE ( 'NONE', #6928, #737 ) ;
#8593 = DIRECTION ( 'NONE',  ( -0.6188876310076647513, 0.000000000000000000, -0.7854795351794473524 ) ) ;
#8594 = DIRECTION ( 'NONE',  ( -0.6023020564874780325, 0.000000000000000000, 0.7982682711663759978 ) ) ;
#8595 = DIRECTION ( 'NONE',  ( -0.5557886347590663689, 0.000000000000000000, -0.8313236394285038466 ) ) ;
#8596 = ORIENTED_EDGE ( 'NONE', *, *, #4949, .F. ) ;
#8597 = CARTESIAN_POINT ( 'NONE',  ( -2.194887756272254631, 2.000000000000000000, -0.4665377947248681156 ) ) ;
#8598 = VERTEX_POINT ( 'NONE', #6048 ) ;
#8599 = ORIENTED_EDGE ( 'NONE', *, *, #2046, .F. ) ;
#8600 = VERTEX_POINT ( 'NONE', #9122 ) ;
#8601 = PLANE ( 'NONE',  #1203 ) ;
#8602 = AXIS2_PLACEMENT_3D ( 'NONE', #8038, #895, #8929 ) ;
#8603 = FACE_OUTER_BOUND ( 'NONE', #9747, .T. ) ;
#8604 = CARTESIAN_POINT ( 'NONE',  ( 0.6452641508340368759, 2.000000000000000000, 0.7125001056945998723 ) ) ;
#8605 = CARTESIAN_POINT ( 'NONE',  ( -2.086346706177053534, 2.000000000000000000, -0.8260430970383751959 ) ) ;
#8606 = EDGE_LOOP ( 'NONE', ( #2219, #7306, #9858, #2468 ) ) ;
#8607 = CARTESIAN_POINT ( 'NONE',  ( -0.04699317460289340054, -3.006278401112418225E-16, -2.243430725046184904 ) ) ;
#8608 = EDGE_CURVE ( 'NONE', #9925, #1272, #1965, .T. ) ;
#8609 = LINE ( 'NONE', #6327, #5457 ) ;
#8610 = VERTEX_POINT ( 'NONE', #507 ) ;
#8611 = VECTOR ( 'NONE', #6885, 1000.000000000000114 ) ;
#8612 = DIRECTION ( 'NONE',  ( -0.9917495396061830615, 0.000000000000000000, 0.1281906809831506733 ) ) ;
#8613 = ORIENTED_EDGE ( 'NONE', *, *, #6482, .F. ) ;
#8614 = DIRECTION ( 'NONE',  ( 0.9639332430866774937, 0.000000000000000000, 0.2661441392787006199 ) ) ;
#8615 = VERTEX_POINT ( 'NONE', #4330 ) ;
#8616 = CARTESIAN_POINT ( 'NONE',  ( 2.243922854409345469, -0.1421340054777709416, 2.255140518769849223E-14 ) ) ;
#8617 = DIRECTION ( 'NONE',  ( 0.9729170569713500027, 0.000000000000000000, 0.2311544943413534337 ) ) ;
#8618 = EDGE_CURVE ( 'NONE', #291, #2727, #8624, .T. ) ;
#8619 = DIRECTION ( 'NONE',  ( 0.9855115381924063334, 0.000000000000000000, 0.1696083962828411618 ) ) ;
#8620 = VERTEX_POINT ( 'NONE', #7501 ) ;
#8621 = ORIENTED_EDGE ( 'NONE', *, *, #2443, .T. ) ;
#8622 = DIRECTION ( 'NONE',  ( 0.9948188822373297269, 0.000000000000000000, -0.1016631277507719644 ) ) ;
#8623 = VERTEX_POINT ( 'NONE', #2124 ) ;
#8624 = CIRCLE ( 'NONE', #4124, 1.350000000000000089 ) ;
#8625 = CARTESIAN_POINT ( 'NONE',  ( 0.9473335580173334325, -0.1459623876292454603, -0.1630378938179900539 ) ) ;
#8626 = CARTESIAN_POINT ( 'NONE',  ( 0.9581172076848553099, 2.000000000000000000, -0.07767651707280920359 ) ) ;
#8627 = DIRECTION ( 'NONE',  ( 0.5854522923790143052, 0.000000000000000000, 0.8107068603065827883 ) ) ;
#8628 = LINE ( 'NONE', #6399, #7996 ) ;
#8629 = EDGE_CURVE ( 'NONE', #3897, #7710, #2178, .T. ) ;
#8630 = EDGE_CURVE ( 'NONE', #4049, #3198, #7971, .T. ) ;
#8631 = EDGE_CURVE ( 'NONE', #5263, #8041, #720, .T. ) ;
#8632 = PLANE ( 'NONE',  #6887 ) ;
#8633 = AXIS2_PLACEMENT_3D ( 'NONE', #262, #2555, #3451 ) ;
#8634 = ORIENTED_EDGE ( 'NONE', *, *, #6534, .T. ) ;
#8635 = EDGE_CURVE ( 'NONE', #7103, #7765, #771, .T. ) ;
#8636 = ORIENTED_EDGE ( 'NONE', *, *, #7807, .T. ) ;
#8637 = CARTESIAN_POINT ( 'NONE',  ( 0.8742577899074577275, 2.000000000000000000, 1.963615146004442646 ) ) ;
#8638 = VERTEX_POINT ( 'NONE', #3965 ) ;
#8639 = ORIENTED_EDGE ( 'NONE', *, *, #1269, .F. ) ;
#8640 = DIRECTION ( 'NONE',  ( 0.5204888928356591338, 0.000000000000000000, -0.8538684397696812978 ) ) ;
#8641 = CARTESIAN_POINT ( 'NONE',  ( 1.656175356194951265, 2.000000000000000000, 1.370107409791088582 ) ) ;
#8642 = VECTOR ( 'NONE', #6258, 1000.000000000000000 ) ;
#8643 = CARTESIAN_POINT ( 'NONE',  ( 0.3750546960483487346, -0.1433794608872670517, 0.8850741211550972043 ) ) ;
#8644 = EDGE_CURVE ( 'NONE', #7816, #1704, #10214, .T. ) ;
#8645 = ADVANCED_FACE ( 'NONE', ( #3799 ), #6366, .F. ) ;
#8646 = ADVANCED_FACE ( 'NONE', ( #7150 ), #10318, .F. ) ;
#8647 = FACE_OUTER_BOUND ( 'NONE', #54, .T. ) ;
#8648 = CARTESIAN_POINT ( 'NONE',  ( 2.173425891652577935, -3.006278401112418225E-16, 0.5580409214697232834 ) ) ;
#8649 = CARTESIAN_POINT ( 'NONE',  ( 1.471395926836254864, 2.000000000000000000, -1.566877516375035251 ) ) ;
#8650 = DIRECTION ( 'NONE',  ( -0.8458679691042422233, 0.000000000000000000, 0.5333923310692277875 ) ) ;
#8651 = ADVANCED_FACE ( 'NONE', ( #5588 ), #6205, .F. ) ;
#8652 = VECTOR ( 'NONE', #5618, 1000.000000000000000 ) ;
#8653 = VERTEX_POINT ( 'NONE', #7098 ) ;
#8654 = LINE ( 'NONE', #1500, #3637 ) ;
#8655 = CARTESIAN_POINT ( 'NONE',  ( 2.049925530946065777, -0.1447218629912427057, 0.9126856491235483260 ) ) ;
#8656 = ORIENTED_EDGE ( 'NONE', *, *, #3414, .T. ) ;
#8657 = CARTESIAN_POINT ( 'NONE',  ( -0.9396752671476362728, -0.1460357895205570966, -0.2025650939263846373 ) ) ;
#8658 = ORIENTED_EDGE ( 'NONE', *, *, #6411, .F. ) ;
#8659 = VERTEX_POINT ( 'NONE', #3067 ) ;
#8660 = DIRECTION ( 'NONE',  ( 0.2514790358596513120, 0.000000000000000000, 0.9678627457047307425 ) ) ;
#8661 = PLANE ( 'NONE',  #5333 ) ;
#8662 = LINE ( 'NONE', #7931, #372 ) ;
#8663 = CARTESIAN_POINT ( 'NONE',  ( 0.2345538076625446333, -3.006278401112418225E-16, 2.231630410227369410 ) ) ;
#8664 = EDGE_CURVE ( 'NONE', #9327, #2747, #5436, .T. ) ;
#8665 = VERTEX_POINT ( 'NONE', #8597 ) ;
#8666 = LINE ( 'NONE', #782, #9796 ) ;
#8667 = CARTESIAN_POINT ( 'NONE',  ( 0.5174051459242621220, -0.1443895770494182107, -0.8101321743626034300 ) ) ;
#8668 = EDGE_LOOP ( 'NONE', ( #4081, #8190, #9807, #3621 ) ) ;
#8669 = LINE ( 'NONE', #4169, #3006 ) ;
#8670 = CARTESIAN_POINT ( 'NONE',  ( -1.765014549298226099, 2.000000000000000000, -1.226717068275119171 ) ) ;
#8671 = VERTEX_POINT ( 'NONE', #2957 ) ;
#8672 = EDGE_CURVE ( 'NONE', #5506, #338, #1448, .T. ) ;
#8673 = LINE ( 'NONE', #6480, #1174 ) ;
#8674 = VECTOR ( 'NONE', #2210, 1000.000000000000000 ) ;
#8675 = ORIENTED_EDGE ( 'NONE', *, *, #9610, .T. ) ;
#8676 = LINE ( 'NONE', #1523, #3954 ) ;
#8677 = LINE ( 'NONE', #1628, #10303 ) ;
#8678 = ORIENTED_EDGE ( 'NONE', *, *, #2618, .F. ) ;
#8679 = VECTOR ( 'NONE', #9184, 1000.000000000000000 ) ;
#8680 = ORIENTED_EDGE ( 'NONE', *, *, #3087, .F. ) ;
#8681 = VECTOR ( 'NONE', #7061, 1000.000000000000000 ) ;
#8682 = CARTESIAN_POINT ( 'NONE',  ( -0.01736256296937428376, -2.981555974335137194E-16, -0.9611039310987762319 ) ) ;
#8683 = ADVANCED_FACE ( 'NONE', ( #7817 ), #7037, .F. ) ;
#8684 = CARTESIAN_POINT ( 'NONE',  ( 0.2558339143048378173, 2.000000000000000000, -0.9265911899310566024 ) ) ;
#8685 = EDGE_CURVE ( 'NONE', #9030, #3373, #8654, .T. ) ;
#8686 = DIRECTION ( 'NONE',  ( 0.000000000000000000, -1.000000000000000000, 0.000000000000000000 ) ) ;
#8687 = CARTESIAN_POINT ( 'NONE',  ( 1.981493566476415280, -2.981555974335137194E-16, -0.8329431978499477474 ) ) ;
#8688 = EDGE_CURVE ( 'NONE', #3585, #10329, #7245, .T. ) ;
#8689 = CARTESIAN_POINT ( 'NONE',  ( -1.430330258545874811, -3.006278401112418225E-16, 1.728972275089647681 ) ) ;
#8690 = VERTEX_POINT ( 'NONE', #4847 ) ;
#8691 = ORIENTED_EDGE ( 'NONE', *, *, #10166, .T. ) ;
#8692 = CARTESIAN_POINT ( 'NONE',  ( 2.126385852261808651, -2.981555974335137194E-16, -0.3139973441491870076 ) ) ;
#8693 = CARTESIAN_POINT ( 'NONE',  ( -1.869011007952384062, 2.000000000000000000, 1.241767944784131883 ) ) ;
#8694 = VERTEX_POINT ( 'NONE', #8019 ) ;
#8695 = PLANE ( 'NONE',  #867 ) ;
#8696 = LINE ( 'NONE', #4738, #8457 ) ;
#8697 = LINE ( 'NONE', #1543, #501 ) ;
#8698 = EDGE_CURVE ( 'NONE', #7439, #8861, #866, .T. ) ;
#8699 = CARTESIAN_POINT ( 'NONE',  ( 0.6411484854770967967, -0.1450903546745302697, -0.7162058674269654590 ) ) ;
#8700 = FACE_OUTER_BOUND ( 'NONE', #3167, .T. ) ;
#8701 = LINE ( 'NONE', #5585, #7109 ) ;
#8702 = CARTESIAN_POINT ( 'NONE',  ( 0.9533299039201568181, -0.1456470276146848986, 0.1232246698432228338 ) ) ;
#8703 = VERTEX_POINT ( 'NONE', #82 ) ;
#8704 = LINE ( 'NONE', #3853, #7504 ) ;
#8705 = VECTOR ( 'NONE', #9727, 999.9999999999998863 ) ;
#8706 = EDGE_LOOP ( 'NONE', ( #3095, #3435, #8145, #7231 ) ) ;
#8707 = VERTEX_POINT ( 'NONE', #234 ) ;
#8708 = ORIENTED_EDGE ( 'NONE', *, *, #1809, .T. ) ;
#8709 = EDGE_CURVE ( 'NONE', #7945, #7984, #6512, .T. ) ;
#8710 = ADVANCED_FACE ( 'NONE', ( #4956 ), #1756, .T. ) ;
#8711 = FACE_OUTER_BOUND ( 'NONE', #2138, .T. ) ;
#8712 = EDGE_CURVE ( 'NONE', #7103, #6692, #3369, .T. ) ;
#8713 = DIRECTION ( 'NONE',  ( -0.2458986747546264562, 0.000000000000000000, 0.9692955389115944786 ) ) ;
#8714 = EDGE_CURVE ( 'NONE', #6453, #8653, #2582, .T. ) ;
#8715 = VECTOR ( 'NONE', #4854, 1000.000000000000227 ) ;
#8716 = CARTESIAN_POINT ( 'NONE',  ( 0.6705776782266618108, -0.1456470276146848986, 0.6887291212302023569 ) ) ;
#8717 = ORIENTED_EDGE ( 'NONE', *, *, #4356, .T. ) ;
#8718 = CARTESIAN_POINT ( 'NONE',  ( -1.569990560170332339, 2.000000000000000000, 1.603221574679132067 ) ) ;
#8719 = DIRECTION ( 'NONE',  ( 0.9678627457047271898, 0.000000000000000000, 0.2514790358596650233 ) ) ;
#8720 = VECTOR ( 'NONE', #8993, 1000.000000000000114 ) ;
#8721 = VERTEX_POINT ( 'NONE', #9009 ) ;
#8722 = VECTOR ( 'NONE', #225, 999.9999999999998863 ) ;
#8723 = VERTEX_POINT ( 'NONE', #5057 ) ;
#8724 = EDGE_CURVE ( 'NONE', #8975, #7541, #1073, .T. ) ;
#8725 = FACE_OUTER_BOUND ( 'NONE', #4874, .T. ) ;
#8726 = VECTOR ( 'NONE', #138, 1000.000000000000000 ) ;
#8727 = VECTOR ( 'NONE', #657, 1000.000000000000000 ) ;
#8728 = ORIENTED_EDGE ( 'NONE', *, *, #1221, .F. ) ;
#8729 = DIRECTION ( 'NONE',  ( -0.6188876310076647513, 0.000000000000000000, -0.7854795351794473524 ) ) ;
#8730 = CARTESIAN_POINT ( 'NONE',  ( -0.9473335580173324333, 2.000000000000000000, 0.1630378938179964932 ) ) ;
#8731 = DIRECTION ( 'NONE',  ( -0.6824443384624659936, 0.000000000000000000, -0.7309375656651716513 ) ) ;
#8732 = ORIENTED_EDGE ( 'NONE', *, *, #8450, .F. ) ;
#8733 = PLANE ( 'NONE',  #6909 ) ;
#8734 = CIRCLE ( 'NONE', #4233, 2.450000000000000178 ) ;
#8735 = DIRECTION ( 'NONE',  ( -0.7412141892185430958, 0.000000000000000000, 0.6712685943056608817 ) ) ;
#8736 = DIRECTION ( 'NONE',  ( -0.8227898466237305586, 0.000000000000000000, -0.5683457295457561287 ) ) ;
#8737 = DIRECTION ( 'NONE',  ( 0.002880682490144836037, 0.000000000000000000, 0.9999958508255877287 ) ) ;
#8738 = CARTESIAN_POINT ( 'NONE',  ( -1.263411704741988828, -0.1483595806240759762, 1.738937028518532824 ) ) ;
#8739 = DIRECTION ( 'NONE',  ( -0.9147133463089719418, 0.000000000000000000, -0.4041033210507467555 ) ) ;
#8740 = ORIENTED_EDGE ( 'NONE', *, *, #10193, .F. ) ;
#8741 = EDGE_CURVE ( 'NONE', #2685, #8766, #6416, .T. ) ;
#8742 = ORIENTED_EDGE ( 'NONE', *, *, #7280, .T. ) ;
#8743 = LINE ( 'NONE', #2519, #8411 ) ;
#8744 = VECTOR ( 'NONE', #8879, 1000.000000000000000 ) ;
#8745 = PLANE ( 'NONE',  #887 ) ;
#8746 = ORIENTED_EDGE ( 'NONE', *, *, #1616, .T. ) ;
#8747 = PLANE ( 'NONE',  #5215 ) ;
#8748 = CARTESIAN_POINT ( 'NONE',  ( -2.173425891652584596, -3.006278401112418225E-16, -0.5580409214697079623 ) ) ;
#8749 = CARTESIAN_POINT ( 'NONE',  ( 1.815371723283485617, -0.1478946242935122724, 1.318944761103865160 ) ) ;
#8750 = VECTOR ( 'NONE', #1589, 1000.000000000000000 ) ;
#8751 = DIRECTION ( 'NONE',  ( -0.7450692948612543942, 0.000000000000000000, -0.6669870657328770269 ) ) ;
#8752 = LINE ( 'NONE', #7968, #8088 ) ;
#8753 = DIRECTION ( 'NONE',  ( -0.01806228228074379522, 0.000000000000000000, 0.9998368636726747694 ) ) ;
#8754 = VERTEX_POINT ( 'NONE', #996 ) ;
#8755 = DIRECTION ( 'NONE',  ( 0.5024926696295058948, 0.000000000000000000, -0.8645814692489148801 ) ) ;
#8756 = ORIENTED_EDGE ( 'NONE', *, *, #5271, .T. ) ;
#8757 = ORIENTED_EDGE ( 'NONE', *, *, #7, .F. ) ;
#8758 = VERTEX_POINT ( 'NONE', #157 ) ;
#8759 = DIRECTION ( 'NONE',  ( 0.6555985552359877566, 0.000000000000000000, 0.7551096174546353401 ) ) ;
#8760 = FACE_OUTER_BOUND ( 'NONE', #4263, .T. ) ;
#8761 = DIRECTION ( 'NONE',  ( -0.1489322019259954610, 0.000000000000000000, -0.9888474094770509648 ) ) ;
#8762 = CARTESIAN_POINT ( 'NONE',  ( -0.2558339143048253272, -2.981555974335137194E-16, -0.9265911899310602662 ) ) ;
#8763 = VECTOR ( 'NONE', #8545, 1000.000000000000000 ) ;
#8764 = EDGE_CURVE ( 'NONE', #3632, #4094, #9762, .T. ) ;
#8765 = ADVANCED_FACE ( 'NONE', ( #4183 ), #5815, .F. ) ;
#8766 = VERTEX_POINT ( 'NONE', #8297 ) ;
#8767 = FACE_OUTER_BOUND ( 'NONE', #4834, .T. ) ;
#8768 = EDGE_CURVE ( 'NONE', #3411, #5178, #4929, .T. ) ;
#8769 = FACE_OUTER_BOUND ( 'NONE', #7909, .T. ) ;
#8770 = ORIENTED_EDGE ( 'NONE', *, *, #9800, .F. ) ;
#8771 = FACE_OUTER_BOUND ( 'NONE', #9193, .T. ) ;
#8772 = EDGE_CURVE ( 'NONE', #7171, #6175, #1828, .T. ) ;
#8773 = AXIS2_PLACEMENT_3D ( 'NONE', #577, #10281, #1565 ) ;
#8774 = ORIENTED_EDGE ( 'NONE', *, *, #4351, .F. ) ;
#8775 = CARTESIAN_POINT ( 'NONE',  ( 2.044243080056972417, -0.1458349236714002739, 0.6642148405983581139 ) ) ;
#8776 = VECTOR ( 'NONE', #616, 1000.000000000000000 ) ;
#8777 = ORIENTED_EDGE ( 'NONE', *, *, #457, .F. ) ;
#8778 = LINE ( 'NONE', #691, #2761 ) ;
#8779 = EDGE_CURVE ( 'NONE', #3500, #8694, #8092, .T. ) ;
#8780 = CARTESIAN_POINT ( 'NONE',  ( 0.7026215908543975708, -0.1453987955827127088, -0.6560069550177208830 ) ) ;
#8781 = ORIENTED_EDGE ( 'NONE', *, *, #4828, .F. ) ;
#8782 = CARTESIAN_POINT ( 'NONE',  ( -2.044243080056981743, 2.000000000000000000, 0.6642148405983290260 ) ) ;
#8783 = DIRECTION ( 'NONE',  ( -0.9287121781303329104, 0.000000000000000000, -0.3708014161143574072 ) ) ;
#8784 = CARTESIAN_POINT ( 'NONE',  ( 0.7068805642337542272, 2.000000000000000000, -2.029884477683518540 ) ) ;
#8785 = CARTESIAN_POINT ( 'NONE',  ( 0.6148617368345542511, -2.981555974335137194E-16, 0.7388959801915165881 ) ) ;
#8786 = CARTESIAN_POINT ( 'NONE',  ( 0.9581172076848537555, 2.000000000000000000, 0.07767651707282888229 ) ) ;
#8787 = CARTESIAN_POINT ( 'NONE',  ( -0.09000938839285330118, -0.1427855095417420173, -2.147558947929734341 ) ) ;
#8788 = DIRECTION ( 'NONE',  ( -0.5204888928356649069, 0.000000000000000000, 0.8538684397696776340 ) ) ;
#8789 = VERTEX_POINT ( 'NONE', #5921 ) ;
#8790 = VECTOR ( 'NONE', #1865, 1000.000000000000000 ) ;
#8791 = ORIENTED_EDGE ( 'NONE', *, *, #9645, .T. ) ;
#8792 = PLANE ( 'NONE',  #5406 ) ;
#8793 = ORIENTED_EDGE ( 'NONE', *, *, #1039, .T. ) ;
#8794 = LINE ( 'NONE', #7086, #8727 ) ;
#8795 = PLANE ( 'NONE',  #1243 ) ;
#8796 = ADVANCED_FACE ( 'NONE', ( #5133 ), #7463, .F. ) ;
#8797 = DIRECTION ( 'NONE',  ( -0.000000000000000000, 1.000000000000000000, -0.000000000000000000 ) ) ;
#8798 = VECTOR ( 'NONE', #8984, 999.9999999999998863 ) ;
#8799 = DIRECTION ( 'NONE',  ( 0.3512706128510444392, 0.000000000000000000, 0.9362739751521729215 ) ) ;
#8800 = PLANE ( 'NONE',  #3430 ) ;
#8801 = EDGE_LOOP ( 'NONE', ( #7024, #1230, #2147, #153 ) ) ;
#8802 = DIRECTION ( 'NONE',  ( 0.000000000000000000, -1.000000000000000000, 0.000000000000000000 ) ) ;
#8803 = ORIENTED_EDGE ( 'NONE', *, *, #8954, .F. ) ;
#8804 = ORIENTED_EDGE ( 'NONE', *, *, #8772, .F. ) ;
#8805 = CARTESIAN_POINT ( 'NONE',  ( 0.1408970818120782453, 2.000000000000000000, -2.239494985231587965 ) ) ;
#8806 = ORIENTED_EDGE ( 'NONE', *, *, #8709, .F. ) ;
#8807 = VECTOR ( 'NONE', #6749, 1000.000000000000114 ) ;
#8808 = DIRECTION ( 'NONE',  ( 0.000000000000000000, 1.000000000000000000, -0.000000000000000000 ) ) ;
#8809 = CARTESIAN_POINT ( 'NONE',  ( -0.9612567592082512657, 2.000000000000000000, 0.002769087004209514619 ) ) ;
#8810 = DIRECTION ( 'NONE',  ( 0.3315857306873711829, 0.000000000000000000, -0.9434250914643527164 ) ) ;
#8811 = EDGE_CURVE ( 'NONE', #8943, #7029, #7413, .T. ) ;
#8812 = CARTESIAN_POINT ( 'NONE',  ( -0.2611680761981587939, -2.981555974335137194E-16, 0.9251018651701764517 ) ) ;
#8813 = VECTOR ( 'NONE', #4189, 999.9999999999998863 ) ;
#8814 = VERTEX_POINT ( 'NONE', #7362 ) ;
#8815 = PLANE ( 'NONE',  #4471 ) ;
#8816 = CARTESIAN_POINT ( 'NONE',  ( 1.758547659744511327, 2.000000000000000000, 1.393807700132156269 ) ) ;
#8817 = EDGE_CURVE ( 'NONE', #1413, #7827, #8930, .T. ) ;
#8818 = ORIENTED_EDGE ( 'NONE', *, *, #477, .F. ) ;
#8819 = VECTOR ( 'NONE', #3728, 1000.000000000000114 ) ;
#8820 = VERTEX_POINT ( 'NONE', #6589 ) ;
#8821 = DIRECTION ( 'NONE',  ( 0.9828229611194704285, 0.000000000000000000, -0.1845508794244991591 ) ) ;
#8822 = EDGE_CURVE ( 'NONE', #5087, #1457, #8196, .T. ) ;
#8823 = ORIENTED_EDGE ( 'NONE', *, *, #3545, .T. ) ;
#8824 = DIRECTION ( 'NONE',  ( -0.8427808753721456325, 0.000000000000000000, 0.5382568124111016816 ) ) ;
#8825 = CARTESIAN_POINT ( 'NONE',  ( 0.1828415940552589602, -0.1460293543205271327, -0.9437113840839891354 ) ) ;
#8826 = DIRECTION ( 'NONE',  ( 0.8969888965502825773, 0.000000000000000000, -0.4420530731320693185 ) ) ;
#8827 = ORIENTED_EDGE ( 'NONE', *, *, #7860, .T. ) ;
#8828 = CARTESIAN_POINT ( 'NONE',  ( 0.6988304498648002516, -2.981555974335137194E-16, -0.6600441101230642982 ) ) ;
#8829 = FACE_OUTER_BOUND ( 'NONE', #5951, .T. ) ;
#8830 = VECTOR ( 'NONE', #8001, 1000.000000000000000 ) ;
#8831 = LINE ( 'NONE', #7843, #2181 ) ;
#8832 = ADVANCED_FACE ( 'NONE', ( #4238 ), #7313, .F. ) ;
#8833 = EDGE_CURVE ( 'NONE', #4285, #624, #6640, .T. ) ;
#8834 = DIRECTION ( 'NONE',  ( -0.3654446344290575022, 0.000000000000000000, 0.9308330780365577928 ) ) ;
#8835 = CARTESIAN_POINT ( 'NONE',  ( 0.8410217014933205615, 2.000000000000000000, 0.4655155449430952164 ) ) ;
#8836 = CARTESIAN_POINT ( 'NONE',  ( 1.966364586821989446, -3.006278401112418225E-16, 1.081018079512532815 ) ) ;
#8837 = CARTESIAN_POINT ( 'NONE',  ( -1.189484353158700491, 2.000000000000000000, -1.790317876362337302 ) ) ;
#8838 = VECTOR ( 'NONE', #622, 1000.000000000000000 ) ;
#8839 = CARTESIAN_POINT ( 'NONE',  ( 2.236053101125679898, -3.006278401112418225E-16, -0.1877666250610452170 ) ) ;
#8840 = AXIS2_PLACEMENT_3D ( 'NONE', #4562, #10020, #585 ) ;
#8841 = AXIS2_PLACEMENT_3D ( 'NONE', #937, #7350, #3384 ) ;
#8842 = VERTEX_POINT ( 'NONE', #361 ) ;
#8843 = CARTESIAN_POINT ( 'NONE',  ( 0.8695550808797309905, -0.1450903546745302697, -2.068589794487255773 ) ) ;
#8844 = ORIENTED_EDGE ( 'NONE', *, *, #5692, .T. ) ;
#8845 = LINE ( 'NONE', #8266, #6214 ) ;
#8846 = DIRECTION ( 'NONE',  ( -0.1696083962828205394, 0.000000000000000000, -0.9855115381924099971 ) ) ;
#8847 = AXIS2_PLACEMENT_3D ( 'NONE', #9191, #10181, #2872 ) ;
#8848 = EDGE_CURVE ( 'NONE', #8574, #5551, #5086, .T. ) ;
#8849 = VECTOR ( 'NONE', #2335, 1000.000000000000114 ) ;
#8850 = DIRECTION ( 'NONE',  ( 0.6512372304321191185, 0.000000000000000000, -0.7588742120398497271 ) ) ;
#8851 = FACE_OUTER_BOUND ( 'NONE', #6834, .T. ) ;
#8852 = DIRECTION ( 'NONE',  ( 0.000000000000000000, -1.000000000000000000, 0.000000000000000000 ) ) ;
#8853 = EDGE_LOOP ( 'NONE', ( #10270, #6284 ) ) ;
#8854 = ORIENTED_EDGE ( 'NONE', *, *, #5474, .T. ) ;
#8855 = ORIENTED_EDGE ( 'NONE', *, *, #8120, .F. ) ;
#8856 = CARTESIAN_POINT ( 'NONE',  ( -0.7294759924352679503, -0.1447218629912427057, -0.6260087870205718330 ) ) ;
#8857 = ORIENTED_EDGE ( 'NONE', *, *, #7421, .F. ) ;
#8858 = DIRECTION ( 'NONE',  ( -0.8875345109941208399, 0.000000000000000000, -0.4607412416904165253 ) ) ;
#8859 = CARTESIAN_POINT ( 'NONE',  ( -0.9581172076848543107, -2.981555974335137194E-16, -0.07767651707282210993 ) ) ;
#8860 = CARTESIAN_POINT ( 'NONE',  ( 1.404491242304782173, -0.1496419838468801000, -1.627118764909645687 ) ) ;
#8861 = VERTEX_POINT ( 'NONE', #9703 ) ;
#8862 = FACE_OUTER_BOUND ( 'NONE', #9641, .T. ) ;
#8863 = PLANE ( 'NONE',  #9936 ) ;
#8864 = ORIENTED_EDGE ( 'NONE', *, *, #8950, .T. ) ;
#8865 = CARTESIAN_POINT ( 'NONE',  ( 0.4067776771157838867, 2.000000000000000000, 0.8709501400003756277 ) ) ;
#8866 = EDGE_CURVE ( 'NONE', #8703, #441, #9817, .T. ) ;
#8867 = VERTEX_POINT ( 'NONE', #2661 ) ;
#8868 = ORIENTED_EDGE ( 'NONE', *, *, #5324, .F. ) ;
#8869 = VECTOR ( 'NONE', #5935, 1000.000000000000000 ) ;
#8870 = DIRECTION ( 'NONE',  ( 0.5509898714915115736, 0.000000000000000000, -0.8345119301206948004 ) ) ;
#8871 = ORIENTED_EDGE ( 'NONE', *, *, #7113, .F. ) ;
#8872 = CARTESIAN_POINT ( 'NONE',  ( -1.966364586822005878, -0.1454656455588212438, 1.081018079512505725 ) ) ;
#8873 = VECTOR ( 'NONE', #3920, 999.9999999999998863 ) ;
#8874 = FACE_OUTER_BOUND ( 'NONE', #7874, .T. ) ;
#8875 = CARTESIAN_POINT ( 'NONE',  ( -0.7912632493768453346, -2.981555974335137194E-16, 1.998502838381150948 ) ) ;
#8876 = DIRECTION ( 'NONE',  ( 0.000000000000000000, -1.000000000000000000, 0.000000000000000000 ) ) ;
#8877 = VERTEX_POINT ( 'NONE', #5868 ) ;
#8878 = VERTEX_POINT ( 'NONE', #1101 ) ;
#8879 = DIRECTION ( 'NONE',  ( -0.4472135954999585383, 0.000000000000000000, -0.8944271909999155223 ) ) ;
#8880 = LINE ( 'NONE', #7367, #5556 ) ;
#8881 = AXIS2_PLACEMENT_3D ( 'NONE', #10252, #9617, #6295 ) ;
#8882 = LINE ( 'NONE', #1685, #5160 ) ;
#8883 = CARTESIAN_POINT ( 'NONE',  ( -0.7068805642337409045, 2.000000000000000000, 2.029884477683523869 ) ) ;
#8884 = AXIS2_PLACEMENT_3D ( 'NONE', #2441, #5599, #10278 ) ;
#8885 = AXIS2_PLACEMENT_3D ( 'NONE', #9100, #6702, #7582 ) ;
#8886 = DIRECTION ( 'NONE',  ( 0.9967297739249305621, 0.000000000000000000, 0.08080691660716181335 ) ) ;
#8887 = DIRECTION ( 'NONE',  ( -0.2917883312151576258, 0.000000000000000000, 0.9564829166099483304 ) ) ;
#8888 = AXIS2_PLACEMENT_3D ( 'NONE', #1172, #8952, #2527 ) ;
#8889 = LINE ( 'NONE', #9664, #4389 ) ;
#8890 = EDGE_CURVE ( 'NONE', #7593, #4338, #1729, .T. ) ;
#8891 = EDGE_CURVE ( 'NONE', #9099, #1538, #9652, .T. ) ;
#8892 = CARTESIAN_POINT ( 'NONE',  ( -0.2693968139906703363, -2.981555974335137194E-16, -2.132495364928983062 ) ) ;
#8893 = EDGE_CURVE ( 'NONE', #8364, #5197, #1259, .T. ) ;
#8894 = VECTOR ( 'NONE', #2280, 1000.000000000000000 ) ;
#8895 = ORIENTED_EDGE ( 'NONE', *, *, #5821, .T. ) ;
#8896 = DIRECTION ( 'NONE',  ( -0.9501623903509391900, 0.000000000000000000, 0.3117554040631684842 ) ) ;
#8897 = DIRECTION ( 'NONE',  ( 0.000000000000000000, -1.000000000000000000, 0.000000000000000000 ) ) ;
#8898 = EDGE_LOOP ( 'NONE', ( #1335, #4490, #1447, #3164 ) ) ;
#8899 = DIRECTION ( 'NONE',  ( 0.8645814692489179887, 0.000000000000000000, 0.5024926696295003437 ) ) ;
#8900 = CARTESIAN_POINT ( 'NONE',  ( -2.049925530946074215, -3.006278401112418225E-16, -0.9126856491235341151 ) ) ;
#8901 = PLANE ( 'NONE',  #9832 ) ;
#8902 = CARTESIAN_POINT ( 'NONE',  ( 0.000000000000000000, 0.000000000000000000, 0.000000000000000000 ) ) ;
#8903 = CARTESIAN_POINT ( 'NONE',  ( 1.869011007952365633, -3.006278401112418225E-16, 1.241767944784156752 ) ) ;
#8904 = VECTOR ( 'NONE', #2366, 1000.000000000000114 ) ;
#8905 = ORIENTED_EDGE ( 'NONE', *, *, #2455, .T. ) ;
#8906 = CARTESIAN_POINT ( 'NONE',  ( -17.49999999999997868, -22.29461818466508305, 1.301042606982603546E-15 ) ) ;
#8907 = VECTOR ( 'NONE', #641, 999.9999999999998863 ) ;
#8908 = VERTEX_POINT ( 'NONE', #4451 ) ;
#8909 = ORIENTED_EDGE ( 'NONE', *, *, #9149, .T. ) ;
#8910 = EDGE_CURVE ( 'NONE', #8221, #8340, #420, .T. ) ;
#8911 = CARTESIAN_POINT ( 'NONE',  ( 0.05759418846820252985, -0.1454656455588212438, 0.9595338109837900920 ) ) ;
#8913 = ORIENTED_EDGE ( 'NONE', *, *, #10160, .F. ) ;
#8912 = VECTOR ( 'NONE', #8846, 999.9999999999998863 ) ;
#8914 = DIRECTION ( 'NONE',  ( -0.000000000000000000, 1.000000000000000000, -0.000000000000000000 ) ) ;
#8915 = VECTOR ( 'NONE', #3691, 1000.000000000000114 ) ;
#8916 = DIRECTION ( 'NONE',  ( -0.08080691660715476343, 0.000000000000000000, 0.9967297739249311173 ) ) ;
#8917 = FACE_OUTER_BOUND ( 'NONE', #1703, .T. ) ;
#8918 = ORIENTED_EDGE ( 'NONE', *, *, #931, .T. ) ;
#8919 = DIRECTION ( 'NONE',  ( 0.1639277132441515628, 0.000000000000000000, -0.9864723538095445665 ) ) ;
#8920 = LINE ( 'NONE', #5017, #2279 ) ;
#8921 = ORIENTED_EDGE ( 'NONE', *, *, #1169, .T. ) ;
#8922 = EDGE_LOOP ( 'NONE', ( #236, #8412, #9805, #2997 ) ) ;
#8923 = ORIENTED_EDGE ( 'NONE', *, *, #5472, .T. ) ;
#8924 = DIRECTION ( 'NONE',  ( -0.4093665898583050966, 0.000000000000000000, -0.9123699880573573617 ) ) ;
#8925 = VECTOR ( 'NONE', #8370, 1000.000000000000114 ) ;
#8926 = EDGE_CURVE ( 'NONE', #5279, #58, #5238, .T. ) ;
#8927 = ORIENTED_EDGE ( 'NONE', *, *, #3993, .F. ) ;
#8928 = FACE_OUTER_BOUND ( 'NONE', #3915, .T. ) ;
#8929 = DIRECTION ( 'NONE',  ( -0.2107285608220967332, 0.000000000000000000, -0.9775446146615754950 ) ) ;
#8930 = LINE ( 'NONE', #3396, #5974 ) ;
#8931 = ORIENTED_EDGE ( 'NONE', *, *, #1620, .F. ) ;
#8932 = EDGE_LOOP ( 'NONE', ( #9147, #6053, #2603, #8209 ) ) ;
#8933 = DIRECTION ( 'NONE',  ( -0.6669870657328825780, 0.000000000000000000, 0.7450692948612493982 ) ) ;
#8934 = CARTESIAN_POINT ( 'NONE',  ( 0.3277990464324986863, 2.000000000000000000, 2.219850797170506596 ) ) ;
#8935 = CARTESIAN_POINT ( 'NONE',  ( -2.148972967168876647, -0.1421340054777718021, -0.04501456663477732684 ) ) ;
#8936 = CARTESIAN_POINT ( 'NONE',  ( -1.202353991258270582, -3.006278401112418225E-16, -1.894606728650009897 ) ) ;
#8937 = VECTOR ( 'NONE', #7461, 1000.000000000000000 ) ;
#8938 = CARTESIAN_POINT ( 'NONE',  ( -0.8792780351554245755, -2.981555974335137194E-16, 0.3884486605197689513 ) ) ;
#8939 = CARTESIAN_POINT ( 'NONE',  ( -2.194887756272255075, -3.006278401112418225E-16, 0.4665377947248534607 ) ) ;
#8940 = EDGE_CURVE ( 'NONE', #418, #3585, #8406, .T. ) ;
#8941 = CARTESIAN_POINT ( 'NONE',  ( -0.7821687833936643575, -0.1450903546745302697, -2.103188477247119881 ) ) ;
#8942 = EDGE_CURVE ( 'NONE', #8533, #7376, #4397, .T. ) ;
#8943 = VERTEX_POINT ( 'NONE', #10009 ) ;
#8944 = LINE ( 'NONE', #1791, #9580 ) ;
#8945 = CARTESIAN_POINT ( 'NONE',  ( -0.3277990464325286624, 2.000000000000000000, 2.219850797170501266 ) ) ;
#8946 = ORIENTED_EDGE ( 'NONE', *, *, #2196, .T. ) ;
#8947 = CARTESIAN_POINT ( 'NONE',  ( -0.7294759924352679503, -2.981555974335137194E-16, -0.6260087870205718330 ) ) ;
#8948 = FACE_OUTER_BOUND ( 'NONE', #8402, .T. ) ;
#8949 = EDGE_CURVE ( 'NONE', #1388, #8507, #6007, .T. ) ;
#8950 = EDGE_CURVE ( 'NONE', #2262, #3660, #6744, .T. ) ;
#8951 = CARTESIAN_POINT ( 'NONE',  ( 0.7516106207556875196, 2.000000000000000000, -0.5992526176276885552 ) ) ;
#8952 = DIRECTION ( 'NONE',  ( -0.8345119301207026830, 0.000000000000000000, 0.5509898714915000273 ) ) ;
#8953 = LINE ( 'NONE', #4151, #2588 ) ;
#8954 = EDGE_CURVE ( 'NONE', #853, #5297, #6846, .T. ) ;
#8955 = AXIS2_PLACEMENT_3D ( 'NONE', #557, #4586, #5323 ) ;
#8956 = ORIENTED_EDGE ( 'NONE', *, *, #7598, .F. ) ;
#8957 = ORIENTED_EDGE ( 'NONE', *, *, #4046, .T. ) ;
#8958 = ORIENTED_EDGE ( 'NONE', *, *, #8964, .F. ) ;
#8959 = LINE ( 'NONE', #1855, #412 ) ;
#8960 = VERTEX_POINT ( 'NONE', #5183 ) ;
#8961 = DIRECTION ( 'NONE',  ( 0.000000000000000000, -1.000000000000000000, 0.000000000000000000 ) ) ;
#8962 = VECTOR ( 'NONE', #1603, 1000.000000000000114 ) ;
#8963 = EDGE_CURVE ( 'NONE', #8665, #5991, #2868, .T. ) ;
#8964 = EDGE_CURVE ( 'NONE', #761, #3933, #2091, .T. ) ;
#8965 = DIRECTION ( 'NONE',  ( 0.000000000000000000, -1.000000000000000000, 0.000000000000000000 ) ) ;
#8966 = CARTESIAN_POINT ( 'NONE',  ( -0.9303684665555647104, -2.981555974335137194E-16, 0.2417369260279319254 ) ) ;
#8967 = EDGE_CURVE ( 'NONE', #1605, #2262, #6794, .T. ) ;
#8968 = CARTESIAN_POINT ( 'NONE',  ( 0.09000938839288329107, -2.981555974335137194E-16, -2.147558947929733009 ) ) ;
#8969 = ORIENTED_EDGE ( 'NONE', *, *, #4985, .F. ) ;
#8970 = CARTESIAN_POINT ( 'NONE',  ( -0.9068775087697308335, 2.000000000000000000, 0.3187403473895231709 ) ) ;
#8971 = CARTESIAN_POINT ( 'NONE',  ( -1.904845299228167921, -0.1439148779360118480, 0.9958290570375381012 ) ) ;
#8972 = AXIS2_PLACEMENT_3D ( 'NONE', #4820, #6439, #7837 ) ;
#8973 = ORIENTED_EDGE ( 'NONE', *, *, #1364, .F. ) ;
#8974 = VERTEX_POINT ( 'NONE', #5302 ) ;
#8975 = VERTEX_POINT ( 'NONE', #586 ) ;
#8976 = ORIENTED_EDGE ( 'NONE', *, *, #3236, .T. ) ;
#8977 = VECTOR ( 'NONE', #875, 1000.000000000000000 ) ;
#8978 = EDGE_CURVE ( 'NONE', #8758, #8340, #10077, .T. ) ;
#8979 = CARTESIAN_POINT ( 'NONE',  ( 2.137669494649466539, -2.981555974335137194E-16, 0.2246781174859192043 ) ) ;
#8980 = ORIENTED_EDGE ( 'NONE', *, *, #2322, .F. ) ;
#8981 = DIRECTION ( 'NONE',  ( -0.1016631277507859255, 0.000000000000000000, 0.9948188822373283946 ) ) ;
#8982 = DIRECTION ( 'NONE',  ( -0.08654807566955044495, 0.000000000000000000, 0.9962476753287294873 ) ) ;
#8983 = ORIENTED_EDGE ( 'NONE', *, *, #3725, .T. ) ;
#8984 = DIRECTION ( 'NONE',  ( -0.9828229611194717608, 0.000000000000000000, 0.1845508794244922757 ) ) ;
#8985 = VERTEX_POINT ( 'NONE', #6234 ) ;
#8986 = ORIENTED_EDGE ( 'NONE', *, *, #6835, .T. ) ;
#8987 = DIRECTION ( 'NONE',  ( 0.9035967632308919972, 0.000000000000000000, -0.4283840443791707697 ) ) ;
#8988 = CARTESIAN_POINT ( 'NONE',  ( -2.226228852475058861, -0.1451609609644690935, 0.2812381072119598535 ) ) ;
#8989 = DIRECTION ( 'NONE',  ( 0.000000000000000000, 1.000000000000000000, -0.000000000000000000 ) ) ;
#8990 = LINE ( 'NONE', #3457, #6153 ) ;
#8991 = CARTESIAN_POINT ( 'NONE',  ( 0.8436897371696973069, -2.981555974335137194E-16, -0.4606624060642605656 ) ) ;
#8992 = DIRECTION ( 'NONE',  ( 0.000000000000000000, -1.000000000000000000, 0.000000000000000000 ) ) ;
#8993 = DIRECTION ( 'NONE',  ( 0.4093665898583113694, 0.000000000000000000, 0.9123699880573543641 ) ) ;
#8994 = LINE ( 'NONE', #5144, #6180 ) ;
#8995 = ORIENTED_EDGE ( 'NONE', *, *, #537, .F. ) ;
#8996 = FACE_OUTER_BOUND ( 'NONE', #23, .T. ) ;
#8997 = VERTEX_POINT ( 'NONE', #6805 ) ;
#8998 = EDGE_CURVE ( 'NONE', #4595, #9079, #8469, .T. ) ;
#8999 = ADVANCED_FACE ( 'NONE', ( #637 ), #8570, .F. ) ;
#9000 = CARTESIAN_POINT ( 'NONE',  ( 2.092653697217574660, -2.981555974335137194E-16, 0.4908274934776338805 ) ) ;
#9001 = CARTESIAN_POINT ( 'NONE',  ( -0.4468946144996875369, -2.981555974335137194E-16, -2.102473859139061041 ) ) ;
#9002 = DIRECTION ( 'NONE',  ( -0.8427808753721385271, 0.000000000000000000, -0.5382568124111127839 ) ) ;
#9003 = EDGE_CURVE ( 'NONE', #9079, #249, #6177, .T. ) ;
#9004 = AXIS2_PLACEMENT_3D ( 'NONE', #4467, #8476, #6911 ) ;
#9005 = LINE ( 'NONE', #8270, #10226 ) ;
#9006 = DIRECTION ( 'NONE',  ( -0.7723462619080221359, 0.000000000000000000, -0.6352017409584965746 ) ) ;
#9007 = CARTESIAN_POINT ( 'NONE',  ( 0.5463284409049905532, -2.981555974335137194E-16, -0.7909155831216813093 ) ) ;
#9008 = ORIENTED_EDGE ( 'NONE', *, *, #7923, .T. ) ;
#9009 = CARTESIAN_POINT ( 'NONE',  ( 2.070264362223221966, -2.981555974335137194E-16, 0.5780281959735151798 ) ) ;
#9010 = VERTEX_POINT ( 'NONE', #2044 ) ;
#9011 = DIRECTION ( 'NONE',  ( -0.9382822259387160191, 0.000000000000000000, -0.3458705892201420773 ) ) ;
#9012 = EDGE_LOOP ( 'NONE', ( #1461, #150, #6642, #9 ) ) ;
#9013 = VERTEX_POINT ( 'NONE', #7684 ) ;
#9014 = DIRECTION ( 'NONE',  ( 0.000000000000000000, 0.000000000000000000, -1.000000000000000000 ) ) ;
#9015 = VECTOR ( 'NONE', #5023, 1000.000000000000114 ) ;
#9016 = VECTOR ( 'NONE', #1151, 1000.000000000000227 ) ;
#9017 = ADVANCED_FACE ( 'NONE', ( #8359 ), #6073, .F. ) ;
#9018 = CARTESIAN_POINT ( 'NONE',  ( 1.653273178848926867E-16, 2.000000000000000000, 1.350000000000000089 ) ) ;
#9019 = CARTESIAN_POINT ( 'NONE',  ( -0.9533299039201587055, 2.000000000000000000, 0.1232246698432092336 ) ) ;
#9020 = PLANE ( 'NONE',  #8058 ) ;
#9021 = VERTEX_POINT ( 'NONE', #1370 ) ;
#9022 = LINE ( 'NONE', #1815, #3458 ) ;
#9023 = DIRECTION ( 'NONE',  ( -0.7017186064260393374, 0.000000000000000000, -0.7124542072270311222 ) ) ;
#9024 = VERTEX_POINT ( 'NONE', #7579 ) ;
#9025 = EDGE_CURVE ( 'NONE', #8659, #2154, #9413, .T. ) ;
#9026 = EDGE_CURVE ( 'NONE', #8814, #8587, #2099, .T. ) ;
#9027 = CARTESIAN_POINT ( 'NONE',  ( -1.280637217848593190, -3.006278401112418225E-16, 1.842595477255276393 ) ) ;
#9028 = ADVANCED_FACE ( 'NONE', ( #3620 ), #534, .F. ) ;
#9029 = VERTEX_POINT ( 'NONE', #6904 ) ;
#9030 = VERTEX_POINT ( 'NONE', #7736 ) ;
#9031 = EDGE_CURVE ( 'NONE', #4439, #6022, #2929, .T. ) ;
#9032 = VECTOR ( 'NONE', #7496, 1000.000000000000000 ) ;
#9033 = VERTEX_POINT ( 'NONE', #1420 ) ;
#9034 = CARTESIAN_POINT ( 'NONE',  ( 2.148151099483883719, 2.000000000000000000, -0.6485650548146817407 ) ) ;
#9035 = ORIENTED_EDGE ( 'NONE', *, *, #8712, .F. ) ;
#9036 = DIRECTION ( 'NONE',  ( 0.2917883312151508535, 0.000000000000000000, 0.9564829166099505509 ) ) ;
#9037 = ORIENTED_EDGE ( 'NONE', *, *, #9096, .T. ) ;
#9038 = CARTESIAN_POINT ( 'NONE',  ( -0.9581172076848548658, -2.981555974335137194E-16, 0.07767651707281554574 ) ) ;
#9039 = VECTOR ( 'NONE', #7318, 1000.000000000000000 ) ;
#9040 = ORIENTED_EDGE ( 'NONE', *, *, #832, .F. ) ;
#9041 = ADVANCED_FACE ( 'NONE', ( #4614 ), #5247, .F. ) ;
#9042 = ORIENTED_EDGE ( 'NONE', *, *, #1660, .T. ) ;
#9043 = LINE ( 'NONE', #4651, #6221 ) ;
#9044 = CARTESIAN_POINT ( 'NONE',  ( -0.9605295310403395570, -0.1447179299707544164, 0.03748659714901506068 ) ) ;
#9045 = DIRECTION ( 'NONE',  ( 0.9962476753287289322, 0.000000000000000000, 0.08654807566955791120 ) ) ;
#9046 = DIRECTION ( 'NONE',  ( -0.9817433889756530530, 0.000000000000000000, -0.1902101947914458802 ) ) ;
#9047 = VECTOR ( 'NONE', #389, 1000.000000000000114 ) ;
#9048 = DIRECTION ( 'NONE',  ( 0.000000000000000000, -1.000000000000000000, 0.000000000000000000 ) ) ;
#9049 = AXIS2_PLACEMENT_3D ( 'NONE', #1455, #5644, #7253 ) ;
#9050 = CARTESIAN_POINT ( 'NONE',  ( 2.173425891652589925, -3.006278401112418225E-16, -0.5580409214696777642 ) ) ;
#9051 = VECTOR ( 'NONE', #8425, 1000.000000000000000 ) ;
#9052 = ORIENTED_EDGE ( 'NONE', *, *, #4318, .F. ) ;
#9053 = VERTEX_POINT ( 'NONE', #5358 ) ;
#9054 = LINE ( 'NONE', #5780, #3364 ) ;
#9055 = CARTESIAN_POINT ( 'NONE',  ( 1.966364586822011873, -3.006278401112418225E-16, -1.081018079512491736 ) ) ;
#9056 = VECTOR ( 'NONE', #4009, 1000.000000000000000 ) ;
#9057 = CARTESIAN_POINT ( 'NONE',  ( 0.9303684665555662647, -2.981555974335137194E-16, -0.2417369260279255971 ) ) ;
#9058 = EDGE_CURVE ( 'NONE', #2985, #8185, #7787, .T. ) ;
#9059 = LINE ( 'NONE', #4203, #7553 ) ;
#9060 = DIRECTION ( 'NONE',  ( 0.9692955389115928133, 0.000000000000000000, 0.2458986747546332008 ) ) ;
#9061 = VECTOR ( 'NONE', #8175, 1000.000000000000114 ) ;
#9062 = ORIENTED_EDGE ( 'NONE', *, *, #2511, .T. ) ;
#9063 = CARTESIAN_POINT ( 'NONE',  ( -0.7550506452478080721, 2.000000000000000000, -0.5949123868917636226 ) ) ;
#9064 = ORIENTED_EDGE ( 'NONE', *, *, #4569, .F. ) ;
#9065 = LINE ( 'NONE', #9113, #5568 ) ;
#9066 = ORIENTED_EDGE ( 'NONE', *, *, #8516, .T. ) ;
#9067 = CARTESIAN_POINT ( 'NONE',  ( 0.7550506452478039643, -2.981555974335137194E-16, 0.5949123868917688407 ) ) ;
#9068 = CARTESIAN_POINT ( 'NONE',  ( -0.9408267182697711561, -2.981555974335137194E-16, -0.1971479423075970239 ) ) ;
#9069 = FACE_OUTER_BOUND ( 'NONE', #7527, .T. ) ;
#9070 = LINE ( 'NONE', #8333, #1225 ) ;
#9071 = EDGE_LOOP ( 'NONE', ( #9559, #8484, #9760, #314 ) ) ;
#9072 = CARTESIAN_POINT ( 'NONE',  ( 1.350000000000000089, 3.200000000000000622, 0.000000000000000000 ) ) ;
#9073 = LINE ( 'NONE', #3644, #7778 ) ;
#9074 = ORIENTED_EDGE ( 'NONE', *, *, #801, .T. ) ;
#9075 = LINE ( 'NONE', #9174, #7680 ) ;
#9076 = ORIENTED_EDGE ( 'NONE', *, *, #8635, .T. ) ;
#9077 = ORIENTED_EDGE ( 'NONE', *, *, #6670, .F. ) ;
#9078 = VECTOR ( 'NONE', #6515, 1000.000000000000114 ) ;
#9079 = VERTEX_POINT ( 'NONE', #9196 ) ;
#9080 = ADVANCED_FACE ( 'NONE', ( #2202 ), #8521, .F. ) ;
#9081 = EDGE_CURVE ( 'NONE', #3759, #1923, #6956, .T. ) ;
#9082 = EDGE_CURVE ( 'NONE', #2236, #5518, #2303, .T. ) ;
#9083 = AXIS2_PLACEMENT_3D ( 'NONE', #9278, #6930, #4482 ) ;
#9084 = EDGE_LOOP ( 'NONE', ( #7307, #514, #9751, #6250 ) ) ;
#9085 = CARTESIAN_POINT ( 'NONE',  ( 0.3376626519355266365, -2.981555974335137194E-16, 0.9000034213569713115 ) ) ;
#9086 = ADVANCED_FACE ( 'NONE', ( #7124 ), #8040, .F. ) ;
#9087 = EDGE_LOOP ( 'NONE', ( #6588, #6680, #4785, #9575 ) ) ;
#9088 = LINE ( 'NONE', #7622, #7506 ) ;
#9089 = CARTESIAN_POINT ( 'NONE',  ( -0.1774015163344524471, 2.000000000000000000, -0.9447491344100950039 ) ) ;
#9090 = VERTEX_POINT ( 'NONE', #1577 ) ;
#9091 = ORIENTED_EDGE ( 'NONE', *, *, #517, .F. ) ;
#9092 = PLANE ( 'NONE',  #6820 ) ;
#9093 = LINE ( 'NONE', #476, #4487 ) ;
#9094 = DIRECTION ( 'NONE',  ( 0.8227898466237346664, 0.000000000000000000, -0.5683457295457503555 ) ) ;
#9095 = DIRECTION ( 'NONE',  ( 0.000000000000000000, -1.000000000000000000, 0.000000000000000000 ) ) ;
#9096 = EDGE_CURVE ( 'NONE', #8293, #4108, #8677, .T. ) ;
#9097 = ORIENTED_EDGE ( 'NONE', *, *, #9610, .F. ) ;
#9098 = FACE_OUTER_BOUND ( 'NONE', #9263, .T. ) ;
#9099 = VERTEX_POINT ( 'NONE', #3149 ) ;
#9100 = CARTESIAN_POINT ( 'NONE',  ( -0.8436897371696908676, -0.1478946242935113842, -0.4606624060642723895 ) ) ;
#9101 = ORIENTED_EDGE ( 'NONE', *, *, #10231, .T. ) ;
#9102 = VECTOR ( 'NONE', #5234, 1000.000000000000000 ) ;
#9103 = LINE ( 'NONE', #9884, #8869 ) ;
#9104 = CARTESIAN_POINT ( 'NONE',  ( -0.7258572354296800588, -2.981555974335137194E-16, -0.6302011573622889884 ) ) ;
#9105 = DIRECTION ( 'NONE',  ( -0.000000000000000000, 1.000000000000000000, -0.000000000000000000 ) ) ;
#9106 = LINE ( 'NONE', #6509, #8557 ) ;
#9107 = FACE_OUTER_BOUND ( 'NONE', #3238, .T. ) ;
#9108 = VECTOR ( 'NONE', #4223, 1000.000000000000000 ) ;
#9109 = ORIENTED_EDGE ( 'NONE', *, *, #1568, .F. ) ;
#9110 = FACE_OUTER_BOUND ( 'NONE', #7409, .T. ) ;
#9111 = VERTEX_POINT ( 'NONE', #3094 ) ;
#9112 = CARTESIAN_POINT ( 'NONE',  ( -0.1408970818120627300, -0.1427855095417420173, 2.239494985231587521 ) ) ;
#9113 = CARTESIAN_POINT ( 'NONE',  ( 2.014635500889837338, -0.1453987955827127088, 0.7492362266910719271 ) ) ;
#9114 = EDGE_LOOP ( 'NONE', ( #276, #9227, #3452, #774 ) ) ;
#9115 = ORIENTED_EDGE ( 'NONE', *, *, #8630, .T. ) ;
#9116 = LINE ( 'NONE', #292, #5891 ) ;
#9117 = EDGE_CURVE ( 'NONE', #3478, #2660, #8, .T. ) ;
#9118 = CARTESIAN_POINT ( 'NONE',  ( -0.5508761081120484571, 2.000000000000000000, 0.7877548720748792643 ) ) ;
#9119 = LINE ( 'NONE', #1084, #10047 ) ;
#9120 = CARTESIAN_POINT ( 'NONE',  ( 1.861473433499381880, -0.1454656455588212438, -1.074722187920182037 ) ) ;
#9121 = ORIENTED_EDGE ( 'NONE', *, *, #5762, .F. ) ;
#9122 = CARTESIAN_POINT ( 'NONE',  ( -1.430330258545875921, 2.000000000000000000, 1.728972275089649013 ) ) ;
#9123 = LINE ( 'NONE', #1918, #8105 ) ;
#9124 = ORIENTED_EDGE ( 'NONE', *, *, #7632, .T. ) ;
#9125 = CYLINDRICAL_SURFACE ( 'NONE', #1841, 1.350000000000000089 ) ;
#9126 = AXIS2_PLACEMENT_3D ( 'NONE', #2087, #1356, #3552 ) ;
#9127 = ORIENTED_EDGE ( 'NONE', *, *, #4437, .F. ) ;
#9128 = ORIENTED_EDGE ( 'NONE', *, *, #10206, .T. ) ;
#9129 = ADVANCED_FACE ( 'NONE', ( #7989 ), #5561, .F. ) ;
#9130 = ORIENTED_EDGE ( 'NONE', *, *, #7946, .F. ) ;
#9131 = ADVANCED_FACE ( 'NONE', ( #4669 ), #60, .F. ) ;
#9132 = AXIS2_PLACEMENT_3D ( 'NONE', #10289, #7070, #896 ) ;
#9133 = ORIENTED_EDGE ( 'NONE', *, *, #7179, .T. ) ;
#9134 = DIRECTION ( 'NONE',  ( -0.8073204149380862615, 0.000000000000000000, -0.5901133345588764900 ) ) ;
#9135 = LINE ( 'NONE', #2918, #8937 ) ;
#9136 = ORIENTED_EDGE ( 'NONE', *, *, #31, .T. ) ;
#9137 = CARTESIAN_POINT ( 'NONE',  ( -2.086346706177051757, -0.1453987955827127088, -0.8260430970383749738 ) ) ;
#9138 = VERTEX_POINT ( 'NONE', #6388 ) ;
#9139 = ORIENTED_EDGE ( 'NONE', *, *, #151, .T. ) ;
#9140 = AXIS2_PLACEMENT_3D ( 'NONE', #6045, #4481, #7654 ) ;
#9141 = LINE ( 'NONE', #1003, #3014 ) ;
#9142 = PLANE ( 'NONE',  #9484 ) ;
#9143 = EDGE_CURVE ( 'NONE', #8299, #8878, #5461, .T. ) ;
#9144 = VECTOR ( 'NONE', #266, 999.9999999999998863 ) ;
#9145 = ORIENTED_EDGE ( 'NONE', *, *, #4232, .T. ) ;
#9146 = PLANE ( 'NONE',  #1874 ) ;
#9147 = ORIENTED_EDGE ( 'NONE', *, *, #7678, .T. ) ;
#9148 = ADVANCED_FACE ( 'NONE', ( #748 ), #5611, .F. ) ;
#9149 = EDGE_CURVE ( 'NONE', #8671, #7593, #4771, .T. ) ;
#9150 = LINE ( 'NONE', #432, #10223 ) ;
#9151 = ORIENTED_EDGE ( 'NONE', *, *, #5722, .T. ) ;
#9152 = VECTOR ( 'NONE', #8834, 1000.000000000000114 ) ;
#9153 = CARTESIAN_POINT ( 'NONE',  ( 0.000000000000000000, 0.000000000000000000, 0.000000000000000000 ) ) ;
#9154 = CARTESIAN_POINT ( 'NONE',  ( -0.4067776771157778359, -0.1491166960093065208, -0.8709501400003784033 ) ) ;
#9155 = CARTESIAN_POINT ( 'NONE',  ( 0.8947733005277438423, 2.000000000000000000, 0.3512875825147747655 ) ) ;
#9156 = PLANE ( 'NONE',  #3096 ) ;
#9157 = ORIENTED_EDGE ( 'NONE', *, *, #2584, .F. ) ;
#9158 = CARTESIAN_POINT ( 'NONE',  ( -0.7821687833936789014, -0.1456470276146848986, 2.103188477247114996 ) ) ;
#9159 = ORIENTED_EDGE ( 'NONE', *, *, #4224, .T. ) ;
#9160 = PLANE ( 'NONE',  #409 ) ;
#9161 = CARTESIAN_POINT ( 'NONE',  ( 0.4468946144997159586, -2.981555974335137194E-16, -2.102473859139055268 ) ) ;
#9162 = ORIENTED_EDGE ( 'NONE', *, *, #788, .F. ) ;
#9163 = EDGE_CURVE ( 'NONE', #6923, #4930, #693, .T. ) ;
#9164 = CARTESIAN_POINT ( 'NONE',  ( 0.5789693251283226649, 2.000000000000000000, -0.7673439551640719447 ) ) ;
#9165 = VECTOR ( 'NONE', #384, 1000.000000000000000 ) ;
#9166 = LINE ( 'NONE', #8966, #4570 ) ;
#9167 = DIRECTION ( 'NONE',  ( -0.7450692948612637201, 0.000000000000000000, 0.6669870657328665908 ) ) ;
#9168 = LINE ( 'NONE', #451, #8915 ) ;
#9169 = ORIENTED_EDGE ( 'NONE', *, *, #7691, .F. ) ;
#9170 = FACE_OUTER_BOUND ( 'NONE', #5261, .T. ) ;
#9171 = CARTESIAN_POINT ( 'NONE',  ( 1.597348465557262509, 2.000000000000000000, 1.438259018540742673 ) ) ;
#9172 = VECTOR ( 'NONE', #4140, 1000.000000000000000 ) ;
#9173 = VERTEX_POINT ( 'NONE', #5662 ) ;
#9174 = CARTESIAN_POINT ( 'NONE',  ( 0.9317457544248208823, 2.000000000000000000, -0.2363727439399643249 ) ) ;
#9175 = VECTOR ( 'NONE', #845, 1000.000000000000000 ) ;
#9176 = VECTOR ( 'NONE', #6329, 1000.000000000000000 ) ;
#9177 = ORIENTED_EDGE ( 'NONE', *, *, #1989, .T. ) ;
#9178 = ORIENTED_EDGE ( 'NONE', *, *, #7592, .T. ) ;
#9179 = CARTESIAN_POINT ( 'NONE',  ( -0.9317457544248193280, 2.000000000000000000, 0.2363727439399704866 ) ) ;
#9180 = DIRECTION ( 'NONE',  ( -0.6555985552359933077, 0.000000000000000000, -0.7551096174546304551 ) ) ;
#9181 = VECTOR ( 'NONE', #4775, 999.9999999999998863 ) ;
#9182 = ORIENTED_EDGE ( 'NONE', *, *, #4201, .T. ) ;
#9183 = DIRECTION ( 'NONE',  ( -0.1016631277507650533, 0.000000000000000000, -0.9948188822373305040 ) ) ;
#9185 = ADVANCED_FACE ( 'NONE', ( #7948 ), #7265, .F. ) ;
#9184 = DIRECTION ( 'NONE',  ( 0.000000000000000000, -1.000000000000000000, 0.000000000000000000 ) ) ;
#9186 = CARTESIAN_POINT ( 'NONE',  ( 0.4204692142881446548, -3.006278401112418225E-16, 2.204176811505034639 ) ) ;
#9187 = ORIENTED_EDGE ( 'NONE', *, *, #9274, .T. ) ;
#9188 = CARTESIAN_POINT ( 'NONE',  ( -1.356673771595333644, -0.1491166960093056604, -1.787351687275303913 ) ) ;
#9189 = EDGE_LOOP ( 'NONE', ( #6641, #2222, #8546, #9752 ) ) ;
#9190 = ORIENTED_EDGE ( 'NONE', *, *, #4947, .F. ) ;
#9191 = CARTESIAN_POINT ( 'NONE',  ( -0.7258572354296800588, -0.1460357895205570966, -0.6302011573622889884 ) ) ;
#9192 = DIRECTION ( 'NONE',  ( -0.3901695736214356725, 0.000000000000000000, -0.9207430172529506018 ) ) ;
#9193 = EDGE_LOOP ( 'NONE', ( #4605, #3942, #10089, #3258 ) ) ;
#9194 = VECTOR ( 'NONE', #227, 1000.000000000000000 ) ;
#9195 = CARTESIAN_POINT ( 'NONE',  ( -0.6212577703813256802, 2.000000000000000000, -2.057705009852662581 ) ) ;
#9196 = CARTESIAN_POINT ( 'NONE',  ( 1.501477460193405333, 2.000000000000000000, 1.667559658024787783 ) ) ;
#9197 = ORIENTED_EDGE ( 'NONE', *, *, #213, .T. ) ;
#9198 = FILL_AREA_STYLE ('',( #9253 ) ) ;
#9199 = ORIENTED_EDGE ( 'NONE', *, *, #1414, .T. ) ;
#9200 = DIRECTION ( 'NONE',  ( 0.8227898466237346664, 0.000000000000000000, -0.5683457295457504665 ) ) ;
#9201 = FACE_OUTER_BOUND ( 'NONE', #5075, .T. ) ;
#9202 = VECTOR ( 'NONE', #4111, 1000.000000000000000 ) ;
#9203 = CARTESIAN_POINT ( 'NONE',  ( -2.236053101125679010, -0.1443895770494173503, 0.1877666250610602328 ) ) ;
#9204 = EDGE_CURVE ( 'NONE', #4630, #5495, #10242, .T. ) ;
#9205 = EDGE_CURVE ( 'NONE', #4231, #5677, #3197, .T. ) ;
#9206 = EDGE_CURVE ( 'NONE', #997, #1127, #6283, .T. ) ;
#9207 = CARTESIAN_POINT ( 'NONE',  ( 0.7793006826606583282, -0.1439148779360118480, -0.5627723082837490232 ) ) ;
#9208 = LINE ( 'NONE', #9365, #8925 ) ;
#9209 = ORIENTED_EDGE ( 'NONE', *, *, #595, .F. ) ;
#9210 = CARTESIAN_POINT ( 'NONE',  ( -17.49999999999997868, 4.200000000000000178, 1.301042606982603546E-15 ) ) ;
#9211 = ADVANCED_FACE ( 'NONE', ( #4084 ), #9462, .F. ) ;
#9212 = ORIENTED_EDGE ( 'NONE', *, *, #5037, .F. ) ;
#9213 = LINE ( 'NONE', #9266, #4920 ) ;
#9214 = ORIENTED_EDGE ( 'NONE', *, *, #672, .T. ) ;
#9215 = VERTEX_POINT ( 'NONE', #2308 ) ;
#9216 = LINE ( 'NONE', #2900, #4200 ) ;
#9217 = DIRECTION ( 'NONE',  ( 0.7412141892185474257, 0.000000000000000000, -0.6712685943056559967 ) ) ;
#9218 = VECTOR ( 'NONE', #4548, 1000.000000000000000 ) ;
#9219 = AXIS2_PLACEMENT_3D ( 'NONE', #10041, #2897, #6249 ) ;
#9220 = LINE ( 'NONE', #10049, #10058 ) ;
#9221 = CARTESIAN_POINT ( 'NONE',  ( -0.6212577703813398911, 2.000000000000000000, 2.057705009852658140 ) ) ;
#9222 = DIRECTION ( 'NONE',  ( 0.3654446344290637749, 0.000000000000000000, -0.9308330780365553503 ) ) ;
#9223 = EDGE_CURVE ( 'NONE', #2909, #4230, #10050, .T. ) ;
#9224 = VERTEX_POINT ( 'NONE', #9221 ) ;
#9225 = DIRECTION ( 'NONE',  ( -0.000000000000000000, 1.000000000000000000, -0.000000000000000000 ) ) ;
#9226 = ORIENTED_EDGE ( 'NONE', *, *, #2642, .F. ) ;
#9227 = ORIENTED_EDGE ( 'NONE', *, *, #6171, .T. ) ;
#9228 = VECTOR ( 'NONE', #5014, 1000.000000000000000 ) ;
#9229 = VERTEX_POINT ( 'NONE', #8979 ) ;
#9230 = VERTEX_POINT ( 'NONE', #1823 ) ;
#9231 = CARTESIAN_POINT ( 'NONE',  ( 0.02289952236471387570, -2.981555974335137194E-16, 0.9609879483333050310 ) ) ;
#9232 = CARTESIAN_POINT ( 'NONE',  ( 2.049925530946066221, 2.000000000000000000, 0.9126856491235485480 ) ) ;
#9233 = CARTESIAN_POINT ( 'NONE',  ( -0.3277990464325140629, -3.006278401112418225E-16, -2.219850797170503043 ) ) ;
#9234 = ORIENTED_EDGE ( 'NONE', *, *, #1679, .F. ) ;
#9235 = DIRECTION ( 'NONE',  ( -0.000000000000000000, 1.000000000000000000, -0.000000000000000000 ) ) ;
#9236 = LINE ( 'NONE', #6843, #9514 ) ;
#9237 = DIRECTION ( 'NONE',  ( -0.9982034669914620073, 0.000000000000000000, -0.05991526087922019461 ) ) ;
#9238 = ORIENTED_EDGE ( 'NONE', *, *, #5578, .T. ) ;
#9239 = AXIS2_PLACEMENT_3D ( 'NONE', #10249, #3830, #10136 ) ;
#9240 = VECTOR ( 'NONE', #7588, 1000.000000000000000 ) ;
#9241 = CARTESIAN_POINT ( 'NONE',  ( -0.5833806464172522910, 2.000000000000000000, 0.7639955800606279546 ) ) ;
#9242 = EDGE_LOOP ( 'NONE', ( #1482, #1023, #4931, #5354 ) ) ;
#9243 = ORIENTED_EDGE ( 'NONE', *, *, #5790, .T. ) ;
#9244 = AXIS2_PLACEMENT_3D ( 'NONE', #9779, #8316, #7432 ) ;
#9245 = EDGE_CURVE ( 'NONE', #1654, #9603, #2954, .T. ) ;
#9246 = DIRECTION ( 'NONE',  ( 0.9060498331306446884, 0.000000000000000000, -0.4231710054858802694 ) ) ;
#9247 = AXIS2_PLACEMENT_3D ( 'NONE', #2785, #5211, #8376 ) ;
#9248 = ORIENTED_EDGE ( 'NONE', *, *, #8172, .F. ) ;
#9249 = DIRECTION ( 'NONE',  ( 0.000000000000000000, -1.000000000000000000, 0.000000000000000000 ) ) ;
#9250 = CARTESIAN_POINT ( 'NONE',  ( -0.2221997420524690348, -2.981555974335137194E-16, -0.9352269775825562403 ) ) ;
#9251 = ORIENTED_EDGE ( 'NONE', *, *, #5592, .T. ) ;
#9252 = ORIENTED_EDGE ( 'NONE', *, *, #2306, .F. ) ;
#9253 = FILL_AREA_STYLE_COLOUR ( '', #3896 ) ;
#9254 = ORIENTED_EDGE ( 'NONE', *, *, #986, .F. ) ;
#9255 = CARTESIAN_POINT ( 'NONE',  ( -0.7026215908543927968, -2.981555974335137194E-16, 0.6560069550177258790 ) ) ;
#9256 = CARTESIAN_POINT ( 'NONE',  ( 0.8927345626982020610, -0.1439142420261020350, 0.3564368464825666827 ) ) ;
#9257 = EDGE_CURVE ( 'NONE', #7171, #2799, #7762, .T. ) ;
#9258 = LINE ( 'NONE', #5310, #8160 ) ;
#9259 = AXIS2_PLACEMENT_3D ( 'NONE', #1122, #7384, #6612 ) ;
#9260 = LINE ( 'NONE', #385, #8054 ) ;
#9261 = ADVANCED_FACE ( 'NONE', ( #2121 ), #4284, .F. ) ;
#9262 = DIRECTION ( 'NONE',  ( -0.04475363562197141876, 0.000000000000000000, -0.9989980541015160975 ) ) ;
#9263 = EDGE_LOOP ( 'NONE', ( #1526, #10056, #6204, #7276 ) ) ;
#9264 = APPLICATION_CONTEXT ( 'automotive_design' ) ;
#9265 = EDGE_LOOP ( 'NONE', ( #772, #9457, #1089, #2808 ) ) ;
#9266 = CARTESIAN_POINT ( 'NONE',  ( 2.236053101125675902, -0.1433794608872670517, 0.1877666250610899312 ) ) ;
#9267 = ORIENTED_EDGE ( 'NONE', *, *, #3665, .F. ) ;
#9268 = ORIENTED_EDGE ( 'NONE', *, *, #978, .F. ) ;
#9269 = ADVANCED_FACE ( 'NONE', ( #561 ), #6881, .F. ) ;
#9270 = DIRECTION ( 'NONE',  ( -0.8227898466237386632, 0.000000000000000000, 0.5683457295457446934 ) ) ;
#9271 = ADVANCED_FACE ( 'NONE', ( #1291 ), #3796, .F. ) ;
#9272 = CARTESIAN_POINT ( 'NONE',  ( -0.02289952236472731981, 2.000000000000000000, 0.9609879483333045869 ) ) ;
#9273 = CARTESIAN_POINT ( 'NONE',  ( 2.241954552820974111, 2.000000000000000000, 0.09396573644630502875 ) ) ;
#9274 = EDGE_CURVE ( 'NONE', #2022, #2310, #9277, .T. ) ;
#9275 = VECTOR ( 'NONE', #8982, 1000.000000000000114 ) ;
#9276 = LINE ( 'NONE', #3640, #6238 ) ;
#9277 = LINE ( 'NONE', #7457, #1472 ) ;
#9278 = CARTESIAN_POINT ( 'NONE',  ( 0.2611680761981456378, -0.1456920279732068779, 0.9251018651701803375 ) ) ;
#9279 = ORIENTED_EDGE ( 'NONE', *, *, #4638, .F. ) ;
#9280 = CARTESIAN_POINT ( 'NONE',  ( 0.2944111163135983977, -0.1499926892710059800, -0.9150651996209711037 ) ) ;
#9281 = VERTEX_POINT ( 'NONE', #6101 ) ;
#9282 = VERTEX_POINT ( 'NONE', #1343 ) ;
#9283 = EDGE_LOOP ( 'NONE', ( #8378, #9398, #8431, #6996 ) ) ;
#9284 = EDGE_CURVE ( 'NONE', #3820, #7534, #8490, .T. ) ;
#9285 = EDGE_CURVE ( 'NONE', #7376, #873, #5273, .T. ) ;
#9286 = LINE ( 'NONE', #7466, #2531 ) ;
#9287 = FACE_OUTER_BOUND ( 'NONE', #7205, .T. ) ;
#9288 = LINE ( 'NONE', #9394, #2169 ) ;
#9289 = LINE ( 'NONE', #6165, #559 ) ;
#9290 = VERTEX_POINT ( 'NONE', #7706 ) ;
#9291 = CARTESIAN_POINT ( 'NONE',  ( 0.8770254568504708415, -2.981555974335137194E-16, -0.3935080342287944344 ) ) ;
#9292 = LINE ( 'NONE', #3553, #1601 ) ;
#9293 = VECTOR ( 'NONE', #4807, 1000.000000000000227 ) ;
#9294 = AXIS2_PLACEMENT_3D ( 'NONE', #6498, #4090, #8737 ) ;
#9295 = VERTEX_POINT ( 'NONE', #9034 ) ;
#9296 = ORIENTED_EDGE ( 'NONE', *, *, #2695, .F. ) ;
#9297 = EDGE_CURVE ( 'NONE', #8059, #9512, #3444, .T. ) ;
#9298 = CARTESIAN_POINT ( 'NONE',  ( -0.02289952236472731981, -2.981555974335137194E-16, 0.9609879483333045869 ) ) ;
#9299 = VECTOR ( 'NONE', #7288, 1000.000000000000000 ) ;
#9300 = EDGE_LOOP ( 'NONE', ( #9668, #40, #5278, #2049 ) ) ;
#9301 = DIRECTION ( 'NONE',  ( -0.4420530731320692075, 0.000000000000000000, -0.8969888965502824663 ) ) ;
#9302 = CARTESIAN_POINT ( 'NONE',  ( 0.5508761081120544523, -0.1451609609644690935, -0.7877548720748752675 ) ) ;
#9303 = AXIS2_PLACEMENT_3D ( 'NONE', #10276, #4752, #2439 ) ;
#9304 = VERTEX_POINT ( 'NONE', #5380 ) ;
#9305 = CARTESIAN_POINT ( 'NONE',  ( 0.01736256296938772786, -2.981555974335137194E-16, -0.9611039310987760098 ) ) ;
#9306 = VERTEX_POINT ( 'NONE', #2602 ) ;
#9307 = PLANE ( 'NONE',  #11 ) ;
#9308 = LINE ( 'NONE', #6910, #8315 ) ;
#9309 = DIRECTION ( 'NONE',  ( -0.2458986747546264562, 0.000000000000000000, 0.9692955389115944786 ) ) ;
#9310 = CARTESIAN_POINT ( 'NONE',  ( 0.4468946144996720493, 2.000000000000000000, 2.102473859139064150 ) ) ;
#9311 = VECTOR ( 'NONE', #6163, 1000.000000000000227 ) ;
#9312 = LINE ( 'NONE', #9364, #3407 ) ;
#9313 = CARTESIAN_POINT ( 'NONE',  ( -0.9482571523558132043, -0.1483595806240759762, 0.1575772761930818999 ) ) ;
#9314 = VERTEX_POINT ( 'NONE', #8544 ) ;
#9315 = EDGE_CURVE ( 'NONE', #4817, #8352, #6686, .T. ) ;
#9316 = VERTEX_POINT ( 'NONE', #3744 ) ;
#9317 = DIRECTION ( 'NONE',  ( 0.000000000000000000, -1.000000000000000000, 0.000000000000000000 ) ) ;
#9318 = ORIENTED_EDGE ( 'NONE', *, *, #2391, .T. ) ;
#9319 = ORIENTED_EDGE ( 'NONE', *, *, #4756, .T. ) ;
#9320 = LINE ( 'NONE', #10258, #5574 ) ;
#9321 = LINE ( 'NONE', #7759, #3972 ) ;
#9322 = EDGE_CURVE ( 'NONE', #2842, #1964, #6929, .T. ) ;
#9323 = DIRECTION ( 'NONE',  ( 0.000000000000000000, -1.000000000000000000, 0.000000000000000000 ) ) ;
#9324 = LINE ( 'NONE', #2173, #6570 ) ;
#9325 = CARTESIAN_POINT ( 'NONE',  ( -0.06312143415529800072, 2.000000000000000000, 0.9591860661605572380 ) ) ;
#9326 = CARTESIAN_POINT ( 'NONE',  ( -1.121961427204661188, -0.1461575717926111573, -1.943294196050989964 ) ) ;
#9327 = VERTEX_POINT ( 'NONE', #2656 ) ;
#9328 = DIRECTION ( 'NONE',  ( 0.04475363562199189543, 0.000000000000000000, -0.9989980541015152093 ) ) ;
#9329 = ORIENTED_EDGE ( 'NONE', *, *, #7355, .F. ) ;
#9330 = DIRECTION ( 'NONE',  ( 0.3512706128510633130, 0.000000000000000000, -0.9362739751521659270 ) ) ;
#9331 = VECTOR ( 'NONE', #3256, 1000.000000000000000 ) ;
#9332 = VERTEX_POINT ( 'NONE', #1875 ) ;
#9333 = PLANE ( 'NONE',  #3546 ) ;
#9334 = LINE ( 'NONE', #6837, #2640 ) ;
#9335 = DIRECTION ( 'NONE',  ( -0.1073929313708781724, 0.000000000000000000, -0.9942166556096160290 ) ) ;
#9336 = VECTOR ( 'NONE', #8924, 999.9999999999998863 ) ;
#9337 = CARTESIAN_POINT ( 'NONE',  ( -0.8622402173287510019, 2.000000000000000000, -0.4249282675784877839 ) ) ;
#9338 = VECTOR ( 'NONE', #7283, 1000.000000000000114 ) ;
#9339 = EDGE_CURVE ( 'NONE', #3319, #1853, #6150, .T. ) ;
#9340 = ADVANCED_FACE ( 'NONE', ( #9859 ), #2848, .F. ) ;
#9341 = ORIENTED_EDGE ( 'NONE', *, *, #7107, .T. ) ;
#9342 = LINE ( 'NONE', #2189, #3793 ) ;
#9343 = ADVANCED_FACE ( 'NONE', ( #504 ), #7033, .F. ) ;
#9344 = LINE ( 'NONE', #3929, #6112 ) ;
#9345 = VECTOR ( 'NONE', #7216, 1000.000000000000000 ) ;
#9346 = ORIENTED_EDGE ( 'NONE', *, *, #9163, .F. ) ;
#9347 = ADVANCED_FACE ( 'NONE', ( #6361 ), #2333, .F. ) ;
#9348 = ORIENTED_EDGE ( 'NONE', *, *, #5404, .F. ) ;
#9349 = VECTOR ( 'NONE', #7627, 1000.000000000000000 ) ;
#9350 = VECTOR ( 'NONE', #3121, 999.9999999999998863 ) ;
#9351 = DIRECTION ( 'NONE',  ( 0.9997162067481563108, 0.000000000000000000, 0.02382238369847871490 ) ) ;
#9352 = ORIENTED_EDGE ( 'NONE', *, *, #7421, .T. ) ;
#9353 = DIRECTION ( 'NONE',  ( 0.000000000000000000, -1.000000000000000000, 0.000000000000000000 ) ) ;
#9354 = ADVANCED_FACE ( 'NONE', ( #8700 ), #9487, .F. ) ;
#9355 = CARTESIAN_POINT ( 'NONE',  ( -1.815371723283504046, -3.006278401112418225E-16, 1.318944761103839847 ) ) ;
#9356 = CARTESIAN_POINT ( 'NONE',  ( 1.501477460193404889, -0.1499342098531318279, 1.667559658024787783 ) ) ;
#9357 = ORIENTED_EDGE ( 'NONE', *, *, #9206, .F. ) ;
#9358 = CARTESIAN_POINT ( 'NONE',  ( 2.173425891652577935, -0.1459816899409631941, 0.5580409214697231723 ) ) ;
#9359 = ORIENTED_EDGE ( 'NONE', *, *, #8866, .T. ) ;
#9360 = CARTESIAN_POINT ( 'NONE',  ( 0.5463284409049850021, 2.000000000000000000, 0.7909155831216849730 ) ) ;
#9361 = CARTESIAN_POINT ( 'NONE',  ( -0.2345538076625764967, -3.006278401112418225E-16, 2.231630410227368522 ) ) ;
#9362 = CARTESIAN_POINT ( 'NONE',  ( 2.250000000000000000, 2.000000000000000000, 0.000000000000000000 ) ) ;
#9363 = DIRECTION ( 'NONE',  ( -0.2107285608221098616, 0.000000000000000000, 0.9775446146615726084 ) ) ;
#9364 = CARTESIAN_POINT ( 'NONE',  ( -1.121961427204674733, -0.1447179299707552769, 1.943294196050981748 ) ) ;
#9365 = CARTESIAN_POINT ( 'NONE',  ( -0.05759418846821597049, -2.981555974335137194E-16, 0.9595338109837893148 ) ) ;
#9366 = ORIENTED_EDGE ( 'NONE', *, *, #2695, .T. ) ;
#9367 = ORIENTED_EDGE ( 'NONE', *, *, #2486, .F. ) ;
#9368 = DIRECTION ( 'NONE',  ( 0.9942166556096152519, 0.000000000000000000, 0.1073929313708850281 ) ) ;
#9369 = DIRECTION ( 'NONE',  ( 0.08654807566955789733, 0.000000000000000000, -0.9962476753287288211 ) ) ;
#9370 = ORIENTED_EDGE ( 'NONE', *, *, #90, .F. ) ;
#9371 = ORIENTED_EDGE ( 'NONE', *, *, #10014, .T. ) ;
#9372 = VECTOR ( 'NONE', #3418, 999.9999999999998863 ) ;
#9373 = DIRECTION ( 'NONE',  ( -0.7982682711663799946, 0.000000000000000000, -0.6023020564874728144 ) ) ;
#9374 = CARTESIAN_POINT ( 'NONE',  ( -0.5127291109526480595, -2.981555974335137194E-16, -0.8130996763915810943 ) ) ;
#9375 = EDGE_CURVE ( 'NONE', #9229, #6765, #6981, .T. ) ;
#9376 = PLANE ( 'NONE',  #6011 ) ;
#9377 = VECTOR ( 'NONE', #928, 999.9999999999998863 ) ;
#9378 = LINE ( 'NONE', #6044, #9401 ) ;
#9379 = LINE ( 'NONE', #4692, #2969 ) ;
#9380 = DIRECTION ( 'NONE',  ( 0.6824443384624812037, 0.000000000000000000, -0.7309375656651574404 ) ) ;
#9381 = DIRECTION ( 'NONE',  ( 0.03899732433764601519, 0.000000000000000000, -0.9992393150264378132 ) ) ;
#9382 = EDGE_LOOP ( 'NONE', ( #2898, #1406, #807, #6900 ) ) ;
#9383 = DIRECTION ( 'NONE',  ( -0.8645814692489147690, 0.000000000000000000, -0.5024926696295057837 ) ) ;
#9384 = CARTESIAN_POINT ( 'NONE',  ( 0.8236591385239325769, -0.1467932918244574947, 0.4955883861556886205 ) ) ;
#9385 = EDGE_LOOP ( 'NONE', ( #5024, #4596, #821, #1373 ) ) ;
#9386 = ORIENTED_EDGE ( 'NONE', *, *, #10103, .T. ) ;
#9387 = VECTOR ( 'NONE', #825, 1000.000000000000227 ) ;
#9388 = AXIS2_PLACEMENT_3D ( 'NONE', #7734, #8413, #428 ) ;
#9389 = ORIENTED_EDGE ( 'NONE', *, *, #2197, .T. ) ;
#9390 = LINE ( 'NONE', #6055, #9865 ) ;
#9391 = VECTOR ( 'NONE', #7048, 1000.000000000000114 ) ;
#9392 = VECTOR ( 'NONE', #9317, 1000.000000000000000 ) ;
#9393 = CARTESIAN_POINT ( 'NONE',  ( 0.02289952236473404013, -2.981555974335137194E-16, -0.9609879483333043648 ) ) ;
#9394 = CARTESIAN_POINT ( 'NONE',  ( -2.111371806538508533, -0.1456920279732068779, 0.4027657127738599185 ) ) ;
#9395 = VECTOR ( 'NONE', #4363, 1000.000000000000000 ) ;
#9396 = EDGE_CURVE ( 'NONE', #9316, #4065, #7921, .T. ) ;
#9397 = LINE ( 'NONE', #4600, #9218 ) ;
#9398 = ORIENTED_EDGE ( 'NONE', *, *, #10193, .T. ) ;
#9399 = PLANE ( 'NONE',  #8124 ) ;
#9400 = DIRECTION ( 'NONE',  ( -0.9229756359820546763, 0.000000000000000000, 0.3848583835432478062 ) ) ;
#9401 = VECTOR ( 'NONE', #4639, 1000.000000000000000 ) ;
#9402 = ORIENTED_EDGE ( 'NONE', *, *, #9025, .F. ) ;
#9403 = ORIENTED_EDGE ( 'NONE', *, *, #7443, .T. ) ;
#9404 = EDGE_CURVE ( 'NONE', #8481, #7186, #5584, .T. ) ;
#9405 = EDGE_CURVE ( 'NONE', #3613, #5912, #4791, .T. ) ;
#9406 = EDGE_CURVE ( 'NONE', #4439, #5087, #9379, .T. ) ;
#9407 = PLANE ( 'NONE',  #8847 ) ;
#9408 = EDGE_CURVE ( 'NONE', #7028, #3108, #3119, .T. ) ;
#9409 = VECTOR ( 'NONE', #699, 1000.000000000000000 ) ;
#9410 = ORIENTED_EDGE ( 'NONE', *, *, #8978, .T. ) ;
#9411 = LINE ( 'NONE', #7947, #1273 ) ;
#9412 = CARTESIAN_POINT ( 'NONE',  ( -1.815371723283504490, 2.000000000000000000, 1.318944761103839847 ) ) ;
#9413 = LINE ( 'NONE', #9250, #10125 ) ;
#9414 = EDGE_LOOP ( 'NONE', ( #10239, #4722, #1980, #257 ) ) ;
#9415 = VERTEX_POINT ( 'NONE', #7146 ) ;
#9416 = VECTOR ( 'NONE', #3745, 1000.000000000000000 ) ;
#9417 = DIRECTION ( 'NONE',  ( 0.8848652934418804739, 0.000000000000000000, -0.4658469839571945381 ) ) ;
#9418 = EDGE_CURVE ( 'NONE', #9438, #3176, #3173, .T. ) ;
#9419 = VECTOR ( 'NONE', #1780, 1000.000000000000114 ) ;
#9420 = CARTESIAN_POINT ( 'NONE',  ( 0.9605295310403387798, 2.000000000000000000, 0.03748659714902839724 ) ) ;
#9421 = EDGE_CURVE ( 'NONE', #9493, #8842, #10314, .T. ) ;
#9422 = CARTESIAN_POINT ( 'NONE',  ( -0.7793006826606541093, -2.981555974335137194E-16, 0.5627723082837544633 ) ) ;
#9423 = CARTESIAN_POINT ( 'NONE',  ( 0.2168078926774318349, -2.981555974335137194E-16, 0.9364916244362028186 ) ) ;
#9424 = DIRECTION ( 'NONE',  ( -0.9828229611194690962, 0.000000000000000000, -0.1845508794245058481 ) ) ;
#9425 = EDGE_LOOP ( 'NONE', ( #5753, #7832, #1452, #303 ) ) ;
#9426 = EDGE_LOOP ( 'NONE', ( #3475, #487, #129, #4298 ) ) ;
#9427 = DIRECTION ( 'NONE',  ( -0.3062760203559222738, 0.000000000000000000, 0.9519427500406412168 ) ) ;
#9428 = ORIENTED_EDGE ( 'NONE', *, *, #2313, .F. ) ;
#9429 = ORIENTED_EDGE ( 'NONE', *, *, #9405, .F. ) ;
#9430 = DIRECTION ( 'NONE',  ( -0.8875345109941271682, 0.000000000000000000, 0.4607412416904042018 ) ) ;
#9431 = DIRECTION ( 'NONE',  ( -0.8458679691042422233, 0.000000000000000000, 0.5333923310692277875 ) ) ;
#9432 = VECTOR ( 'NONE', #5486, 1000.000000000000000 ) ;
#9433 = FACE_OUTER_BOUND ( 'NONE', #2662, .T. ) ;
#9434 = DIRECTION ( 'NONE',  ( -0.7947849549988932338, 0.000000000000000000, -0.6068911560629363100 ) ) ;
#9435 = LINE ( 'NONE', #1444, #4139 ) ;
#9436 = LINE ( 'NONE', #2282, #9432 ) ;
#9437 = DIRECTION ( 'NONE',  ( 0.9060498331306388042, 0.000000000000000000, 0.4231710054858926484 ) ) ;
#9438 = VERTEX_POINT ( 'NONE', #3063 ) ;
#9439 = DIRECTION ( 'NONE',  ( 0.9917495396061839497, 0.000000000000000000, -0.1281906809831440397 ) ) ;
#9440 = LINE ( 'NONE', #2286, #333 ) ;
#9441 = VERTEX_POINT ( 'NONE', #662 ) ;
#9442 = CARTESIAN_POINT ( 'NONE',  ( 0.4067776771157899929, -2.981555974335137194E-16, -0.8709501400003727412 ) ) ;
#9443 = EDGE_CURVE ( 'NONE', #5279, #5555, #9435, .T. ) ;
#9444 = ORIENTED_EDGE ( 'NONE', *, *, #9707, .T. ) ;
#9445 = VERTEX_POINT ( 'NONE', #8648 ) ;
#9446 = CARTESIAN_POINT ( 'NONE',  ( -1.263411704741988828, -2.981555974335137194E-16, 1.738937028518532824 ) ) ;
#9447 = VECTOR ( 'NONE', #7895, 1000.000000000000227 ) ;
#9448 = PLANE ( 'NONE',  #4993 ) ;
#9449 = LINE ( 'NONE', #4706, #2211 ) ;
#9450 = CARTESIAN_POINT ( 'NONE',  ( -1.635749363218318875, -3.006278401112418225E-16, 1.536070895913156598 ) ) ;
#9451 = ORIENTED_EDGE ( 'NONE', *, *, #9405, .T. ) ;
#9452 = PLANE ( 'NONE',  #5313 ) ;
#9453 = LINE ( 'NONE', #5505, #9602 ) ;
#9454 = ORIENTED_EDGE ( 'NONE', *, *, #2844, .T. ) ;
#9455 = AXIS2_PLACEMENT_3D ( 'NONE', #9384, #6206, #3748 ) ;
#9456 = EDGE_CURVE ( 'NONE', #3686, #10271, #6212, .T. ) ;
#9457 = ORIENTED_EDGE ( 'NONE', *, *, #2020, .T. ) ;
#9458 = EDGE_CURVE ( 'NONE', #6154, #2912, #5340, .T. ) ;
#9459 = DIRECTION ( 'NONE',  ( -0.000000000000000000, 1.000000000000000000, -0.000000000000000000 ) ) ;
#9460 = ORIENTED_EDGE ( 'NONE', *, *, #2263, .F. ) ;
#9461 = CARTESIAN_POINT ( 'NONE',  ( 0.09000938839283856296, 2.000000000000000000, 2.147558947929733897 ) ) ;
#9462 = PLANE ( 'NONE',  #3304 ) ;
#9463 = ORIENTED_EDGE ( 'NONE', *, *, #2404, .T. ) ;
#9464 = CARTESIAN_POINT ( 'NONE',  ( -0.7068805642337266937, -2.981555974335137194E-16, -2.029884477683528310 ) ) ;
#9465 = ORIENTED_EDGE ( 'NONE', *, *, #190, .T. ) ;
#9466 = EDGE_CURVE ( 'NONE', #898, #8659, #519, .T. ) ;
#9467 = AXIS2_PLACEMENT_3D ( 'NONE', #4076, #95, #9691 ) ;
#9468 = CARTESIAN_POINT ( 'NONE',  ( -1.981493566476404844, 2.000000000000000000, -0.8329431978499751699 ) ) ;
#9469 = CARTESIAN_POINT ( 'NONE',  ( -0.3277990464325134523, -0.1454566137144368831, -2.219850797170503043 ) ) ;
#9470 = LINE ( 'NONE', #2317, #3329 ) ;
#9471 = PLANE ( 'NONE',  #6225 ) ;
#9472 = AXIS2_PLACEMENT_3D ( 'NONE', #6262, #9439, #5489 ) ;
#9473 = EDGE_CURVE ( 'NONE', #7493, #2750, #1352, .T. ) ;
#9474 = VERTEX_POINT ( 'NONE', #9232 ) ;
#9475 = ADVANCED_FACE ( 'NONE', ( #9287 ), #1454, .F. ) ;
#9476 = EDGE_CURVE ( 'NONE', #690, #2710, #6993, .T. ) ;
#9477 = ORIENTED_EDGE ( 'NONE', *, *, #1616, .F. ) ;
#9478 = LINE ( 'NONE', #6921, #6256 ) ;
#9479 = CARTESIAN_POINT ( 'NONE',  ( 0.9576537852278295126, 2.000000000000000000, 0.08319526792550659133 ) ) ;
#9480 = ORIENTED_EDGE ( 'NONE', *, *, #4840, .T. ) ;
#9481 = EDGE_CURVE ( 'NONE', #708, #453, #9334, .T. ) ;
#9482 = CARTESIAN_POINT ( 'NONE',  ( 2.137669494649470536, -2.981555974335137194E-16, -0.2246781174858763219 ) ) ;
#9483 = LINE ( 'NONE', #2226, #5804 ) ;
#9484 = AXIS2_PLACEMENT_3D ( 'NONE', #1984, #9192, #5137 ) ;
#9485 = LINE ( 'NONE', #2428, #1162 ) ;
#9486 = CARTESIAN_POINT ( 'NONE',  ( 0.4782302799131891158, -2.981555974335137194E-16, 0.8338573165359526307 ) ) ;
#9487 = PLANE ( 'NONE',  #2145 ) ;
#9488 = FACE_OUTER_BOUND ( 'NONE', #8006, .T. ) ;
#9489 = PLANE ( 'NONE',  #9674 ) ;
#9490 = VECTOR ( 'NONE', #6748, 1000.000000000000000 ) ;
#9491 = VERTEX_POINT ( 'NONE', #1403 ) ;
#9492 = LINE ( 'NONE', #4093, #5361 ) ;
#9493 = VERTEX_POINT ( 'NONE', #3651 ) ;
#9494 = ORIENTED_EDGE ( 'NONE', *, *, #4868, .T. ) ;
#9495 = EDGE_CURVE ( 'NONE', #4231, #6066, #10003, .T. ) ;
#9496 = ORIENTED_EDGE ( 'NONE', *, *, #8817, .T. ) ;
#9497 = LINE ( 'NONE', #1659, #1376 ) ;
#9498 = CARTESIAN_POINT ( 'NONE',  ( 0.1431626797720720878, -2.981555974335137194E-16, -0.9505402001424588798 ) ) ;
#9499 = PLANE ( 'NONE',  #2704 ) ;
#9500 = PLANE ( 'NONE',  #8383 ) ;
#9501 = ORIENTED_EDGE ( 'NONE', *, *, #8954, .T. ) ;
#9502 = DIRECTION ( 'NONE',  ( -0.5509898714915056894, 0.000000000000000000, 0.8345119301206987972 ) ) ;
#9503 = CARTESIAN_POINT ( 'NONE',  ( -1.113470241830484930, 2.000000000000000000, -1.838557898296891091 ) ) ;
#9504 = ORIENTED_EDGE ( 'NONE', *, *, #1728, .F. ) ;
#9505 = VERTEX_POINT ( 'NONE', #7611 ) ;
#9506 = CARTESIAN_POINT ( 'NONE',  ( 0.1774015163344592194, -0.1487670180785271301, 0.9447491344100936717 ) ) ;
#9507 = CIRCLE ( 'NONE', #7495, 1.350000000000000089 ) ;
#9508 = EDGE_CURVE ( 'NONE', #6823, #1141, #2858, .T. ) ;
#9509 = ORIENTED_EDGE ( 'NONE', *, *, #6616, .F. ) ;
#9510 = CARTESIAN_POINT ( 'NONE',  ( -2.119107720340023704, 2.000000000000000000, -0.7379513846696801327 ) ) ;
#9511 = CARTESIAN_POINT ( 'NONE',  ( 0.2345538076625911794, -0.1439142420261029232, -2.231630410227366745 ) ) ;
#9512 = VERTEX_POINT ( 'NONE', #8451 ) ;
#9513 = DIRECTION ( 'NONE',  ( -0.7819008761105544769, 0.000000000000000000, -0.6234027750480001240 ) ) ;
#9514 = VECTOR ( 'NONE', #1146, 1000.000000000000000 ) ;
#9515 = ORIENTED_EDGE ( 'NONE', *, *, #765, .T. ) ;
#9516 = VECTOR ( 'NONE', #8870, 1000.000000000000000 ) ;
#9517 = DIRECTION ( 'NONE',  ( 0.8073204149380943662, 0.000000000000000000, -0.5901133345588652768 ) ) ;
#9518 = LINE ( 'NONE', #6495, #1479 ) ;
#9519 = CARTESIAN_POINT ( 'NONE',  ( -0.5174051459242514639, 2.000000000000000000, -0.8101321743626104244 ) ) ;
#9520 = DIRECTION ( 'NONE',  ( 0.01806228228072980641, 0.000000000000000000, 0.9998368636726749914 ) ) ;
#9521 = DIRECTION ( 'NONE',  ( -0.9948188822373290607, 0.000000000000000000, -0.1016631277507789172 ) ) ;
#9522 = VERTEX_POINT ( 'NONE', #10224 ) ;
#9523 = VERTEX_POINT ( 'NONE', #7664 ) ;
#9524 = CARTESIAN_POINT ( 'NONE',  ( -1.356673771595346301, 2.000000000000000000, 1.787351687275296142 ) ) ;
#9525 = CARTESIAN_POINT ( 'NONE',  ( 0.4067776771157838867, -2.981555974335137194E-16, 0.8709501400003756277 ) ) ;
#9526 = ORIENTED_EDGE ( 'NONE', *, *, #7594, .F. ) ;
#9527 = FACE_OUTER_BOUND ( 'NONE', #7868, .T. ) ;
#9528 = DIRECTION ( 'NONE',  ( -0.2862728641871211677, 0.000000000000000000, 0.9581481342830564518 ) ) ;
#9529 = EDGE_CURVE ( 'NONE', #7695, #8694, #10113, .T. ) ;
#9530 = ADVANCED_FACE ( 'NONE', ( #3701 ), #8555, .F. ) ;
#9531 = EDGE_CURVE ( 'NONE', #4969, #7493, #6113, .T. ) ;
#9532 = CARTESIAN_POINT ( 'NONE',  ( 0.1032326095015593942, -0.1453987955827127088, -0.9557014456941483882 ) ) ;
#9533 = LINE ( 'NONE', #7240, #3230 ) ;
#9534 = DIRECTION ( 'NONE',  ( -0.4607412416904224095, 0.000000000000000000, 0.8875345109941177313 ) ) ;
#9535 = CARTESIAN_POINT ( 'NONE',  ( 1.869011007952365633, 2.000000000000000000, 1.241767944784156308 ) ) ;
#9536 = EDGE_CURVE ( 'NONE', #7346, #6692, #10167, .T. ) ;
#9537 = DIRECTION ( 'NONE',  ( -0.1489322019260023999, 0.000000000000000000, 0.9888474094770499656 ) ) ;
#9538 = EDGE_LOOP ( 'NONE', ( #5412, #10121, #2787, #133 ) ) ;
#9539 = CARTESIAN_POINT ( 'NONE',  ( -0.9068775087697282800, -0.1448052212307962827, -0.3187403473895294992 ) ) ;
#9540 = AXIS2_PLACEMENT_3D ( 'NONE', #1631, #1781, #9612 ) ;
#9541 = ORIENTED_EDGE ( 'NONE', *, *, #10212, .F. ) ;
#9542 = ORIENTED_EDGE ( 'NONE', *, *, #6157, .T. ) ;
#9543 = ORIENTED_EDGE ( 'NONE', *, *, #4672, .F. ) ;
#9544 = CARTESIAN_POINT ( 'NONE',  ( 1.202353991258258148, 2.000000000000000000, 1.894606728650017669 ) ) ;
#9545 = DIRECTION ( 'NONE',  ( 0.000000000000000000, -1.000000000000000000, 0.000000000000000000 ) ) ;
#9546 = FACE_OUTER_BOUND ( 'NONE', #5245, .T. ) ;
#9547 = VECTOR ( 'NONE', #1303, 1000.000000000000000 ) ;
#9548 = ADVANCED_FACE ( 'NONE', ( #8395 ), #461, .F. ) ;
#9549 = LINE ( 'NONE', #3280, #7063 ) ;
#9550 = ORIENTED_EDGE ( 'NONE', *, *, #4997, .T. ) ;
#9551 = CARTESIAN_POINT ( 'NONE',  ( 1.113470241830473384, -0.1461575717926111573, 1.838557898296898196 ) ) ;
#9552 = CARTESIAN_POINT ( 'NONE',  ( 2.044243080056972417, -2.981555974335137194E-16, 0.6642148405983581139 ) ) ;
#9553 = AXIS2_PLACEMENT_3D ( 'NONE', #6903, #6126, #6855 ) ;
#9554 = ORIENTED_EDGE ( 'NONE', *, *, #8926, .T. ) ;
#9555 = VECTOR ( 'NONE', #2520, 1000.000000000000000 ) ;
#9556 = VERTEX_POINT ( 'NONE', #2241 ) ;
#9557 = CARTESIAN_POINT ( 'NONE',  ( -0.9554158832770889287, 2.000000000000000000, 2.030362102316344508 ) ) ;
#9558 = VECTOR ( 'NONE', #6116, 1000.000000000000000 ) ;
#9559 = ORIENTED_EDGE ( 'NONE', *, *, #6156, .T. ) ;
#9560 = LINE ( 'NONE', #4720, #7272 ) ;
#9561 = DIRECTION ( 'NONE',  ( 0.9817433889756541632, 0.000000000000000000, 0.1902101947914392188 ) ) ;
#9562 = VERTEX_POINT ( 'NONE', #5443 ) ;
#9563 = FACE_OUTER_BOUND ( 'NONE', #9385, .T. ) ;
#9564 = ADVANCED_FACE ( 'NONE', ( #8603 ), #4442, .F. ) ;
#9565 = DIRECTION ( 'NONE',  ( -0.002880682490151775365, 0.000000000000000000, 0.9999958508255876177 ) ) ;
#9566 = DIRECTION ( 'NONE',  ( 1.000000000000000000, 0.000000000000000000, 0.000000000000000000 ) ) ;
#9567 = LINE ( 'NONE', #4934, #8652 ) ;
#9568 = LINE ( 'NONE', #8786, #8904 ) ;
#9569 = PLANE ( 'NONE',  #4842 ) ;
#9570 = CARTESIAN_POINT ( 'NONE',  ( -0.8792780351554217999, -0.1494084084223070152, -0.3884486605197750020 ) ) ;
#9571 = ORIENTED_EDGE ( 'NONE', *, *, #8688, .F. ) ;
#9572 = ORIENTED_EDGE ( 'NONE', *, *, #4496, .F. ) ;
#9573 = VECTOR ( 'NONE', #9011, 1000.000000000000000 ) ;
#9574 = CARTESIAN_POINT ( 'NONE',  ( -0.9605295310403390019, 2.000000000000000000, -0.03748659714902172896 ) ) ;
#9575 = ORIENTED_EDGE ( 'NONE', *, *, #2701, .F. ) ;
#9576 = EDGE_CURVE ( 'NONE', #5191, #3733, #2084, .T. ) ;
#9577 = FACE_OUTER_BOUND ( 'NONE', #683, .T. ) ;
#9578 = LINE ( 'NONE', #29, #2078 ) ;
#9579 = CARTESIAN_POINT ( 'NONE',  ( 1.569990560170341665, -3.006278401112418225E-16, -1.603221574679120076 ) ) ;
#9580 = VECTOR ( 'NONE', #854, 1000.000000000000000 ) ;
#9581 = PLANE ( 'NONE',  #6400 ) ;
#9582 = DIRECTION ( 'NONE',  ( 0.7164852230950471412, 0.000000000000000000, 0.6976022685502395460 ) ) ;
#9583 = CARTESIAN_POINT ( 'NONE',  ( 0.6705776782266618108, -2.981555974335137194E-16, 0.6887291212302023569 ) ) ;
#9584 = ORIENTED_EDGE ( 'NONE', *, *, #6521, .F. ) ;
#9585 = ORIENTED_EDGE ( 'NONE', *, *, #5531, .T. ) ;
#9586 = ORIENTED_EDGE ( 'NONE', *, *, #325, .T. ) ;
#9587 = ADVANCED_FACE ( 'NONE', ( #3923 ), #5643, .F. ) ;
#9588 = DIRECTION ( 'NONE',  ( -0.7723462619080310176, 0.000000000000000000, 0.6352017409584856944 ) ) ;
#9589 = ORIENTED_EDGE ( 'NONE', *, *, #1806, .F. ) ;
#9590 = CARTESIAN_POINT ( 'NONE',  ( -1.335122602884952547, -0.1491166960093056604, -1.684505494231951284 ) ) ;
#9591 = ADVANCED_FACE ( 'NONE', ( #1560 ), #8661, .F. ) ;
#9592 = LINE ( 'NONE', #8809, #3645 ) ;
#9593 = CARTESIAN_POINT ( 'NONE',  ( -0.5508761081120484571, -2.981555974335137194E-16, 0.7877548720748792643 ) ) ;
#9594 = LINE ( 'NONE', #5645, #2050 ) ;
#9595 = VECTOR ( 'NONE', #4591, 1000.000000000000000 ) ;
#9596 = ORIENTED_EDGE ( 'NONE', *, *, #3294, .F. ) ;
#9597 = CARTESIAN_POINT ( 'NONE',  ( 1.569990560170310578, 2.000000000000000000, 1.603221574679152939 ) ) ;
#9598 = DIRECTION ( 'NONE',  ( -0.9501623903509350821, 0.000000000000000000, -0.3117554040631813073 ) ) ;
#9599 = VERTEX_POINT ( 'NONE', #3973 ) ;
#9600 = EDGE_CURVE ( 'NONE', #7349, #8707, #3131, .T. ) ;
#9601 = EDGE_CURVE ( 'NONE', #8093, #3134, #2291, .T. ) ;
#9602 = VECTOR ( 'NONE', #4551, 1000.000000000000227 ) ;
#9603 = VERTEX_POINT ( 'NONE', #3183 ) ;
#9604 = CARTESIAN_POINT ( 'NONE',  ( -1.039600561562681103, -0.1447179299707544164, -1.988572465096291930 ) ) ;
#9605 = VECTOR ( 'NONE', #4863, 1000.000000000000000 ) ;
#9606 = ORIENTED_EDGE ( 'NONE', *, *, #6544, .T. ) ;
#9607 = CARTESIAN_POINT ( 'NONE',  ( 0.7068805642337111506, 2.000000000000000000, 2.029884477683533195 ) ) ;
#9608 = CARTESIAN_POINT ( 'NONE',  ( 0.8622402173287568861, -0.1487670180785271301, -0.4249282675784758490 ) ) ;
#9609 = VERTEX_POINT ( 'NONE', #1507 ) ;
#9610 = EDGE_CURVE ( 'NONE', #2912, #898, #4019, .T. ) ;
#9611 = DIRECTION ( 'NONE',  ( 0.7450692948612493982, 0.000000000000000000, 0.6669870657328825780 ) ) ;
#9612 = DIRECTION ( 'NONE',  ( 0.4420530731320879703, 0.000000000000000000, -0.8969888965502732514 ) ) ;
#9613 = DIRECTION ( 'NONE',  ( 0.9817433889756541632, 0.000000000000000000, 0.1902101947914392743 ) ) ;
#9614 = DIRECTION ( 'NONE',  ( 0.6555985552359876456, 0.000000000000000000, 0.7551096174546353401 ) ) ;
#9615 = PLANE ( 'NONE',  #8403 ) ;
#9616 = DIRECTION ( 'NONE',  ( 0.08080691660716181335, 0.000000000000000000, -0.9967297739249305621 ) ) ;
#9617 = DIRECTION ( 'NONE',  ( 0.4283840443791889219, 0.000000000000000000, -0.9035967632308833375 ) ) ;
#9618 = VECTOR ( 'NONE', #9235, 1000.000000000000000 ) ;
#9619 = ORIENTED_EDGE ( 'NONE', *, *, #8177, .F. ) ;
#9620 = DIRECTION ( 'NONE',  ( -0.6866441927842366066, 0.000000000000000000, 0.7269936399417014083 ) ) ;
#9621 = VERTEX_POINT ( 'NONE', #4071 ) ;
#9622 = DIRECTION ( 'NONE',  ( -0.2862728641871211677, 0.000000000000000000, 0.9581481342830564518 ) ) ;
#9623 = DIRECTION ( 'NONE',  ( 0.000000000000000000, -0.000000000000000000, 1.000000000000000000 ) ) ;
#9624 = CARTESIAN_POINT ( 'NONE',  ( 0.7294759924352635094, -0.1447218629912427057, 0.6260087870205769400 ) ) ;
#9625 = AXIS2_PLACEMENT_3D ( 'NONE', #795, #3987, #3882 ) ;
#9626 = ADVANCED_FACE ( 'NONE', ( #8760 ), #9448, .F. ) ;
#9627 = CARTESIAN_POINT ( 'NONE',  ( -0.4782302799131832871, -2.981555974335137194E-16, -0.8338573165359559614 ) ) ;
#9628 = LINE ( 'NONE', #5683, #3943 ) ;
#9629 = ORIENTED_EDGE ( 'NONE', *, *, #7886, .F. ) ;
#9630 = ORIENTED_EDGE ( 'NONE', *, *, #7359, .F. ) ;
#9631 = ORIENTED_EDGE ( 'NONE', *, *, #3160, .F. ) ;
#9632 = DIRECTION ( 'NONE',  ( -0.2311544943413534337, 0.000000000000000000, 0.9729170569713501138 ) ) ;
#9633 = ORIENTED_EDGE ( 'NONE', *, *, #8462, .F. ) ;
#9634 = AXIS2_PLACEMENT_3D ( 'NONE', #1686, #9769, #1107 ) ;
#9635 = CARTESIAN_POINT ( 'NONE',  ( -0.7258572354296933815, 2.000000000000000000, 0.6302011573622737783 ) ) ;
#9636 = LINE ( 'NONE', #778, #3549 ) ;
#9637 = CARTESIAN_POINT ( 'NONE',  ( -1.121961427204662520, 2.000000000000000000, -1.943294196050990630 ) ) ;
#9638 = ORIENTED_EDGE ( 'NONE', *, *, #9964, .F. ) ;
#9639 = DIRECTION ( 'NONE',  ( 0.3654446344290637749, 0.000000000000000000, -0.9308330780365553503 ) ) ;
#9640 = DIRECTION ( 'NONE',  ( 0.8458679691042312321, 0.000000000000000000, 0.5333923310692451070 ) ) ;
#9641 = EDGE_LOOP ( 'NONE', ( #3518, #7699, #8447, #5351 ) ) ;
#9642 = VECTOR ( 'NONE', #4516, 1000.000000000000114 ) ;
#9643 = EDGE_LOOP ( 'NONE', ( #7110, #7151, #4000, #8061 ) ) ;
#9644 = DIRECTION ( 'NONE',  ( -0.2862728641871079560, 0.000000000000000000, -0.9581481342830603376 ) ) ;
#9645 = EDGE_CURVE ( 'NONE', #7349, #9415, #824, .T. ) ;
#9646 = EDGE_CURVE ( 'NONE', #4116, #1852, #9592, .T. ) ;
#9647 = EDGE_CURVE ( 'NONE', #9024, #3681, #4856, .T. ) ;
#9648 = ORIENTED_EDGE ( 'NONE', *, *, #9845, .T. ) ;
#9649 = EDGE_CURVE ( 'NONE', #868, #4994, #9922, .T. ) ;
#9650 = DIRECTION ( 'NONE',  ( 0.9982034669914616742, 0.000000000000000000, 0.05991526087922719596 ) ) ;
#9651 = DIRECTION ( 'NONE',  ( 0.1902101947914458802, 0.000000000000000000, -0.9817433889756530530 ) ) ;
#9652 = LINE ( 'NONE', #2504, #7456 ) ;
#9653 = EDGE_LOOP ( 'NONE', ( #1617, #120, #3530, #6938 ) ) ;
#9654 = ORIENTED_EDGE ( 'NONE', *, *, #3101, .T. ) ;
#9655 = LINE ( 'NONE', #7993, #6750 ) ;
#9656 = CARTESIAN_POINT ( 'NONE',  ( -1.814835910835292498, -3.523657060577889411E-16, -1.151729890892199348 ) ) ;
#9657 = VECTOR ( 'NONE', #4054, 1000.000000000000000 ) ;
#9658 = CARTESIAN_POINT ( 'NONE',  ( -2.241954552820975444, -3.006278401112418225E-16, 0.09396573644627533028 ) ) ;
#9659 = DIRECTION ( 'NONE',  ( -0.000000000000000000, 1.000000000000000000, 0.000000000000000000 ) ) ;
#9660 = DIRECTION ( 'NONE',  ( -0.5155608271417670974, 0.000000000000000000, -0.8568529824403350315 ) ) ;
#9661 = DIRECTION ( 'NONE',  ( 0.5557886347590722531, 0.000000000000000000, -0.8313236394284998498 ) ) ;
#9662 = EDGE_CURVE ( 'NONE', #302, #7765, #2096, .T. ) ;
#9663 = AXIS2_PLACEMENT_3D ( 'NONE', #3702, #1353, #9180 ) ;
#9664 = CARTESIAN_POINT ( 'NONE',  ( -0.6988304498648052476, -2.981555974335137194E-16, 0.6600441101230591912 ) ) ;
#9665 = VECTOR ( 'NONE', #4538, 1000.000000000000000 ) ;
#9666 = DIRECTION ( 'NONE',  ( 0.000000000000000000, 1.000000000000000000, 0.000000000000000000 ) ) ;
#9667 = VECTOR ( 'NONE', #9644, 1000.000000000000114 ) ;
#9668 = ORIENTED_EDGE ( 'NONE', *, *, #6709, .F. ) ;
#9669 = CARTESIAN_POINT ( 'NONE',  ( -0.8927345626982070570, -0.1439142420261020350, 0.3564368464825540816 ) ) ;
#9670 = ORIENTED_EDGE ( 'NONE', *, *, #8254, .F. ) ;
#9671 = CARTESIAN_POINT ( 'NONE',  ( 0.9303684665555613797, 2.000000000000000000, 0.2417369260279451093 ) ) ;
#9672 = CARTESIAN_POINT ( 'NONE',  ( 2.450000000000000178, 4.200000000000000178, 0.000000000000000000 ) ) ;
#9673 = VECTOR ( 'NONE', #6645, 1000.000000000000000 ) ;
#9674 = AXIS2_PLACEMENT_3D ( 'NONE', #7814, #7969, #6414 ) ;
#9675 = DIRECTION ( 'NONE',  ( 0.1073929313708917727, 0.000000000000000000, -0.9942166556096145857 ) ) ;
#9676 = CARTESIAN_POINT ( 'NONE',  ( 0.5345450792948956975, -0.1460357895205570966, -2.081915628221646664 ) ) ;
#9677 = CARTESIAN_POINT ( 'NONE',  ( 0.2558339143048314890, -2.981555974335137194E-16, 0.9265911899310586008 ) ) ;
#9678 = ORIENTED_EDGE ( 'NONE', *, *, #5147, .F. ) ;
#9679 = CARTESIAN_POINT ( 'NONE',  ( -0.5174051459242569040, 2.000000000000000000, 0.8101321743626067606 ) ) ;
#9680 = VERTEX_POINT ( 'NONE', #5190 ) ;
#9681 = VERTEX_POINT ( 'NONE', #366 ) ;
#9682 = DIRECTION ( 'NONE',  ( -0.1696083962828338343, 0.000000000000000000, 0.9855115381924075546 ) ) ;
#9683 = DIRECTION ( 'NONE',  ( -0.7588742120398545010, 0.000000000000000000, -0.6512372304321137895 ) ) ;
#9684 = ORIENTED_EDGE ( 'NONE', *, *, #3477, .T. ) ;
#9685 = CARTESIAN_POINT ( 'NONE',  ( -0.3699492575029016961, -2.981555974335137194E-16, -0.8872202499038435164 ) ) ;
#9686 = ADVANCED_FACE ( 'NONE', ( #3563 ), #9142, .F. ) ;
#9687 = CARTESIAN_POINT ( 'NONE',  ( -2.111371806538508533, -2.981555974335137194E-16, 0.4027657127738599185 ) ) ;
#9688 = AXIS2_PLACEMENT_3D ( 'NONE', #1541, #2276, #2425 ) ;
#9689 = LINE ( 'NONE', #8812, #7550 ) ;
#9690 = VERTEX_POINT ( 'NONE', #9968 ) ;
#9691 = DIRECTION ( 'NONE',  ( -0.8674621517390628256, 0.000000000000000000, -0.4975031811960954342 ) ) ;
#9692 = DIRECTION ( 'NONE',  ( -0.000000000000000000, 1.000000000000000000, 0.000000000000000000 ) ) ;
#9693 = ORIENTED_EDGE ( 'NONE', *, *, #7999, .T. ) ;
#9694 = ORIENTED_EDGE ( 'NONE', *, *, #8228, .F. ) ;
#9695 = ORIENTED_EDGE ( 'NONE', *, *, #1726, .F. ) ;
#9696 = VECTOR ( 'NONE', #3431, 1000.000000000000114 ) ;
#9697 = ADVANCED_FACE ( 'NONE', ( #1208 ), #4402, .F. ) ;
#9698 = VERTEX_POINT ( 'NONE', #2817 ) ;
#9699 = ORIENTED_EDGE ( 'NONE', *, *, #1987, .T. ) ;
#9700 = LINE ( 'NONE', #9929, #9015 ) ;
#9701 = VECTOR ( 'NONE', #6946, 1000.000000000000227 ) ;
#9702 = LINE ( 'NONE', #5705, #3440 ) ;
#9703 = CARTESIAN_POINT ( 'NONE',  ( 1.814835910835308042, -3.523657060577889411E-16, -1.151729890892173813 ) ) ;
#9704 = ORIENTED_EDGE ( 'NONE', *, *, #1108, .T. ) ;
#9705 = ORIENTED_EDGE ( 'NONE', *, *, #5456, .T. ) ;
#9706 = ADVANCED_FACE ( 'NONE', ( #6016 ), #318, .F. ) ;
#9707 = EDGE_CURVE ( 'NONE', #1555, #1895, #9093, .T. ) ;
#9708 = DIRECTION ( 'NONE',  ( 0.000000000000000000, 1.000000000000000000, 0.000000000000000000 ) ) ;
#9709 = ADVANCED_FACE ( 'NONE', ( #5243 ), #4456, .F. ) ;
#9710 = CARTESIAN_POINT ( 'NONE',  ( 0.8021835618679505897, -0.1454656455588212438, 0.5296449358157165888 ) ) ;
#9711 = CARTESIAN_POINT ( 'NONE',  ( 0.6988304498647958107, -2.981555974335137194E-16, 0.6600441101230689611 ) ) ;
#9712 = DIRECTION ( 'NONE',  ( -0.4420530731320816420, 0.000000000000000000, 0.8969888965502764711 ) ) ;
#9713 = EDGE_CURVE ( 'NONE', #6465, #6193, #5925, .T. ) ;
#9714 = VECTOR ( 'NONE', #7932, 999.9999999999998863 ) ;
#9715 =( GEOMETRIC_REPRESENTATION_CONTEXT ( 3 ) GLOBAL_UNCERTAINTY_ASSIGNED_CONTEXT ( ( #3714 ) ) GLOBAL_UNIT_ASSIGNED_CONTEXT ( ( #2101, #5881, #8263 ) ) REPRESENTATION_CONTEXT ( 'NONE', 'WORKASPACE' ) );
#9716 = LINE ( 'NONE', #67, #743 ) ;
#9717 = FACE_OUTER_BOUND ( 'NONE', #1193, .T. ) ;
#9718 = VECTOR ( 'NONE', #4897, 1000.000000000000114 ) ;
#9719 = LINE ( 'NONE', #7374, #8720 ) ;
#9720 = VECTOR ( 'NONE', #6726, 1000.000000000000000 ) ;
#9721 = ORIENTED_EDGE ( 'NONE', *, *, #9945, .F. ) ;
#9722 = ADVANCED_FACE ( 'NONE', ( #1936 ), #1004, .F. ) ;
#9723 = ADVANCED_FACE ( 'NONE', ( #4135 ), #5715, .F. ) ;
#9724 = PLANE ( 'NONE',  #9883 ) ;
#9725 = ORIENTED_EDGE ( 'NONE', *, *, #1017, .F. ) ;
#9726 = ADVANCED_FACE ( 'NONE', ( #8149 ), #7320, .F. ) ;
#9727 = DIRECTION ( 'NONE',  ( -0.6512372304321137895, 0.000000000000000000, 0.7588742120398543900 ) ) ;
#9728 = CARTESIAN_POINT ( 'NONE',  ( 0.4067776771157899929, -0.1491166960093056604, -0.8709501400003727412 ) ) ;
#9729 = LINE ( 'NONE', #8269, #7178 ) ;
#9730 = DIRECTION ( 'NONE',  ( 0.8313236394285039577, 0.000000000000000000, -0.5557886347590664800 ) ) ;
#9731 = LINE ( 'NONE', #3315, #10260 ) ;
#9732 = VECTOR ( 'NONE', #6241, 999.9999999999998863 ) ;
#9733 = VERTEX_POINT ( 'NONE', #8883 ) ;
#9734 = CARTESIAN_POINT ( 'NONE',  ( -1.535719282928340812, -0.1499926892710059800, -1.503887432248167011 ) ) ;
#9735 = VECTOR ( 'NONE', #974, 1000.000000000000114 ) ;
#9736 = VERTEX_POINT ( 'NONE', #4878 ) ;
#9737 = CARTESIAN_POINT ( 'NONE',  ( -1.904845299228167921, -2.981555974335137194E-16, 0.9958290570375381012 ) ) ;
#9738 = DIRECTION ( 'NONE',  ( 0.000000000000000000, -1.000000000000000000, 0.000000000000000000 ) ) ;
#9740 = ORIENTED_EDGE ( 'NONE', *, *, #1311, .F. ) ;
#9739 = VECTOR ( 'NONE', #5936, 999.9999999999998863 ) ;
#9741 = EDGE_CURVE ( 'NONE', #7100, #6624, #8049, .T. ) ;
#9742 = PLANE ( 'NONE',  #7704 ) ;
#9743 = AXIS2_PLACEMENT_3D ( 'NONE', #5335, #9330, #3751 ) ;
#9744 = CARTESIAN_POINT ( 'NONE',  ( -1.635749363218310215, 2.000000000000000000, -1.536070895913168144 ) ) ;
#9745 = FACE_OUTER_BOUND ( 'NONE', #6939, .T. ) ;
#9746 = LINE ( 'NONE', #5169, #3391 ) ;
#9747 = EDGE_LOOP ( 'NONE', ( #8656, #482, #8415, #6870 ) ) ;
#9748 = PLANE ( 'NONE',  #9467 ) ;
#9749 = ADVANCED_FACE ( 'NONE', ( #2561 ), #2614, .F. ) ;
#9750 = DIRECTION ( 'NONE',  ( 0.8848652934418741456, 0.000000000000000000, 0.4658469839572065285 ) ) ;
#9751 = ORIENTED_EDGE ( 'NONE', *, *, #9767, .F. ) ;
#9752 = ORIENTED_EDGE ( 'NONE', *, *, #6340, .F. ) ;
#9753 = ORIENTED_EDGE ( 'NONE', *, *, #9966, .F. ) ;
#9754 = ORIENTED_EDGE ( 'NONE', *, *, #9322, .T. ) ;
#9755 = VECTOR ( 'NONE', #3909, 1000.000000000000000 ) ;
#9756 = DIRECTION ( 'NONE',  ( -0.7982682711663883213, 0.000000000000000000, 0.6023020564874617122 ) ) ;
#9757 = ORIENTED_EDGE ( 'NONE', *, *, #735, .F. ) ;
#9758 = ADVANCED_FACE ( 'NONE', ( #5669 ), #903, .F. ) ;
#9759 = LINE ( 'NONE', #5812, #9275 ) ;
#9760 = ORIENTED_EDGE ( 'NONE', *, *, #8950, .F. ) ;
#9761 = EDGE_CURVE ( 'NONE', #5173, #418, #112, .T. ) ;
#9762 = LINE ( 'NONE', #8143, #8131 ) ;
#9763 = ORIENTED_EDGE ( 'NONE', *, *, #2159, .F. ) ;
#9764 = ORIENTED_EDGE ( 'NONE', *, *, #1236, .T. ) ;
#9765 = CARTESIAN_POINT ( 'NONE',  ( 0.8597777503361603291, 2.000000000000000000, -0.4298888751680808862 ) ) ;
#9766 = CARTESIAN_POINT ( 'NONE',  ( 1.944875419031320884, -0.1438055149296439406, 0.9151889036038773906 ) ) ;
#9767 = EDGE_CURVE ( 'NONE', #5558, #4473, #164, .T. ) ;
#9768 = CARTESIAN_POINT ( 'NONE',  ( 2.126385852261802434, -2.981555974335137194E-16, 0.3139973441492316941 ) ) ;
#9769 = DIRECTION ( 'NONE',  ( -0.9147133463089747174, 0.000000000000000000, 0.4041033210507404827 ) ) ;
#9770 = VECTOR ( 'NONE', #1045, 1000.000000000000000 ) ;
#9771 = DIRECTION ( 'NONE',  ( -0.6396409489722744146, 0.000000000000000000, 0.7686738296558874861 ) ) ;
#9772 = LINE ( 'NONE', #6548, #4337 ) ;
#9773 = DIRECTION ( 'NONE',  ( 0.1224747460865600046, 0.000000000000000000, 0.9924716301089078208 ) ) ;
#9774 = EDGE_CURVE ( 'NONE', #9736, #1035, #6496, .T. ) ;
#9775 = VERTEX_POINT ( 'NONE', #8936 ) ;
#9776 = PLANE ( 'NONE',  #2384 ) ;
#9777 = ORIENTED_EDGE ( 'NONE', *, *, #4788, .T. ) ;
#9778 = LINE ( 'NONE', #7281, #9372 ) ;
#9779 = CARTESIAN_POINT ( 'NONE',  ( -0.9194294835318239656, -0.1454566137144368831, 0.2804846694184730538 ) ) ;
#9780 = CARTESIAN_POINT ( 'NONE',  ( -0.1774015163344524471, -2.981555974335137194E-16, -0.9447491344100950039 ) ) ;
#9781 = ADVANCED_FACE ( 'NONE', ( #9823 ), #1784, .F. ) ;
#9782 = EDGE_CURVE ( 'NONE', #8653, #8349, #267, .T. ) ;
#9783 = EDGE_CURVE ( 'NONE', #8659, #4552, #8990, .T. ) ;
#9784 = DIRECTION ( 'NONE',  ( 0.7450692948612589461, 0.000000000000000000, -0.6669870657328719199 ) ) ;
#9785 = DIRECTION ( 'NONE',  ( -0.000000000000000000, 1.000000000000000000, -0.000000000000000000 ) ) ;
#9786 = CARTESIAN_POINT ( 'NONE',  ( -0.8742577899074707171, -3.523657060577889411E-16, -1.963615146004437095 ) ) ;
#9787 = VECTOR ( 'NONE', #10097, 1000.000000000000000 ) ;
#9788 = VERTEX_POINT ( 'NONE', #5042 ) ;
#9789 = DIRECTION ( 'NONE',  ( 0.000000000000000000, 1.000000000000000000, -0.000000000000000000 ) ) ;
#9790 = ADVANCED_FACE ( 'NONE', ( #1055 ), #6646, .F. ) ;
#9791 = ORIENTED_EDGE ( 'NONE', *, *, #1262, .F. ) ;
#9792 = CARTESIAN_POINT ( 'NONE',  ( -0.6034353314822573644, -0.1460357895205570966, 2.161262496148832035 ) ) ;
#9793 = ORIENTED_EDGE ( 'NONE', *, *, #7113, .T. ) ;
#9794 = ORIENTED_EDGE ( 'NONE', *, *, #4468, .F. ) ;
#9795 = CARTESIAN_POINT ( 'NONE',  ( -1.597348465557282271, -0.1498172852299859137, 1.438259018540720691 ) ) ;
#9796 = VECTOR ( 'NONE', #6377, 1000.000000000000114 ) ;
#9797 = LINE ( 'NONE', #5848, #1360 ) ;
#9798 = CARTESIAN_POINT ( 'NONE',  ( -0.9612567592082511547, -2.981555974335137194E-16, -0.002769087004216128252 ) ) ;
#9799 = CARTESIAN_POINT ( 'NONE',  ( -0.8927345626982045035, 2.000000000000000000, -0.3564368464825604099 ) ) ;
#9800 = EDGE_CURVE ( 'NONE', #5197, #690, #5732, .T. ) ;
#9801 = ORIENTED_EDGE ( 'NONE', *, *, #4388, .T. ) ;
#9802 = LINE ( 'NONE', #7347, #6467 ) ;
#9803 = DIRECTION ( 'NONE',  ( -0.1281906809831573901, 0.000000000000000000, 0.9917495396061821733 ) ) ;
#9804 = VECTOR ( 'NONE', #3292, 1000.000000000000000 ) ;
#9805 = ORIENTED_EDGE ( 'NONE', *, *, #7752, .F. ) ;
#9806 = ORIENTED_EDGE ( 'NONE', *, *, #6190, .F. ) ;
#9807 = ORIENTED_EDGE ( 'NONE', *, *, #7943, .F. ) ;
#9808 = ORIENTED_EDGE ( 'NONE', *, *, #5657, .F. ) ;
#9809 = VECTOR ( 'NONE', #5387, 1000.000000000000000 ) ;
#9810 = CARTESIAN_POINT ( 'NONE',  ( 0.8597777503361603291, -2.981555974335137194E-16, 0.4298888751680808862 ) ) ;
#9811 = DIRECTION ( 'NONE',  ( 0.7269936399417106232, 0.000000000000000000, -0.6866441927842268367 ) ) ;
#9812 = ORIENTED_EDGE ( 'NONE', *, *, #3537, .F. ) ;
#9813 = FACE_OUTER_BOUND ( 'NONE', #10257, .T. ) ;
#9814 = DIRECTION ( 'NONE',  ( -0.7723462619080221359, 0.000000000000000000, -0.6352017409584965746 ) ) ;
#9815 = EDGE_LOOP ( 'NONE', ( #1031, #7316, #5450, #10164 ) ) ;
#9816 = PLANE ( 'NONE',  #7015 ) ;
#9817 = LINE ( 'NONE', #9038, #124 ) ;
#9818 = ORIENTED_EDGE ( 'NONE', *, *, #8688, .T. ) ;
#9819 = VERTEX_POINT ( 'NONE', #9786 ) ;
#9820 = DIRECTION ( 'NONE',  ( -0.000000000000000000, 1.000000000000000000, 0.000000000000000000 ) ) ;
#9821 = ADVANCED_FACE ( 'NONE', ( #2635 ), #1020, .F. ) ;
#9822 = CARTESIAN_POINT ( 'NONE',  ( -2.009908089764437467, -0.1438055149296439406, -0.9977270404474620769 ) ) ;
#9823 = FACE_OUTER_BOUND ( 'NONE', #4357, .T. ) ;
#9824 = DIRECTION ( 'NONE',  ( -0.1902101947914324465, 0.000000000000000000, -0.9817433889756556065 ) ) ;
#9825 = FACE_OUTER_BOUND ( 'NONE', #9653, .T. ) ;
#9826 = ORIENTED_EDGE ( 'NONE', *, *, #1679, .T. ) ;
#9827 = VECTOR ( 'NONE', #9105, 1000.000000000000000 ) ;
#9828 = EDGE_LOOP ( 'NONE', ( #2755, #1955, #1618, #4022 ) ) ;
#9829 = DIRECTION ( 'NONE',  ( 0.9434250914643595998, 0.000000000000000000, -0.3315857306873513655 ) ) ;
#9830 = VECTOR ( 'NONE', #2135, 1000.000000000000000 ) ;
#9831 = DIRECTION ( 'NONE',  ( -0.9229756359820493472, 0.000000000000000000, -0.3848583835432607403 ) ) ;
#9832 = AXIS2_PLACEMENT_3D ( 'NONE', #2475, #3264, #7143 ) ;
#9833 = FACE_OUTER_BOUND ( 'NONE', #392, .T. ) ;
#9834 = CARTESIAN_POINT ( 'NONE',  ( 1.356673771595358291, -3.006278401112418225E-16, -1.787351687275284817 ) ) ;
#9835 = ORIENTED_EDGE ( 'NONE', *, *, #1424, .T. ) ;
#9836 = DIRECTION ( 'NONE',  ( 0.8848652934418805849, 0.000000000000000000, -0.4658469839571945936 ) ) ;
#9837 = ORIENTED_EDGE ( 'NONE', *, *, #10291, .F. ) ;
#9838 = CARTESIAN_POINT ( 'NONE',  ( 0.9068775087697327209, 2.000000000000000000, -0.3187403473895168426 ) ) ;
#9839 = ORIENTED_EDGE ( 'NONE', *, *, #321, .T. ) ;
#9840 = ORIENTED_EDGE ( 'NONE', *, *, #6478, .F. ) ;
#9841 = EDGE_CURVE ( 'NONE', #9173, #8703, #4152, .T. ) ;
#9842 = ADVANCED_FACE ( 'NONE', ( #8219 ), #1071, .F. ) ;
#9843 = LINE ( 'NONE', #5010, #9202 ) ;
#9844 = AXIS2_PLACEMENT_3D ( 'NONE', #6394, #9517, #1582 ) ;
#9845 = EDGE_CURVE ( 'NONE', #10111, #9609, #1600, .T. ) ;
#9846 = CARTESIAN_POINT ( 'NONE',  ( -0.1032326095015462658, -2.981555974335137194E-16, -0.9557014456941497205 ) ) ;
#9847 = CARTESIAN_POINT ( 'NONE',  ( -2.148972967168876647, -2.981555974335137194E-16, -0.04501456663477732684 ) ) ;
#9848 = EDGE_CURVE ( 'NONE', #5701, #5577, #7095, .T. ) ;
#9849 = CARTESIAN_POINT ( 'NONE',  ( 0.3699492575029141861, 2.000000000000000000, -0.8872202499038382983 ) ) ;
#9850 = ORIENTED_EDGE ( 'NONE', *, *, #870, .T. ) ;
#9851 = PLANE ( 'NONE',  #7452 ) ;
#9852 = PLANE ( 'NONE',  #1442 ) ;
#9853 = ORIENTED_EDGE ( 'NONE', *, *, #4702, .F. ) ;
#9854 = ORIENTED_EDGE ( 'NONE', *, *, #6031, .T. ) ;
#9855 = ORIENTED_EDGE ( 'NONE', *, *, #2159, .T. ) ;
#9856 = VECTOR ( 'NONE', #3324, 1000.000000000000000 ) ;
#9857 = ADVANCED_FACE ( 'NONE', ( #1446 ), #7243, .F. ) ;
#9858 = ORIENTED_EDGE ( 'NONE', *, *, #7467, .F. ) ;
#9859 = FACE_OUTER_BOUND ( 'NONE', #404, .T. ) ;
#9860 = VERTEX_POINT ( 'NONE', #5634 ) ;
#9861 = PLANE ( 'NONE',  #1185 ) ;
#9862 = DIRECTION ( 'NONE',  ( 0.5509898714914999163, 0.000000000000000000, 0.8345119301207025719 ) ) ;
#9863 = VERTEX_POINT ( 'NONE', #4642 ) ;
#9864 = CARTESIAN_POINT ( 'NONE',  ( -0.9533299039201579284, -0.1456470276146848986, -0.1232246698432157977 ) ) ;
#9865 = VECTOR ( 'NONE', #620, 1000.000000000000000 ) ;
#9866 = ORIENTED_EDGE ( 'NONE', *, *, #7305, .F. ) ;
#9867 = ORIENTED_EDGE ( 'NONE', *, *, #9339, .T. ) ;
#9868 = LINE ( 'NONE', #2717, #4207 ) ;
#9869 = PLANE ( 'NONE',  #8142 ) ;
#9870 = DIRECTION ( 'NONE',  ( 0.000000000000000000, -1.000000000000000000, 0.000000000000000000 ) ) ;
#9871 = LINE ( 'NONE', #7322, #5405 ) ;
#9872 = VECTOR ( 'NONE', #8322, 1000.000000000000000 ) ;
#9873 = DIRECTION ( 'NONE',  ( 0.4472135954999585383, 0.000000000000000000, 0.8944271909999155223 ) ) ;
#9874 = EDGE_LOOP ( 'NONE', ( #7525, #10042, #9571, #10123 ) ) ;
#9875 = DIRECTION ( 'NONE',  ( 0.000000000000000000, 0.000000000000000000, -1.000000000000000000 ) ) ;
#9876 = VECTOR ( 'NONE', #7979, 1000.000000000000114 ) ;
#9877 = ADVANCED_FACE ( 'NONE', ( #4744 ), #8017, .F. ) ;
#9878 = VECTOR ( 'NONE', #8152, 1000.000000000000000 ) ;
#9879 = ORIENTED_EDGE ( 'NONE', *, *, #2698, .T. ) ;
#9880 = CARTESIAN_POINT ( 'NONE',  ( 0.4478004200876758434, -2.981555974335137194E-16, 0.8505862735406019004 ) ) ;
#9881 = CARTESIAN_POINT ( 'NONE',  ( -0.7912632493768316788, -0.1450903546745302697, -1.998502838381156721 ) ) ;
#9882 = ORIENTED_EDGE ( 'NONE', *, *, #3939, .T. ) ;
#9883 = AXIS2_PLACEMENT_3D ( 'NONE', #8155, #2423, #3360 ) ;
#9884 = CARTESIAN_POINT ( 'NONE',  ( 0.6705776782266664737, 2.000000000000000000, -0.6887291212301976939 ) ) ;
#9885 = CARTESIAN_POINT ( 'NONE',  ( 0.7760454256538761308, -2.981555974335137194E-16, -0.5672527851743708327 ) ) ;
#9886 = VECTOR ( 'NONE', #2732, 999.9999999999998863 ) ;
#9887 = CARTESIAN_POINT ( 'NONE',  ( -0.9605295310403395570, -2.981555974335137194E-16, 0.03748659714901506068 ) ) ;
#9888 = CARTESIAN_POINT ( 'NONE',  ( -0.6745345522507295577, -2.981555974335137194E-16, -0.6848542639031275359 ) ) ;
#9889 = LINE ( 'NONE', #3367, #4268 ) ;
#9890 = VECTOR ( 'NONE', #7773, 1000.000000000000114 ) ;
#9891 = EDGE_LOOP ( 'NONE', ( #3824, #2, #8956, #26 ) ) ;
#9892 = FACE_OUTER_BOUND ( 'NONE', #9283, .T. ) ;
#9893 = VERTEX_POINT ( 'NONE', #10265 ) ;
#9894 = EDGE_CURVE ( 'NONE', #7738, #2424, #3268, .T. ) ;
#9895 = DIRECTION ( 'NONE',  ( -0.9855115381924086648, 0.000000000000000000, 0.1696083962828272285 ) ) ;
#9896 = ORIENTED_EDGE ( 'NONE', *, *, #4840, .F. ) ;
#9897 = ORIENTED_EDGE ( 'NONE', *, *, #5582, .T. ) ;
#9898 = DIRECTION ( 'NONE',  ( 0.000000000000000000, 0.000000000000000000, -1.000000000000000000 ) ) ;
#9899 = CARTESIAN_POINT ( 'NONE',  ( -0.8436897371696940873, -0.1478946242935122724, 0.4606624060642665053 ) ) ;
#9900 = LINE ( 'NONE', #9946, #5235 ) ;
#9901 = CARTESIAN_POINT ( 'NONE',  ( -0.7068805642337405715, -2.981555974335137194E-16, 2.029884477683523425 ) ) ;
#9902 = ORIENTED_EDGE ( 'NONE', *, *, #7373, .F. ) ;
#9903 = CARTESIAN_POINT ( 'NONE',  ( 0.8927345626982096105, -2.981555974335137194E-16, -0.3564368464825480309 ) ) ;
#9904 = CARTESIAN_POINT ( 'NONE',  ( -0.9317457544248193280, -0.1496419838468801000, 0.2363727439399704866 ) ) ;
#9905 = ORIENTED_EDGE ( 'NONE', *, *, #5474, .F. ) ;
#9906 = ADVANCED_FACE ( 'NONE', ( #6311 ), #9489, .F. ) ;
#9907 = ORIENTED_EDGE ( 'NONE', *, *, #9026, .T. ) ;
#9908 = ORIENTED_EDGE ( 'NONE', *, *, #10036, .F. ) ;
#9909 = AXIS2_PLACEMENT_3D ( 'NONE', #2992, #2938, #598 ) ;
#9910 = LINE ( 'NONE', #4173, #5186 ) ;
#9911 = ADVANCED_FACE ( 'NONE', ( #3850 ), #2431, .F. ) ;
#9912 = EDGE_CURVE ( 'NONE', #6758, #5497, #817, .T. ) ;
#9913 = ORIENTED_EDGE ( 'NONE', *, *, #3597, .T. ) ;
#9914 = CARTESIAN_POINT ( 'NONE',  ( 1.335122602884941667, -0.1491166960093056604, 1.684505494231960387 ) ) ;
#9915 = CARTESIAN_POINT ( 'NONE',  ( -0.8021835618679581392, -2.981555974335137194E-16, 0.5296449358157053755 ) ) ;
#9916 = VERTEX_POINT ( 'NONE', #4011 ) ;
#9917 = DIRECTION ( 'NONE',  ( 0.000000000000000000, -1.000000000000000000, 0.000000000000000000 ) ) ;
#9918 = ORIENTED_EDGE ( 'NONE', *, *, #9969, .F. ) ;
#9919 = EDGE_LOOP ( 'NONE', ( #3271, #4420, #10186, #3981 ) ) ;
#9920 = VECTOR ( 'NONE', #2109, 999.9999999999998863 ) ;
#9921 = CARTESIAN_POINT ( 'NONE',  ( -17.49999999999997868, 4.200000000000000178, -1.999999999999998224 ) ) ;
#9922 = LINE ( 'NONE', #5970, #8807 ) ;
#9923 = CARTESIAN_POINT ( 'NONE',  ( 2.236053101125679898, 2.000000000000000000, -0.1877666250610456056 ) ) ;
#9924 = LINE ( 'NONE', #9337, #6724 ) ;
#9925 = VERTEX_POINT ( 'NONE', #4694 ) ;
#9926 = LINE ( 'NONE', #3769, #1383 ) ;
#9927 = ADVANCED_FACE ( 'NONE', ( #35 ), #3224, .F. ) ;
#9928 = ORIENTED_EDGE ( 'NONE', *, *, #1169, .F. ) ;
#9929 = CARTESIAN_POINT ( 'NONE',  ( -0.3324718211827631942, -2.981555974335137194E-16, -0.9019338740095103057 ) ) ;
#9930 = ORIENTED_EDGE ( 'NONE', *, *, #4809, .T. ) ;
#9931 = VECTOR ( 'NONE', #4180, 999.9999999999998863 ) ;
#9932 = DIRECTION ( 'NONE',  ( 0.5204888928356471434, 0.000000000000000000, 0.8538684397696886252 ) ) ;
#9933 = CARTESIAN_POINT ( 'NONE',  ( 1.404491242304748866, 2.000000000000000000, 1.627118764909674109 ) ) ;
#9934 = DIRECTION ( 'NONE',  ( 0.000000000000000000, 1.000000000000000000, 0.000000000000000000 ) ) ;
#9935 = LINE ( 'NONE', #1382, #7587 ) ;
#9936 = AXIS2_PLACEMENT_3D ( 'NONE', #935, #2649, #2018 ) ;
#9937 = EDGE_LOOP ( 'NONE', ( #3208, #3635, #7303, #1922 ) ) ;
#9938 = CARTESIAN_POINT ( 'NONE',  ( -0.6705776782266571479, 2.000000000000000000, -0.6887291212302067978 ) ) ;
#9939 = VERTEX_POINT ( 'NONE', #7035 ) ;
#9940 = DIRECTION ( 'NONE',  ( 0.000000000000000000, -1.000000000000000000, 0.000000000000000000 ) ) ;
#9941 = ORIENTED_EDGE ( 'NONE', *, *, #4388, .F. ) ;
#9942 = ORIENTED_EDGE ( 'NONE', *, *, #540, .T. ) ;
#9943 = FACE_OUTER_BOUND ( 'NONE', #752, .T. ) ;
#9944 = LINE ( 'NONE', #3157, #7568 ) ;
#9945 = EDGE_CURVE ( 'NONE', #5046, #5689, #10316, .T. ) ;
#9946 = CARTESIAN_POINT ( 'NONE',  ( -0.09772477418980740627, 2.000000000000000000, -0.9562803425125593337 ) ) ;
#9947 = DIRECTION ( 'NONE',  ( 0.04475363562197846867, 0.000000000000000000, 0.9989980541015157645 ) ) ;
#9948 = ORIENTED_EDGE ( 'NONE', *, *, #7069, .T. ) ;
#9949 = LINE ( 'NONE', #4276, #8611 ) ;
#9950 = ORIENTED_EDGE ( 'NONE', *, *, #9964, .T. ) ;
#9951 = AXIS2_PLACEMENT_3D ( 'NONE', #9539, #3852, #3011 ) ;
#9952 = ORIENTED_EDGE ( 'NONE', *, *, #5164, .F. ) ;
#9953 = VERTEX_POINT ( 'NONE', #2383 ) ;
#9954 = PLANE ( 'NONE',  #8002 ) ;
#9955 = VECTOR ( 'NONE', #8876, 1000.000000000000000 ) ;
#9956 = ORIENTED_EDGE ( 'NONE', *, *, #2128, .F. ) ;
#9957 = DIRECTION ( 'NONE',  ( 0.8195017574611052069, 0.000000000000000000, -0.5730766698428404471 ) ) ;
#9958 = PLANE ( 'NONE',  #5788 ) ;
#9959 = ORIENTED_EDGE ( 'NONE', *, *, #4967, .T. ) ;
#9960 = DIRECTION ( 'NONE',  ( 0.000000000000000000, -1.000000000000000000, 0.000000000000000000 ) ) ;
#9961 = EDGE_LOOP ( 'NONE', ( #6631, #6554, #5227, #7572 ) ) ;
#9962 = ORIENTED_EDGE ( 'NONE', *, *, #4702, .T. ) ;
#9963 = VECTOR ( 'NONE', #7045, 1000.000000000000114 ) ;
#9964 = EDGE_CURVE ( 'NONE', #8974, #3540, #7148, .T. ) ;
#9965 = ADVANCED_FACE ( 'NONE', ( #718 ), #3910, .F. ) ;
#9966 = EDGE_CURVE ( 'NONE', #6103, #9977, #2283, .T. ) ;
#9967 = DIRECTION ( 'NONE',  ( 0.7947849549988975637, 0.000000000000000000, 0.6068911560629305368 ) ) ;
#9968 = CARTESIAN_POINT ( 'NONE',  ( 1.698638506051864949, 2.000000000000000000, -1.466225426835342294 ) ) ;
#9969 = EDGE_CURVE ( 'NONE', #8198, #2710, #10066, .T. ) ;
#9970 = VECTOR ( 'NONE', #1634, 1000.000000000000114 ) ;
#9971 = VERTEX_POINT ( 'NONE', #2757 ) ;
#9972 = DIRECTION ( 'NONE',  ( -0.000000000000000000, -1.000000000000000000, -0.000000000000000000 ) ) ;
#9973 = DIRECTION ( 'NONE',  ( 0.5730766698428575445, 0.000000000000000000, -0.8195017574610932165 ) ) ;
#9974 = ORIENTED_EDGE ( 'NONE', *, *, #735, .T. ) ;
#9975 = ORIENTED_EDGE ( 'NONE', *, *, #9646, .F. ) ;
#9976 = DIRECTION ( 'NONE',  ( 0.9992393150264385904, 0.000000000000000000, -0.03899732433762558709 ) ) ;
#9977 = VERTEX_POINT ( 'NONE', #5233 ) ;
#9978 = CARTESIAN_POINT ( 'NONE',  ( 0.8021835618679616919, -0.1454656455588212438, -0.5296449358156998244 ) ) ;
#9979 = CARTESIAN_POINT ( 'NONE',  ( 1.039600561562668224, 2.000000000000000000, 1.988572465096299258 ) ) ;
#9980 = EDGE_CURVE ( 'NONE', #9304, #6009, #4392, .T. ) ;
#9981 = PLANE ( 'NONE',  #4512 ) ;
#9982 = CARTESIAN_POINT ( 'NONE',  ( 2.070264362223233956, 2.000000000000000000, -0.5780281959734717701 ) ) ;
#9983 = CARTESIAN_POINT ( 'NONE',  ( 0.2558339143048378173, -2.981555974335137194E-16, -0.9265911899310566024 ) ) ;
#9984 = ORIENTED_EDGE ( 'NONE', *, *, #10177, .T. ) ;
#9985 = CARTESIAN_POINT ( 'NONE',  ( 1.765014549298242530, -2.981555974335137194E-16, -1.226717068275094080 ) ) ;
#9986 = ORIENTED_EDGE ( 'NONE', *, *, #7132, .T. ) ;
#9987 = CARTESIAN_POINT ( 'NONE',  ( -0.9473335580173314341, 2.000000000000000000, -0.1630378938180029602 ) ) ;
#9988 = ORIENTED_EDGE ( 'NONE', *, *, #9081, .T. ) ;
#9989 = AXIS2_PLACEMENT_3D ( 'NONE', #700, #5521, #17 ) ;
#9990 = DIRECTION ( 'NONE',  ( -0.000000000000000000, 1.000000000000000000, 0.000000000000000000 ) ) ;
#9991 = CARTESIAN_POINT ( 'NONE',  ( -1.944875419031326880, -2.981555974335137194E-16, -0.9151889036038635128 ) ) ;
#9992 = PLANE ( 'NONE',  #594 ) ;
#9993 = VERTEX_POINT ( 'NONE', #416 ) ;
#9994 = PLANE ( 'NONE',  #2952 ) ;
#9995 = LINE ( 'NONE', #2746, #5466 ) ;
#9996 = ORIENTED_EDGE ( 'NONE', *, *, #307, .T. ) ;
#9997 = ORIENTED_EDGE ( 'NONE', *, *, #10291, .T. ) ;
#9998 = AXIS2_PLACEMENT_3D ( 'NONE', #3963, #2232, #9381 ) ;
#9999 = EDGE_CURVE ( 'NONE', #4178, #328, #3606, .T. ) ;
#10000 = VECTOR ( 'NONE', #794, 1000.000000000000000 ) ;
#10001 = EDGE_LOOP ( 'NONE', ( #1449, #10196, #7802, #1884 ) ) ;
#10002 = ORIENTED_EDGE ( 'NONE', *, *, #7870, .T. ) ;
#10003 = LINE ( 'NONE', #3806, #976 ) ;
#10004 = CARTESIAN_POINT ( 'NONE',  ( 0.9194294835318259640, 2.000000000000000000, -0.2804846694184667810 ) ) ;
#10005 = ORIENTED_EDGE ( 'NONE', *, *, #5284, .T. ) ;
#10006 = PLANE ( 'NONE',  #2452 ) ;
#10007 = LINE ( 'NONE', #5181, #4449 ) ;
#10008 = EDGE_LOOP ( 'NONE', ( #9279, #6368, #8927, #605 ) ) ;
#10009 = CARTESIAN_POINT ( 'NONE',  ( 1.039600561562708636, 2.000000000000000000, -1.988572465096277941 ) ) ;
#10010 = ORIENTED_EDGE ( 'NONE', *, *, #6979, .F. ) ;
#10011 = ORIENTED_EDGE ( 'NONE', *, *, #1994, .F. ) ;
#10012 = EDGE_CURVE ( 'NONE', #4452, #9893, #9236, .T. ) ;
#10013 = CARTESIAN_POINT ( 'NONE',  ( -2.148972967168876647, -0.1421340054777718021, 0.04501456663476231801 ) ) ;
#10014 = EDGE_CURVE ( 'NONE', #810, #3124, #2863, .T. ) ;
#10015 = DIRECTION ( 'NONE',  ( 0.2107285608221032003, 0.000000000000000000, 0.9775446146615739407 ) ) ;
#10016 = EDGE_LOOP ( 'NONE', ( #1829, #4541, #6038, #1345 ) ) ;
#10017 = AXIS2_PLACEMENT_3D ( 'NONE', #1001, #4933, #9565 ) ;
#10018 = DIRECTION ( 'NONE',  ( 0.8227898466237268948, 0.000000000000000000, 0.5683457295457615688 ) ) ;
#10019 = ADVANCED_FACE ( 'NONE', ( #5291 ), #8455, .F. ) ;
#10020 = DIRECTION ( 'NONE',  ( 0.8776908234681531917, 0.000000000000000000, 0.4792273139125055592 ) ) ;
#10021 = DIRECTION ( 'NONE',  ( 0.000000000000000000, -1.000000000000000000, 0.000000000000000000 ) ) ;
#10022 = EDGE_CURVE ( 'NONE', #2838, #446, #6688, .T. ) ;
#10023 = EDGE_LOOP ( 'NONE', ( #2422, #4158, #6246, #3392 ) ) ;
#10024 = CARTESIAN_POINT ( 'NONE',  ( 0.4830264792950696995, 2.000000000000000000, -0.8310882295317367774 ) ) ;
#10025 = ORIENTED_EDGE ( 'NONE', *, *, #8354, .T. ) ;
#10026 = EDGE_CURVE ( 'NONE', #1721, #7507, #7410, .T. ) ;
#10027 = DIRECTION ( 'NONE',  ( -0.8227898466237305586, 0.000000000000000000, -0.5683457295457561287 ) ) ;
#10028 = DIRECTION ( 'NONE',  ( -0.5901133345588652768, 0.000000000000000000, -0.8073204149380943662 ) ) ;
#10029 = VECTOR ( 'NONE', #7444, 1000.000000000000000 ) ;
#10030 = LINE ( 'NONE', #4622, #2162 ) ;
#10031 = CARTESIAN_POINT ( 'NONE',  ( 1.039600561562667780, -0.1447179299707544164, 1.988572465096298814 ) ) ;
#10032 = CARTESIAN_POINT ( 'NONE',  ( -2.173425891652585928, 2.000000000000000000, -0.5580409214697070741 ) ) ;
#10033 = AXIS2_PLACEMENT_3D ( 'NONE', #8583, #2419, #4045 ) ;
#10034 = ADVANCED_FACE ( 'NONE', ( #8928 ), #3393, .F. ) ;
#10035 = ORIENTED_EDGE ( 'NONE', *, *, #5673, .T. ) ;
#10036 = EDGE_CURVE ( 'NONE', #3774, #923, #4286, .T. ) ;
#10037 = AXIS2_PLACEMENT_3D ( 'NONE', #2684, #2062, #3736 ) ;
#10038 = ORIENTED_EDGE ( 'NONE', *, *, #915, .T. ) ;
#10039 = ADVANCED_FACE ( 'NONE', ( #9813 ), #9861, .F. ) ;
#10040 = CARTESIAN_POINT ( 'NONE',  ( -0.8947733005277460627, -2.981555974335137194E-16, -0.3512875825147687148 ) ) ;
#10041 = CARTESIAN_POINT ( 'NONE',  ( -0.6105945004202706361, -0.1442935096704870135, -0.7424261451638854981 ) ) ;
#10042 = ORIENTED_EDGE ( 'NONE', *, *, #337, .T. ) ;
#10043 = ORIENTED_EDGE ( 'NONE', *, *, #5606, .F. ) ;
#10044 = PLANE ( 'NONE',  #37 ) ;
#10045 = DIRECTION ( 'NONE',  ( 0.7412141892185474257, 0.000000000000000000, -0.6712685943056559967 ) ) ;
#10046 = CARTESIAN_POINT ( 'NONE',  ( 0.01736256296938772786, -0.1439148779360118480, -0.9611039310987760098 ) ) ;
#10047 = VECTOR ( 'NONE', #4377, 1000.000000000000000 ) ;
#10048 = AXIS2_PLACEMENT_3D ( 'NONE', #9710, #900, #4087 ) ;
#10049 = CARTESIAN_POINT ( 'NONE',  ( -0.3699492575029198482, -2.981555974335137194E-16, 0.8872202499038357448 ) ) ;
#10050 = LINE ( 'NONE', #4590, #10311 ) ;
#10051 = LINE ( 'NONE', #6046, #7576 ) ;
#10052 = ORIENTED_EDGE ( 'NONE', *, *, #4757, .F. ) ;
#10053 = DIRECTION ( 'NONE',  ( -0.000000000000000000, -1.000000000000000000, -0.000000000000000000 ) ) ;
#10054 = CARTESIAN_POINT ( 'NONE',  ( -0.3584601446948637582, 2.000000000000000000, -2.119343636482120541 ) ) ;
#10055 = ORIENTED_EDGE ( 'NONE', *, *, #3950, .T. ) ;
#10056 = ORIENTED_EDGE ( 'NONE', *, *, #6825, .T. ) ;
#10057 = EDGE_CURVE ( 'NONE', #3387, #3055, #8140, .T. ) ;
#10058 = VECTOR ( 'NONE', #7032, 1000.000000000000114 ) ;
#10059 = ORIENTED_EDGE ( 'NONE', *, *, #6529, .F. ) ;
#10060 = ORIENTED_EDGE ( 'NONE', *, *, #1467, .T. ) ;
#10061 = LINE ( 'NONE', #2913, #8205 ) ;
#10062 = DIRECTION ( 'NONE',  ( -0.9962476753287302644, 0.000000000000000000, 0.08654807566954357545 ) ) ;
#10063 = DIRECTION ( 'NONE',  ( 0.000000000000000000, 0.000000000000000000, -1.000000000000000000 ) ) ;
#10064 = ORIENTED_EDGE ( 'NONE', *, *, #4674, .F. ) ;
#10065 = FACE_OUTER_BOUND ( 'NONE', #5879, .T. ) ;
#10066 = LINE ( 'NONE', #1199, #8679 ) ;
#10067 = CARTESIAN_POINT ( 'NONE',  ( 0.8695550808796882469, -3.006278401112418225E-16, 2.068589794487274869 ) ) ;
#10068 = VERTEX_POINT ( 'NONE', #2604 ) ;
#10069 = VECTOR ( 'NONE', #1077, 1000.000000000000000 ) ;
#10070 = ORIENTED_EDGE ( 'NONE', *, *, #6801, .F. ) ;
#10071 = LINE ( 'NONE', #4921, #171 ) ;
#10072 = UNCERTAINTY_MEASURE_WITH_UNIT (LENGTH_MEASURE( 1.000000000000000082E-05 ), #6341, 'distance_accuracy_value', 'NONE');
#10073 = VECTOR ( 'NONE', #6937, 1000.000000000000000 ) ;
#10074 = EDGE_CURVE ( 'NONE', #8754, #3632, #1879, .T. ) ;
#10075 = EDGE_LOOP ( 'NONE', ( #6637, #1867, #2854, #6606 ) ) ;
#10076 = FACE_OUTER_BOUND ( 'NONE', #4422, .T. ) ;
#10077 = LINE ( 'NONE', #5409, #8292 ) ;
#10078 = ADVANCED_FACE ( 'NONE', ( #5811 ), #2707, .F. ) ;
#10079 = VERTEX_POINT ( 'NONE', #5082 ) ;
#10080 = PLANE ( 'NONE',  #1575 ) ;
#10081 = ORIENTED_EDGE ( 'NONE', *, *, #1806, .T. ) ;
#10082 = DIRECTION ( 'NONE',  ( -0.5557886347590663689, 0.000000000000000000, -0.8313236394285038466 ) ) ;
#10083 = DIRECTION ( 'NONE',  ( 0.2050930954896879599, 0.000000000000000000, -0.9787424697960427356 ) ) ;
#10084 = DIRECTION ( 'NONE',  ( 0.3458705892201355825, 0.000000000000000000, 0.9382822259387184616 ) ) ;
#10085 = VECTOR ( 'NONE', #9785, 1000.000000000000000 ) ;
#10086 = CARTESIAN_POINT ( 'NONE',  ( 1.202353991258297006, 2.000000000000000000, -1.894606728649993022 ) ) ;
#10087 = FACE_OUTER_BOUND ( 'NONE', #7477, .T. ) ;
#10088 = EDGE_CURVE ( 'NONE', #7360, #3449, #4126, .T. ) ;
#10089 = ORIENTED_EDGE ( 'NONE', *, *, #8355, .F. ) ;
#10090 = EDGE_LOOP ( 'NONE', ( #4628, #4601, #1886, #5817 ) ) ;
#10091 = VECTOR ( 'NONE', #6378, 1000.000000000000000 ) ;
#10092 = DIRECTION ( 'NONE',  ( 0.000000000000000000, -1.000000000000000000, 0.000000000000000000 ) ) ;
#10093 = CARTESIAN_POINT ( 'NONE',  ( 0.5789693251283173359, -0.1432581301189111422, 0.7673439551640760525 ) ) ;
#10094 = ORIENTED_EDGE ( 'NONE', *, *, #1307, .F. ) ;
#10095 = ORIENTED_EDGE ( 'NONE', *, *, #10176, .F. ) ;
#10096 = DIRECTION ( 'NONE',  ( 0.9924716301089060444, 0.000000000000000000, 0.1224747460865737714 ) ) ;
#10097 = DIRECTION ( 'NONE',  ( 0.9997162067481563108, 0.000000000000000000, 0.02382238369847871490 ) ) ;
#10098 = EDGE_CURVE ( 'NONE', #4448, #1824, #9700, .T. ) ;
#10099 = EDGE_CURVE ( 'NONE', #5304, #1721, #3673, .T. ) ;
#10100 = EDGE_CURVE ( 'NONE', #9863, #9230, #4515, .T. ) ;
#10101 = DIRECTION ( 'NONE',  ( -0.08654807566953651166, 0.000000000000000000, -0.9962476753287308195 ) ) ;
#10102 = VECTOR ( 'NONE', #1295, 1000.000000000000114 ) ;
#10103 = EDGE_CURVE ( 'NONE', #3759, #296, #435, .T. ) ;
#10104 = CARTESIAN_POINT ( 'NONE',  ( -2.148151099483879722, 2.000000000000000000, 0.6485650548146958405 ) ) ;
#10105 = DIRECTION ( 'NONE',  ( 0.4472135954999585938, 0.000000000000000000, -0.8944271909999155223 ) ) ;
#10106 = FACE_OUTER_BOUND ( 'NONE', #3153, .T. ) ;
#10107 = ORIENTED_EDGE ( 'NONE', *, *, #891, .T. ) ;
#10108 = CARTESIAN_POINT ( 'NONE',  ( 0.4830264792950696995, -0.1433794608872670517, -0.8310882295317367774 ) ) ;
#10109 = LINE ( 'NONE', #6263, #9665 ) ;
#10110 = EDGE_LOOP ( 'NONE', ( #1284, #10220, #1851, #7040 ) ) ;
#10111 = VERTEX_POINT ( 'NONE', #7792 ) ;
#10112 = ORIENTED_EDGE ( 'NONE', *, *, #3470, .T. ) ;
#10113 = LINE ( 'NONE', #6942, #9809 ) ;
#10114 = CARTESIAN_POINT ( 'NONE',  ( 0.7068805642337542272, -0.1456470276146848986, -2.029884477683518540 ) ) ;
#10115 = ADVANCED_FACE ( 'NONE', ( #1326 ), #9307, .F. ) ;
#10116 = DIRECTION ( 'NONE',  ( 0.000000000000000000, -1.000000000000000000, 0.000000000000000000 ) ) ;
#10117 = VERTEX_POINT ( 'NONE', #5364 ) ;
#10118 = CARTESIAN_POINT ( 'NONE',  ( -0.3376626519355386269, -2.981555974335137194E-16, 0.9000034213569669816 ) ) ;
#10119 = CARTESIAN_POINT ( 'NONE',  ( 0.9303684665555613797, -0.1458670832290543395, 0.2417369260279451093 ) ) ;
#10120 = VECTOR ( 'NONE', #5383, 1000.000000000000000 ) ;
#10121 = ORIENTED_EDGE ( 'NONE', *, *, #8589, .T. ) ;
#10122 = CARTESIAN_POINT ( 'NONE',  ( -0.9473335580173314341, -0.1459623876292463207, -0.1630378938180029602 ) ) ;
#10123 = ORIENTED_EDGE ( 'NONE', *, *, #1625, .T. ) ;
#10124 = DIRECTION ( 'NONE',  ( 0.4420530731320754803, 0.000000000000000000, 0.8969888965502793576 ) ) ;
#10125 = VECTOR ( 'NONE', #5196, 1000.000000000000114 ) ;
#10126 = ORIENTED_EDGE ( 'NONE', *, *, #7999, .F. ) ;
#10127 = LINE ( 'NONE', #4818, #5619 ) ;
#10128 = DIRECTION ( 'NONE',  ( -0.4472135954999585938, 0.000000000000000000, -0.8944271909999155223 ) ) ;
#10129 = VECTOR ( 'NONE', #2074, 1000.000000000000000 ) ;
#10130 = ORIENTED_EDGE ( 'NONE', *, *, #4365, .T. ) ;
#10131 = LINE ( 'NONE', #3152, #4247 ) ;
#10132 = EDGE_LOOP ( 'NONE', ( #3704, #8036, #7661, #8442 ) ) ;
#10133 = EDGE_CURVE ( 'NONE', #58, #9021, #7689, .T. ) ;
#10134 = LINE ( 'NONE', #6810, #8514 ) ;
#10135 = LINE ( 'NONE', #6185, #1977 ) ;
#10136 = DIRECTION ( 'NONE',  ( -0.6866441927842366066, 0.000000000000000000, 0.7269936399417014083 ) ) ;
#10137 = CARTESIAN_POINT ( 'NONE',  ( -0.9396752671476362728, 2.000000000000000000, -0.2025650939263846373 ) ) ;
#10138 = VECTOR ( 'NONE', #4294, 1000.000000000000114 ) ;
#10139 = FACE_OUTER_BOUND ( 'NONE', #6731, .T. ) ;
#10140 = LINE ( 'NONE', #7589, #9920 ) ;
#10141 = VERTEX_POINT ( 'NONE', #2155 ) ;
#10142 = ORIENTED_EDGE ( 'NONE', *, *, #6359, .T. ) ;
#10143 = VECTOR ( 'NONE', #8267, 1000.000000000000114 ) ;
#10144 = DIRECTION ( 'NONE',  ( 0.7269936399417061823, 0.000000000000000000, 0.6866441927842316106 ) ) ;
#10145 = EDGE_LOOP ( 'NONE', ( #2193, #1655, #7790, #3207 ) ) ;
#10146 = VERTEX_POINT ( 'NONE', #3042 ) ;
#10147 = CARTESIAN_POINT ( 'NONE',  ( 1.189484353158725805, -0.1473724245436886238, -1.790317876362320870 ) ) ;
#10148 = PRODUCT ( 'Servo Adapter', 'Servo Adapter', '', ( #3201 ) ) ;
#10149 = CARTESIAN_POINT ( 'NONE',  ( -0.8742577899074835956, 2.000000000000000000, 1.963615146004430434 ) ) ;
#10150 = FACE_OUTER_BOUND ( 'NONE', #8932, .T. ) ;
#10151 = LINE ( 'NONE', #2015, #6068 ) ;
#10152 = CARTESIAN_POINT ( 'NONE',  ( -0.7793006826606541093, -0.1439148779360118480, 0.5627723082837544633 ) ) ;
#10153 = CARTESIAN_POINT ( 'NONE',  ( -0.7516106207556795260, 2.000000000000000000, -0.5992526176276987693 ) ) ;
#10154 = ORIENTED_EDGE ( 'NONE', *, *, #4674, .T. ) ;
#10155 = DIRECTION ( 'NONE',  ( 0.9207430172529478263, 0.000000000000000000, 0.3901695736214420562 ) ) ;
#10156 = CARTESIAN_POINT ( 'NONE',  ( -0.9605295310403390019, -2.981555974335137194E-16, -0.03748659714902172896 ) ) ;
#10157 = ORIENTED_EDGE ( 'NONE', *, *, #4495, .T. ) ;
#10158 = ORIENTED_EDGE ( 'NONE', *, *, #3389, .T. ) ;
#10159 = EDGE_CURVE ( 'NONE', #6568, #6405, #8576, .T. ) ;
#10160 = EDGE_CURVE ( 'NONE', #8439, #5735, #688, .T. ) ;
#10161 = CARTESIAN_POINT ( 'NONE',  ( -0.7068805642337266937, -0.1456470276146848986, -2.029884477683528310 ) ) ;
#10162 = EDGE_CURVE ( 'NONE', #3449, #7984, #8420, .T. ) ;
#10163 = VECTOR ( 'NONE', #9094, 1000.000000000000000 ) ;
#10164 = ORIENTED_EDGE ( 'NONE', *, *, #1840, .F. ) ;
#10165 = CARTESIAN_POINT ( 'NONE',  ( 0.1431626797720720878, -0.1458349236714011621, -0.9505402001424588798 ) ) ;
#10166 = EDGE_CURVE ( 'NONE', #3180, #1210, #3776, .T. ) ;
#10167 = LINE ( 'NONE', #7823, #6323 ) ;
#10168 = CARTESIAN_POINT ( 'NONE',  ( -2.086346706177051757, -3.006278401112418225E-16, -0.8260430970383754179 ) ) ;
#10169 = LINE ( 'NONE', #1456, #2719 ) ;
#10170 = VECTOR ( 'NONE', #5482, 1000.000000000000114 ) ;
#10171 = ORIENTED_EDGE ( 'NONE', *, *, #1726, .T. ) ;
#10172 = DIRECTION ( 'NONE',  ( -0.000000000000000000, 1.000000000000000000, -0.000000000000000000 ) ) ;
#10173 = FACE_OUTER_BOUND ( 'NONE', #4504, .T. ) ;
#10174 = AXIS2_PLACEMENT_3D ( 'NONE', #7607, #511, #301 ) ;
#10175 = ORIENTED_EDGE ( 'NONE', *, *, #272, .F. ) ;
#10176 = EDGE_CURVE ( 'NONE', #10271, #2059, #6908, .T. ) ;
#10177 = EDGE_CURVE ( 'NONE', #4230, #99, #10134, .T. ) ;
#10178 = ORIENTED_EDGE ( 'NONE', *, *, #4224, .F. ) ;
#10179 = VECTOR ( 'NONE', #8515, 999.9999999999998863 ) ;
#10180 = VECTOR ( 'NONE', #2884, 1000.000000000000000 ) ;
#10181 = DIRECTION ( 'NONE',  ( -0.7551096174546215734, 0.000000000000000000, -0.6555985552360034108 ) ) ;
#10182 = ORIENTED_EDGE ( 'NONE', *, *, #5454, .F. ) ;
#10183 = CARTESIAN_POINT ( 'NONE',  ( 0.9303684665555662647, 2.000000000000000000, -0.2417369260279255971 ) ) ;
#10184 = LINE ( 'NONE', #286, #4050 ) ;
#10185 = DIRECTION ( 'NONE',  ( 0.3062760203559091177, 0.000000000000000000, 0.9519427500406454357 ) ) ;
#10186 = ORIENTED_EDGE ( 'NONE', *, *, #3338, .F. ) ;
#10187 = FACE_OUTER_BOUND ( 'NONE', #3682, .T. ) ;
#10188 = ORIENTED_EDGE ( 'NONE', *, *, #787, .T. ) ;
#10189 = CARTESIAN_POINT ( 'NONE',  ( 0.4478004200876758434, -0.1421340054777709416, 0.8505862735406019004 ) ) ;
#10190 = LINE ( 'NONE', #1327, #5168 ) ;
#10191 = FACE_OUTER_BOUND ( 'NONE', #3707, .T. ) ;
#10192 = CARTESIAN_POINT ( 'NONE',  ( -0.8410217014933173418, -0.1427855095417420173, -0.4655155449431011006 ) ) ;
#10193 = EDGE_CURVE ( 'NONE', #7186, #9698, #643, .T. ) ;
#10194 = DIRECTION ( 'NONE',  ( 0.4842760365308856896, 0.000000000000000000, 0.8749152647210679534 ) ) ;
#10195 = CARTESIAN_POINT ( 'NONE',  ( 0.1774015163344656310, -0.1487670180785271301, -0.9447491344100924504 ) ) ;
#10196 = ORIENTED_EDGE ( 'NONE', *, *, #2629, .T. ) ;
#10197 = EDGE_LOOP ( 'NONE', ( #5061, #2166, #3989, #3161 ) ) ;
#10198 = CARTESIAN_POINT ( 'NONE',  ( -0.1032326095015529965, -2.981555974335137194E-16, 0.9557014456941491654 ) ) ;
#10199 = CARTESIAN_POINT ( 'NONE',  ( -0.2345538076625758028, 2.000000000000000000, 2.231630410227369854 ) ) ;
#10200 = ORIENTED_EDGE ( 'NONE', *, *, #7923, .F. ) ;
#10201 = ORIENTED_EDGE ( 'NONE', *, *, #5710, .F. ) ;
#10202 = VECTOR ( 'NONE', #6720, 1000.000000000000000 ) ;
#10203 = DIRECTION ( 'NONE',  ( -0.9896890471220260999, 0.000000000000000000, 0.1432326429508861965 ) ) ;
#10204 = LINE ( 'NONE', #6877, #6298 ) ;
#10205 = DIRECTION ( 'NONE',  ( 0.1639277132441515628, 0.000000000000000000, -0.9864723538095445665 ) ) ;
#10206 = EDGE_CURVE ( 'NONE', #3488, #761, #1425, .T. ) ;
#10207 = VECTOR ( 'NONE', #3233, 1000.000000000000000 ) ;
#10208 = PLANE ( 'NONE',  #1566 ) ;
#10209 = CARTESIAN_POINT ( 'NONE',  ( 0.7026215908543839150, -0.1453987955827127088, 0.6560069550177355380 ) ) ;
#10210 = LINE ( 'NONE', #8016, #7424 ) ;
#10211 = CARTESIAN_POINT ( 'NONE',  ( -0.6105945004202858462, 2.000000000000000000, 0.7424261451638731746 ) ) ;
#10212 = EDGE_CURVE ( 'NONE', #9603, #1214, #2934, .T. ) ;
#10213 = ORIENTED_EDGE ( 'NONE', *, *, #6019, .F. ) ;
#10214 = LINE ( 'NONE', #8547, #1789 ) ;
#10215 = CARTESIAN_POINT ( 'NONE',  ( 1.861473433499381880, -2.981555974335137194E-16, -1.074722187920182037 ) ) ;
#10216 = ORIENTED_EDGE ( 'NONE', *, *, #891, .F. ) ;
#10217 = ORIENTED_EDGE ( 'NONE', *, *, #6979, .T. ) ;
#10218 = ADVANCED_FACE ( 'NONE', ( #2988 ), #7742, .F. ) ;
#10219 = AXIS2_PLACEMENT_3D ( 'NONE', #1986, #2820, #2723 ) ;
#10220 = ORIENTED_EDGE ( 'NONE', *, *, #9600, .T. ) ;
#10221 = CARTESIAN_POINT ( 'NONE',  ( -1.189484353158713814, 2.000000000000000000, 1.790317876362329530 ) ) ;
#10222 = VECTOR ( 'NONE', #2398, 1000.000000000000227 ) ;
#10223 = VECTOR ( 'NONE', #5150, 1000.000000000000000 ) ;
#10224 = CARTESIAN_POINT ( 'NONE',  ( -1.944875419031333541, 2.000000000000000000, 0.9151889036038498570 ) ) ;
#10225 = CARTESIAN_POINT ( 'NONE',  ( 0.7912632493768166908, -0.1450903546745302697, 1.998502838381162272 ) ) ;
#10226 = VECTOR ( 'NONE', #4313, 1000.000000000000227 ) ;
#10227 = DIRECTION ( 'NONE',  ( 0.000000000000000000, -1.000000000000000000, 0.000000000000000000 ) ) ;
#10228 = ORIENTED_EDGE ( 'NONE', *, *, #2818, .T. ) ;
#10229 = PLANE ( 'NONE',  #4637 ) ;
#10230 = PLANE ( 'NONE',  #5949 ) ;
#10231 = EDGE_CURVE ( 'NONE', #4866, #5544, #8365, .T. ) ;
#10232 = VECTOR ( 'NONE', #7552, 1000.000000000000000 ) ;
#10233 = ORIENTED_EDGE ( 'NONE', *, *, #7955, .F. ) ;
#10234 = ORIENTED_EDGE ( 'NONE', *, *, #1812, .T. ) ;
#10235 = CARTESIAN_POINT ( 'NONE',  ( -1.404491242304771292, -0.1496419838468801000, 1.627118764909655679 ) ) ;
#10236 = ADVANCED_FACE ( 'NONE', ( #2206 ), #3828, .F. ) ;
#10237 = EDGE_CURVE ( 'NONE', #5607, #6405, #1218, .T. ) ;
#10238 = VECTOR ( 'NONE', #9309, 1000.000000000000114 ) ;
#10239 = ORIENTED_EDGE ( 'NONE', *, *, #537, .T. ) ;
#10240 = VECTOR ( 'NONE', #4875, 1000.000000000000000 ) ;
#10241 = CARTESIAN_POINT ( 'NONE',  ( -2.137669494649467872, -2.981555974335137194E-16, -0.2246781174859052432 ) ) ;
#10242 = LINE ( 'NONE', #3941, #3463 ) ;
#10243 = VECTOR ( 'NONE', #9528, 1000.000000000000227 ) ;
#10244 = ORIENTED_EDGE ( 'NONE', *, *, #4629, .T. ) ;
#10245 = CARTESIAN_POINT ( 'NONE',  ( -0.7516106207556795260, -0.1458670832290543395, -0.5992526176276987693 ) ) ;
#10246 = EDGE_LOOP ( 'NONE', ( #4315, #8240, #6179, #7610 ) ) ;
#10247 = VECTOR ( 'NONE', #1292, 1000.000000000000000 ) ;
#10248 = FACE_OUTER_BOUND ( 'NONE', #10023, .T. ) ;
#10249 = CARTESIAN_POINT ( 'NONE',  ( -0.6988304498647912588, -0.1459623876292454603, -0.6600441101230736241 ) ) ;
#10250 = CARTESIAN_POINT ( 'NONE',  ( 1.698638506051864727, -0.1498172852299859137, -1.466225426835341628 ) ) ;
#10251 = ADVANCED_FACE ( 'NONE', ( #7128 ), #3994, .F. ) ;
#10252 = CARTESIAN_POINT ( 'NONE',  ( 0.4117887667798771911, -0.1421340054777709416, -0.8685921001945012820 ) ) ;
#10253 = VERTEX_POINT ( 'NONE', #2415 ) ;
#10254 = ORIENTED_EDGE ( 'NONE', *, *, #851, .F. ) ;
#10255 = CARTESIAN_POINT ( 'NONE',  ( -0.2944111163136047260, -0.1499926892710059800, 0.9150651996209688832 ) ) ;
#10256 = ORIENTED_EDGE ( 'NONE', *, *, #406, .T. ) ;
#10257 = EDGE_LOOP ( 'NONE', ( #6288, #8032, #8588, #5572 ) ) ;
#10258 = CARTESIAN_POINT ( 'NONE',  ( -0.1376839174503886598, -2.981555974335137194E-16, -0.9513492333743172047 ) ) ;
#10259 = LINE ( 'NONE', #763, #10285 ) ;
#10260 = VECTOR ( 'NONE', #5156, 1000.000000000000000 ) ;
#10261 = LINE ( 'NONE', #7239, #9657 ) ;
#10262 = CARTESIAN_POINT ( 'NONE',  ( -1.202353991258283905, 2.000000000000000000, 1.894606728650003680 ) ) ;
#10263 = DIRECTION ( 'NONE',  ( -0.8848652934418712590, 0.000000000000000000, -0.4658469839572123017 ) ) ;
#10264 = CARTESIAN_POINT ( 'NONE',  ( 1.535719282928361018, 2.000000000000000000, -1.503887432248145917 ) ) ;
#10265 = CARTESIAN_POINT ( 'NONE',  ( 0.5345450792948956975, 2.000000000000000000, -2.081915628221646664 ) ) ;
#10266 = ORIENTED_EDGE ( 'NONE', *, *, #6858, .T. ) ;
#10267 = CARTESIAN_POINT ( 'NONE',  ( 0.1408970818120316160, -0.1439142420261020350, 2.239494985231589741 ) ) ;
#10268 = DIRECTION ( 'NONE',  ( 0.6555985552359983037, 0.000000000000000000, -0.7551096174546261253 ) ) ;
#10269 = VERTEX_POINT ( 'NONE', #8784 ) ;
#10270 = ORIENTED_EDGE ( 'NONE', *, *, #3911, .T. ) ;
#10271 = VERTEX_POINT ( 'NONE', #901 ) ;
#10272 = ORIENTED_EDGE ( 'NONE', *, *, #2103, .T. ) ;
#10273 = LINE ( 'NONE', #3276, #3044 ) ;
#10274 = EDGE_CURVE ( 'NONE', #6006, #7100, #697, .T. ) ;
#10275 = VECTOR ( 'NONE', #1926, 1000.000000000000227 ) ;
#10276 = CARTESIAN_POINT ( 'NONE',  ( -0.9068775087697308335, -0.1448052212307962827, 0.3187403473895231709 ) ) ;
#10277 = CARTESIAN_POINT ( 'NONE',  ( 1.656175356194980353, -2.981555974335137194E-16, -1.370107409791054165 ) ) ;
#10278 = DIRECTION ( 'NONE',  ( -0.5204888928356530275, 0.000000000000000000, -0.8538684397696848505 ) ) ;
#10279 = ORIENTED_EDGE ( 'NONE', *, *, #7427, .T. ) ;
#10280 = CARTESIAN_POINT ( 'NONE',  ( 1.404491242304782173, -2.981555974335137194E-16, -1.627118764909645687 ) ) ;
#10281 = DIRECTION ( 'NONE',  ( 0.8568529824403350315, 0.000000000000000000, -0.5155608271417670974 ) ) ;
#10282 = VERTEX_POINT ( 'NONE', #1633 ) ;
#10283 = ORIENTED_EDGE ( 'NONE', *, *, #2259, .T. ) ;
#10284 = CARTESIAN_POINT ( 'NONE',  ( -1.966364586821998994, 2.000000000000000000, -1.081018079512519936 ) ) ;
#10285 = VECTOR ( 'NONE', #2901, 1000.000000000000000 ) ;
#10286 = ORIENTED_EDGE ( 'NONE', *, *, #2818, .F. ) ;
#10287 = DIRECTION ( 'NONE',  ( 0.9997162067481566439, 0.000000000000000000, -0.02382238369846467058 ) ) ;
#10288 = CARTESIAN_POINT ( 'NONE',  ( 0.8021835618679616919, -2.981555974335137194E-16, -0.5296449358156998244 ) ) ;
#10289 = CARTESIAN_POINT ( 'NONE',  ( -0.7516106207556921825, -0.1458670832290543395, 0.5992526176276831151 ) ) ;
#10290 = ORIENTED_EDGE ( 'NONE', *, *, #7580, .T. ) ;
#10291 = EDGE_CURVE ( 'NONE', #8877, #4869, #4825, .T. ) ;
#10292 = EDGE_CURVE ( 'NONE', #7287, #4094, #8831, .T. ) ;
#10293 = CARTESIAN_POINT ( 'NONE',  ( -2.111371806538505869, -0.1456920279732068779, -0.4027657127738746845 ) ) ;
#10294 = VERTEX_POINT ( 'NONE', #4725 ) ;
#10295 = ADVANCED_FACE ( 'NONE', ( #3887 ), #5467, .F. ) ;
#10296 = AXIS2_PLACEMENT_3D ( 'NONE', #8081, #934, #4117 ) ;
#10297 = DIRECTION ( 'NONE',  ( -0.8568529824403313677, 0.000000000000000000, 0.5155608271417730926 ) ) ;
#10298 = DIRECTION ( 'NONE',  ( -0.1902101947914393021, 0.000000000000000000, 0.9817433889756542742 ) ) ;
#10299 = EDGE_CURVE ( 'NONE', #4758, #2284, #7902, .T. ) ;
#10300 = LINE ( 'NONE', #847, #3921 ) ;
#10301 = DIRECTION ( 'NONE',  ( -0.000000000000000000, -1.000000000000000000, -0.000000000000000000 ) ) ;
#10302 = FACE_OUTER_BOUND ( 'NONE', #7080, .T. ) ;
#10303 = VECTOR ( 'NONE', #1525, 1000.000000000000000 ) ;
#10304 = ORIENTED_EDGE ( 'NONE', *, *, #4813, .T. ) ;
#10305 = ORIENTED_EDGE ( 'NONE', *, *, #7130, .F. ) ;
#10306 = CARTESIAN_POINT ( 'NONE',  ( -0.4782302799132002735, 2.000000000000000000, 0.8338573165359459693 ) ) ;
#10307 = ORIENTED_EDGE ( 'NONE', *, *, #9404, .F. ) ;
#10308 = ADVANCED_FACE ( 'NONE', ( #1476 ), #6494, .F. ) ;
#10309 = DIRECTION ( 'NONE',  ( 0.9519427500406453246, 0.000000000000000000, -0.3062760203559090622 ) ) ;
#10310 = CARTESIAN_POINT ( 'NONE',  ( -0.8927345626982045035, -2.981555974335137194E-16, -0.3564368464825604099 ) ) ;
#10311 = VECTOR ( 'NONE', #5029, 1000.000000000000000 ) ;
#10312 = PLANE ( 'NONE',  #8004 ) ;
#10313 = CARTESIAN_POINT ( 'NONE',  ( 0.9576537852278312890, 2.000000000000000000, -0.08319526792548603833 ) ) ;
#10314 = LINE ( 'NONE', #2230, #3988 ) ;
#10315 = FACE_OUTER_BOUND ( 'NONE', #4615, .T. ) ;
#10316 = LINE ( 'NONE', #9583, #170 ) ;
#10317 = VERTEX_POINT ( 'NONE', #3946 ) ;
#10318 = PLANE ( 'NONE',  #9951 ) ;
#10319 = ORIENTED_EDGE ( 'NONE', *, *, #4365, .F. ) ;
#10320 = EDGE_LOOP ( 'NONE', ( #539, #750, #5088, #7727 ) ) ;
#10321 = ORIENTED_EDGE ( 'NONE', *, *, #1307, .T. ) ;
#10322 = FACE_BOUND ( 'NONE', #1978, .T. ) ;
#10323 = DIRECTION ( 'NONE',  ( 0.1224747460865737853, 0.000000000000000000, -0.9924716301089060444 ) ) ;
#10324 = LINE ( 'NONE', #3325, #4732 ) ;
#10325 = EDGE_LOOP ( 'NONE', ( #9509, #5437, #8958, #3398 ) ) ;
#10326 = FACE_OUTER_BOUND ( 'NONE', #5289, .T. ) ;
#10327 = EDGE_CURVE ( 'NONE', #290, #7287, #7951, .T. ) ;
#10328 = DIRECTION ( 'NONE',  ( 0.5382568124111127839, 0.000000000000000000, -0.8427808753721385271 ) ) ;
#10329 = VERTEX_POINT ( 'NONE', #9658 ) ;
ENDSEC;
END-ISO-10303-21;
